167782	Abiyuch, raw	69	1.5	17.6	8.55	0.1	5.3	cup=228
171687	Acerola juice, raw	23	0.4	4.8	4.5	0.3	0.3	cup=242|fl oz=30.2
171686	Acerola, (west indian cherry), raw	32	0.4	7.69		0.3	1.1	cup=98|fruit without refuse=4.8
168061	Acorn stew (Apache)	95	6.81	9.22	0.34	3.47	0.7	
168992	Agave, cooked (Southwest)	135	0.99	32	20.87	0.29	10.6	
168993	Agave, dried (Southwest)	341	1.71	81.98	50.7	0.69	15.6	
169814	Agave, raw (Southwest)	68	0.52	16.23	2.58	0.15	6.6	
169823	Agutuk, fish with shortening (Alaskan ice cream) (Alaska Native)	470	9	10.5		43.5		
168976	Agutuk, fish/berry with seal oil (Alaskan ice cream) (Alaska Native)	353	3.4	13.4		31.8	0.5	
168977	Agutuk, meat-caribou (Alaskan ice cream) (Alaska Native)	258	21.7	0.9		18.6		
168749	Alcoholic beverage, beer, light	29	0.24	1.64	0.09	0	0	fl oz=29.5|can or bottle (12 fl oz)=354
169572	Alcoholic beverage, beer, light, BUD LIGHT	29	0.25	1.3		0	0	fl oz=29.5|fl oz=29.5
168748	Alcoholic beverage, beer, light, BUDWEISER SELECT	28	0.2	0.87		0	0	fl oz=29.5|fl oz=29.6
174145	Alcoholic beverage, beer, light, higher alcohol	46	0.25	0.77	0.09	0	0	fl oz=29.7
169575	Alcoholic beverage, beer, light, low carb	27	0.17	0.73	0	0	0	fl oz=29.5|fl oz=29.5
168746	Alcoholic beverage, beer, regular, all	43	0.46	3.55	0	0	0	fl oz=29.7|can=356
168747	Alcoholic beverage, beer, regular, BUDWEISER	41	0.36	2.97		0	0	fl oz=29.8|fl oz=29.8
173168	Alcoholic beverage, creme de menthe, 72 proof	371	0	41.6	41.6	0.3	0	fl oz=33.6|jigger 1.5 fl oz=50
169573	Alcoholic beverage, daiquiri, canned	125	0	15.7		0	0	fl oz=30.5|can (6.8 fl oz, 200 ml)=207
169574	Alcoholic beverage, daiquiri, prepared-from-recipe	186	0.06	6.94	5.58	0.06	0.1	fl oz=30.2|cocktail (2 fl oz)=60
173664	Alcoholic beverage, distilled, all (gin, rum, vodka, whiskey) 100 proof	295	0	0		0	0	fl oz=27.8|fl oz=28
174815	Alcoholic beverage, distilled, all (gin, rum, vodka, whiskey) 80 proof	231	0	0	0	0	0	fl oz=27.8|jigger (1.5 fl oz)=42
171919	Alcoholic beverage, distilled, all (gin, rum, vodka, whiskey) 86 proof	250	0	0.1	0	0	0	fl oz=27.8|Jigger 1.5 fl oz=42
171920	Alcoholic beverage, distilled, all (gin, rum, vodka, whiskey) 90 proof	263	0	0	0	0	0	fl oz=27.8|fl oz=28
173663	Alcoholic beverage, distilled, all (gin, rum, vodka, whiskey) 94 proof	275	0	0		0	0	fl oz=27.8|fl oz=28
174817	Alcoholic beverage, distilled, rum, 80 proof	231	0	0	0	0	0	fl oz=27.8|fl oz=28
174818	Alcoholic beverage, distilled, vodka, 80 proof	231	0	0	0	0	0	fl oz=27.8|fl oz=28
174819	Alcoholic beverage, distilled, whiskey, 86 proof	250	0	0.1	0.1	0	0	fl oz=27.8|jigger (1.5 fl oz)=42
175098	Alcoholic beverage, liqueur, coffee with cream, 34 proof	327	2.8	20.9	19.76	15.7	0	fl oz=31.1|fl oz=31.3
175097	Alcoholic beverage, liqueur, coffee, 53 proof	336	0.1	46.8	38.3	0.3	0	fl oz=34.8|serving 1.5 fl oz=52
173665	Alcoholic beverage, liqueur, coffee, 63 proof	308	0.1	32.2	32.2	0.3	0	fl oz=34.8|fl oz=34.7
174141	Alcoholic beverage, malt beer, hard lemonade	68	0	10.07	9.77	0	0	fl oz=29.9
168750	Alcoholic beverage, pina colada, canned	237	0.6	27.6		7.6	0.1	fl oz=32.6|can (6.8 fl oz, 200 ml)=222
168752	Alcoholic beverage, pina colada, prepared-from-recipe	174	0.42	22.66	22.33	1.88	0.3	fl oz=31.4|cocktail (4.5 fl oz)=141
167723	Alcoholic beverage, rice (sake)	134	0.5	5	0	0	0	fl oz=29.1
168753	Alcoholic beverage, tequila sunrise, canned	110	0.3	11.3		0.1	0	fl oz=31.1|can (6.8 fl oz, 200 ml)=211
173662	Alcoholic beverage, whiskey sour	149	0	13.17		0.03	0	fl oz=30.4|portion (2 oz mix + 1.5 oz whiskey)=106|fl oz=32.5
174810	Alcoholic beverage, whiskey sour, canned	119	0	13.4		0	0.1	fl oz=30.8|can (6.8 fl oz, 200 ml)=209
174812	Alcoholic beverage, whiskey sour, prepared from item 14028	153	0.06	12.82	12.78	0.06	0	fl oz=30.4|portion (2 oz mix + 1.5 oz whiskey)=106
173164	Alcoholic beverage, whiskey sour, prepared with water, whiskey and powder mix	164	0.1	15.85	15.81	0.02	0	fl oz=29.4|packet prepared=103
169070	Alcoholic beverage, wine, cooking	50	0.5	6.3	1.55	0	0	tsp=4.9|fl oz=29
175112	Alcoholic beverage, wine, dessert, dry	152	0.2	11.67	1.09	0	0	fl oz=29.5|glass (3.5 fl oz)=103
173176	Alcoholic beverage, wine, dessert, sweet	160	0.2	13.69	7.78	0	0	fl oz=29.5|glass (3.5 fl oz)=103
169071	Alcoholic beverage, wine, light	49	0.07	1.17	1.15	0	0	fl oz=29.5|serving 5 fl oz=148
173185	Alcoholic beverage, wine, table, all	83	0.07	2.72	0.79	0	0	serving (5 fl oz)=148|fl oz=29.5
173190	Alcoholic beverage, wine, table, red	85	0.07	2.61	0.62	0	0	fl oz=29.4|serving (5 fl oz)=147
173191	Alcoholic Beverage, wine, table, red, Barbera	85	0.07	2.79		0		fl oz=29.4|serving (5 fl oz)=147
173208	Alcoholic Beverage, wine, table, red, Burgundy	86	0.07	3.69		0		fl oz=29.5|serving 5 fl oz=148
174834	Alcoholic Beverage, wine, table, red, Cabernet Franc	83	0.07	2.45		0		fl oz=29.4|serving (5 fl oz)=147
174833	Alcoholic Beverage, wine, table, red, Cabernet Sauvignon	83	0.07	2.6		0		fl oz=29.4|serving (5 fl oz)=147
174840	Alcoholic Beverage, wine, table, red, Carignane	74	0.07	2.4		0		fl oz=29.4|serving (5 fl oz)=147
173194	Alcoholic Beverage, wine, table, red, Claret	83	0.07	3.01		0		fl oz=29.4|serving (5 fl oz)=147
171872	Alcoholic Beverage, wine, table, red, Gamay	78	0.07	2.38		0		fl oz=29.4|serving 5 fl oz=147
174838	Alcoholic Beverage, wine, table, red, Lemberger	80	0.07	2.46		0		fl oz=29.4|serving (5 fl oz)=147
171925	Alcoholic Beverage, wine, table, red, Merlot	83	0.07	2.51	0.62	0	0	fl oz=29.4|serving 5 fl oz=147
174109	Alcoholic Beverage, wine, table, red, Mouvedre	88	0.07	2.64		0		fl oz=29.4|serving 5 fl oz=147
173193	Alcoholic Beverage, wine, table, red, Petite Sirah	85	0.07	2.68		0		fl oz=29.5|serving (5 fl oz)=147
174835	Alcoholic Beverage, wine, table, red, Pinot Noir	82	0.07	2.31		0		fl oz=29.4|serving (5 fl oz)=147
174839	Alcoholic Beverage, wine, table, red, Sangiovese	86	0.07	2.62		0		fl oz=29.4|serving (5 fl oz)=147
174836	Alcoholic Beverage, wine, table, red, Syrah	83	0.07	2.58		0		fl oz=29.4|serving (5 fl oz)=147
173192	Alcoholic Beverage, wine, table, red, Zinfandel	88	0.07	2.86		0		fl oz=29.4|serving (5 fl oz)=147
174837	Alcoholic beverage, wine, table, white	82	0.07	2.6	0.96	0	0	fl oz=29.4|serving (5 fl oz)=147
174110	Alcoholic beverage, wine, table, white, Chardonnay	84	0.07	2.16	0.96	0	0	fl oz=29.3|serving 5 fl oz=147
173195	Alcoholic beverage, wine, table, white, Chenin Blanc	80	0.07	3.31		0		fl oz=29.5|serving (5 fl oz)=148
173196	Alcoholic beverage, wine, table, white, Fume Blanc	82	0.07	2.27		0		fl oz=29.3|serving (5 fl oz)=147
174843	Alcoholic beverage, wine, table, white, Gewurztraminer	81	0.07	2.6		0		fl oz=29.5|serving (5 fl oz)=147
173202	Alcoholic beverage, wine, table, white, late harvest	112	0.07	13.39		0		fl oz=30.8|serving (5 fl oz)=154
174844	Alcoholic beverage, wine, table, white, late harvest, Gewurztraminer	108	0.07	11.39		0		fl oz=30.5|serving (5 fl oz)=152
173198	Alcoholic beverage, wine, table, white, Muller Thurgau	76	0.07	3.48		0		fl oz=29.5|serving (5 fl oz)=148
174849	Alcoholic beverage, wine, table, white, Muscat	82	0.07	5.23		0		fl oz=30|serving (5 fl oz)=150
174848	Alcoholic beverage, wine, table, white, Pinot Blanc	81	0.07	1.94		0		fl oz=29.3|serving (5 fl oz)=147
174841	Alcoholic beverage, wine, table, white, Pinot Gris (Grigio)	83	0.07	2.06		0		fl oz=29.3|serving (5 fl oz)=147
173200	Alcoholic beverage, wine, table, white, Riesling	80	0.07	3.74		0		fl oz=29.6|serving (5 fl oz)=148
173201	Alcoholic beverage, wine, table, white, Sauvignon Blanc	81	0.07	2.05		0		fl oz=29.3|serving (5 fl oz)=147
174845	Alcoholic beverage, wine, table, white, Semillon	82	0.07	3.12		0		fl oz=29.5|serving (5 fl oz)=147
171906	Alcoholic beverages, beer, higher alcohol	58	0.9	0.27	0	0	0	fl oz=30.6|bottle=355
171908	Alcoholic beverages, wine, rose	83	0.36	3.8	3.8	0	0	fl oz=30.3
168384	Alfalfa seeds, sprouted, raw	23	3.99	2.1	0.2	0.69	1.9	cup=33|tbsp=3
170683	Amaranth grain, cooked	102	3.8	18.69		1.58	2.1	cup=246
170682	Amaranth grain, uncooked	371	13.56	65.25	1.69	7.02	6.7	cup=193
168492	Amaranth leaves, cooked, boiled, drained, with salt	21	2.11	4.11		0.18		cup=132
169202	Amaranth leaves, cooked, boiled, drained, without salt	21	2.11	4.11		0.18		cup=132
168385	Amaranth leaves, raw	23	2.46	4.02		0.33		cup=28|leaf=14
167590	Andrea's, Gluten Free Soft Dinner Roll	257	5.65	40.24	2.98	8.2	2.9	roll=69
172345	Animal fat, bacon grease	897	0	0	0	99.5	0	tsp=4.3
167771	Apple juice, canned or bottled, unsweetened, with added ascorbic acid	46	0.1	11.3	9.62	0.13	0.2	cup=248|fl oz=31
167800	Apple juice, canned or bottled, unsweetened, with added ascorbic acid, calcium, and potassium	48	0.12	11.49	9.47	0.17	0.3	fl oz=29.5|fl oz=29.5
173933	Apple juice, canned or bottled, unsweetened, without added ascorbic acid	46	0.1	11.3	9.62	0.13	0.2	cup=248|fl oz=31|drink box (8.45 fl oz)=262
173935	Apple juice, frozen concentrate, unsweetened, diluted with 3 volume water without added ascorbic acid	47	0.14	11.54	10.93	0.1	0.1	cup=239|fl oz=29.9
167775	Apple juice, frozen concentrate, unsweetened, diluted with 3 volume water, with added ascorbic acid	47	0.14	11.54		0.1	0.1	cup=239|fl oz=29.9
168188	Apple juice, frozen concentrate, unsweetened, undiluted, with added ascorbic acid	166	0.51	41	38.83	0.37		can (6 fl oz)=211
173934	Apple juice, frozen concentrate, unsweetened, undiluted, without added ascorbic acid	166	0.51	41	38.83	0.37	0.4	can (6 fl oz)=211
169831	APPLEBEE'S, 9 oz house sirloin steak	189	26.85	0	0	9.08		serving=157
169841	APPLEBEE'S, chicken tenders platter	297	19.62	17.98	0.36	16.24	1	serving=209
169012	APPLEBEE'S, chicken tenders, from kids' menu	296	19.25	18.36	0.39	16.15	1.2	piece=35|serving (3 pieces)=99
169018	APPLEBEE'S, chili	157	12.56	4.57	2.27	9.79	1.4	cup=136|serving=182
169020	APPLEBEE'S, coleslaw	120	0.79	13.17	9.33	7.09	2.8	serving=76
169840	APPLEBEE'S, crunchy onion rings	356	4.58	40.17	4.48	19.61	3.1	serving=350
169008	APPLEBEE'S, Double Crunch Shrimp	323	12.31	25.96	1.07	18.9	2.6	serving=206
169017	APPLEBEE'S, fish, hand battered	202	13.23	16.65	0.51	9.14	0.9	serving=250
169009	APPLEBEE'S, french fries	290	3.31	39.5	0	13.17	3.9	serving=164
169010	APPLEBEE'S, KRAFT, Macaroni & Cheese, from kid's menu	143	5.01	21.08	3.7	4.34	1.3	cup=124|serving=180
169011	APPLEBEE'S, mozzarella sticks	316	14.87	22.87	2.8	18.37	2.1	piece=32|serving=289
173930	Apples, canned, sweetened, sliced, drained, heated	67	0.18	16.84	14.84	0.43	2	cup slices=204
171690	Apples, dehydrated (low moisture), sulfured, stewed	74	0.28	19.91		0.12	2.6	cup=193
173931	Apples, dehydrated (low moisture), sulfured, uncooked	346	1.32	93.53	81.13	0.58	12.4	cup=60
171693	Apples, dried, sulfured, stewed, with added sugar	83	0.2	20.73		0.07	1.9	cup=280
171692	Apples, dried, sulfured, stewed, without added sugar	57	0.22	15.32	13.32	0.07	2	cup=255
171691	Apples, dried, sulfured, uncooked	243	0.93	65.89	57.19	0.32	8.7	cup=86|ring=6.4
173932	Apples, frozen, unsweetened, heated (Includes foods for USDA's Food Distribution Program)	47	0.29	12		0.33	1.3	cup slices=206
171694	Apples, frozen, unsweetened, unheated (Includes foods for USDA's Food Distribution Program)	48	0.28	12.31	10.1	0.32	1.3	cup slices=173
167793	Apples, raw, fuji, with skin (Includes foods for USDA's Food Distribution Program)	63	0.2	15.22	11.68	0.18	2.1	cup, sliced=109|large=236|medium=192|small=158
168204	Apples, raw, gala, with skin (Includes foods for USDA's Food Distribution Program)	57	0.25	13.68	10.37	0.12	2.3	cup, sliced=109|large=200|medium=172|small=157
168202	Apples, raw, golden delicious, with skin	57	0.28	13.6	10.04	0.15	2.4	cup, sliced=109|large=215|medium=169|small=129
168203	Apples, raw, granny smith, with skin (Includes foods for USDA's Food Distribution Program)	58	0.44	13.61	9.59	0.19	2.8	cup, sliced=109|large=206|medium=167|small=144
168201	Apples, raw, red delicious, with skin (Includes foods for USDA's Food Distribution Program)	59	0.27	14.06	10.48	0.2	2.3	cup, sliced=109|large=260|medium=212|small=158
171688	Apples, raw, with skin (Includes foods for USDA's Food Distribution Program)	52	0.26	13.81	10.39	0.17	2.4	cup, quartered or chopped=125|cup slices=109|large (3-1/4" dia)=223|medium (3" dia)=182|small (2-3/4" dia)=149|extra small (2-1/2" dia)=101|NLEA serving=242
171689	Apples, raw, without skin	48	0.27	12.76	10.1	0.13	1.3	cup slices=110|large (3-1/4" dia)=216|medium (3" dia)=161|small (2-3/4" dia)=132
173928	Apples, raw, without skin, cooked, boiled	53	0.26	13.64	11.01	0.36	2.4	cup slices=171
173929	Apples, raw, without skin, cooked, microwave	56	0.28	14.41	11.61	0.42	2.8	cup slices=170
167773	Applesauce, canned, sweetened, with salt	76	0.18	19.91		0.18	1.2	cup=255
171696	Applesauce, canned, sweetened, without salt	68	0.16	17.49	14.67	0.17	1.2	cup=246
167772	Applesauce, canned, unsweetened, with added ascorbic acid	42	0.17	11.27	9.39	0.1	1.1	cup=244
171695	Applesauce, canned, unsweetened, without added ascorbic acid (Includes foods for USDA's Food Distribution Program)	42	0.17	11.27	9.39	0.1	1.1	cup=244
171704	Apricot nectar, canned, with added ascorbic acid	56	0.17	13.63	12.79	0.45	0.1	cup=266|fl oz=30.4
171701	Apricots, canned, extra heavy syrup pack, without skin, solids and liquids	96	0.55	24.85		0.04	1.6	cup, whole, without pits=246
173938	Apricots, canned, extra light syrup pack, with skin, solids and liquids (Includes foods for USDA's Food Distribution Program)	49	0.6	12.5		0.1	1.6	cup, halves=247
171699	Apricots, canned, heavy syrup pack, with skin, solids and liquids	83	0.53	21.47	19.87	0.08	1.6	cup, halves=258|cup, whole=240|apricot half with liquid=40
171700	Apricots, canned, heavy syrup pack, without skin, solids and liquids	83	0.51	21.45		0.09	1.6	cup, whole, without pits=258
167768	Apricots, canned, heavy syrup, drained	83	0.64	21.31	18.65	0.11	2.7	cup, halves=219|cup, whole=182
173937	Apricots, canned, juice pack, with skin, solids and liquids	48	0.63	12.34	10.74	0.04	1.6	cup, halves=244|apricot half with liquid=36
173939	Apricots, canned, light syrup pack, with skin, solids and liquids	63	0.53	16.49	14.89	0.05	1.6	cup, halves=253|apricot half with liquid=40
171698	Apricots, canned, water pack, with skin, solids and liquids	27	0.71	6.39	4.79	0.16	1.6	cup, halves=243|apricot half with liquid=36
173936	Apricots, canned, water pack, without skin, solids and liquids	22	0.69	5.48		0.03	1.1	cup, whole, without pits=227
173940	Apricots, dehydrated (low-moisture), sulfured, stewed	126	1.93	32.62		0.24		cup=249
171702	Apricots, dehydrated (low-moisture), sulfured, uncooked	320	4.9	82.89		0.62		cup=119
173943	Apricots, dried, sulfured, stewed, with added sugar	113	1.17	29.26		0.15	4.1	cup, halves=270
173942	Apricots, dried, sulfured, stewed, without added sugar	85	1.2	22.15	19.57	0.18	2.6	cup, halves=250
173941	Apricots, dried, sulfured, uncooked	241	3.39	62.64	53.44	0.51	7.3	cup, halves=130|half=3.5
171703	Apricots, frozen, sweetened	98	0.7	25.1		0.1	2.2	cup=242
171697	Apricots, raw	48	1.4	11.12	9.24	0.39	2	cup, halves=155|cup, sliced=165|apricot=35
170791	ARBY'S, roast beef sandwich, classic	242	15.17	22.21	3.84	10.3	1.3	sandwich=149
175071	Archway Home Style Cookies, Chocolate Chip Ice Box	497	4.28	65.02	34.06	24.4	2	serving=24
173245	Archway Home Style Cookies, Coconut Macaroon	460	3.02	61.23	45.16	22.55	5.1	serving=22
173246	Archway Home Style Cookies, Date Filled Oatmeal	400	4.67	68.16	34.27	12.05	2.1	serving=25
173247	Archway Home Style Cookies, Dutch Cocoa	431	4.5	69.44	35.35	14.99	2.6	serving=24
173248	Archway Home Style Cookies, Frosty Lemon	430	4.41	64.78	33.35	17.11	0.7	serving=26
173249	Archway Home Style Cookies, Iced Molasses	420	3.5	69.12	38.43	14.43	1	serving=28
175072	Archway Home Style Cookies, Iced Oatmeal	435	4.89	66.76	37.2	16.53	2	serving=28
175073	Archway Home Style Cookies, Molasses	403	4.25	69.41	36.35	12.06	1.2	serving=26
175074	Archway Home Style Cookies, Oatmeal	421	5.48	68.17	34.5	14.08	2.9	serving=25
175075	Archway Home Style Cookies, Oatmeal Raisin	406	5.17	69.27	39.55	12.08	2.7	serving=26
173250	Archway Home Style Cookies, Old Fashioned Molasses	406	4.27	70.55	36.09	11.83	1.1	serving=26
173251	Archway Home Style Cookies, Old Fashioned Windmill Cookies	468	5.17	72.23	32.64	17.55	1.8	serving=20
173252	Archway Home Style Cookies, Peanut Butter	480	9	58.48	32.55	24.28	2.8	serving=21
173253	Archway Home Style Cookies, Raspberry Filled	400	4.35	65.92	31.76	13.26	2.2	serving=25
175077	Archway Home Style Cookies, Reduced Fat Ginger Snaps	424	4.67	76.23	36.28	11.14	1.1	serving=32
175076	Archway Home Style Cookies, Strawberry Filled	400	4.35	65.92	31.76	13.26	2.2	serving=25
175070	Archway Home Style Cookies, Sugar Free Oatmeal	442	5.54	67.2	1.26	20.92	1.9	serving=24
168493	Arrowhead, cooked, boiled, drained, with salt	78	4.49	16.14		0.1		corm, medium=12
169204	Arrowhead, cooked, boiled, drained, without salt	78	4.49	16.14		0.1		medium=12
169203	Arrowhead, raw	99	5.33	20.23		0.29		large=25|medium=12
170684	Arrowroot flour	357	0.3	88.15		0.1	3.4	cup=128
168490	Arrowroot, raw	65	4.24	13.39		0.2	1.3	cup, sliced=120|root=33
169311	Artichokes, (globe or french), cooked, boiled, drained, with salt	51	2.89	11.39	0.99	0.34	5.7	artichoke, medium=120|cup hearts=168
168386	Artichokes, (globe or french), cooked, boiled, drained, without salt	53	2.89	11.95	0.99	0.34	5.7	artichoke, medium=120|cup hearts=168
169312	Artichokes, (globe or french), frozen, cooked, boiled, drained, with salt	45	3.11	9.18	0.84	0.5	4.6	cup=168|package (9 oz), yields=240|package (9 oz) yields=242.4
168388	Artichokes, (globe or french), frozen, cooked, boiled, drained, without salt	45	3.11	9.18	0.84	0.5	4.6	cup=168|package (9 oz), yields=240|package (9 oz) yields=242.4
168387	Artichokes, (globe or french), frozen, unprepared	38	2.63	7.75		0.43	3.9	package=254.5|package (9 oz)=255
169205	Artichokes, (globe or french), raw	47	3.27	10.51	0.99	0.15	5.4	artichoke, medium=128|artichoke, large=162
175078	Artificial Blueberry Muffin Mix, dry	407	4.7	77.45		8.7		muffin=31
169387	Arugula, raw	25	2.58	3.65	2.05	0.66	1.6	leaf=2|cup=20
168978	Ascidians (tunughnak) (Alaska Native)	20	3.8	0		0.5		
169207	Asparagus, canned, drained solids	19	2.14	2.46	1.06	0.65	1.6	cup=242|spear (about 5" long)=18|can (300 x 407)=248
169314	Asparagus, canned, no salt added, solids and liquids	15	1.8	2.48	1	0.18	1	cup=244|can (300 x 407)=411
169206	Asparagus, canned, regular pack, solids and liquids	15	1.8	2.48		0.18	1	cup=244|can (300 x 407)=411
168390	Asparagus, cooked, boiled, drained	22	2.4	4.11	1.3	0.22	2	cup=180|spears (1/2" base)=15
169313	Asparagus, cooked, boiled, drained, with salt	22	2.4	4.11	1.3	0.22	2	cup=180|spears (1/2" base)=15
168494	Asparagus, frozen, cooked, boiled, drained, with salt	18	2.95	1.92	0.32	0.42	1.6	cup=180|package (10 oz) yields=293|spears=15
169209	Asparagus, frozen, cooked, boiled, drained, without salt	18	2.95	1.92	0.32	0.42	1.6	cup=180|package (10 oz) yields=293|spears=15
169208	Asparagus, frozen, unprepared	24	3.23	4.1		0.23	1.9	spears=14.5|package (10 oz)=284
168389	Asparagus, raw	20	2.2	3.88	1.88	0.12	2.1	cup=134|spear, small (5" long or less)=12|spear, medium (5-1/4" to 7" long)=16|spear, large (7-1/4" to 8-1/2")=20|spear, extra large (8-3/4" to 10" long)=24|spear tip (2" long or less)=3.5
171705	Avocados, raw, all commercial varieties	160	2	8.53	0.66	14.66	6.7	cup, cubes=150|cup, pureed=230|cup, sliced=146|avocado, NS as to Florida or California=201|NLEA Serving=50
171706	Avocados, raw, California	167	1.96	8.64	0.3	15.41	6.8	cup, pureed=230|fruit, without skin and seed=136|NLEA serving=50
171707	Avocados, raw, Florida	120	2.23	7.82	2.42	10.06	5.6	cup, pureed=230|fruit without skin and seeds=304|NLEA Serving=50
167690	Babyfood, apple yogurt dessert, strained	93	0.8	19.5	12.02	1.6	0.5	tbsp=15|jar NFS=113|jar Beech-Nut Stage 2 (4 oz)=113
171351	Babyfood, apple-banana juice	51	0.2	12.3	11	0.1	0.2	fl oz=31.2|bottle Earth's Best (4.2 fl oz)=131|bottle Heinz Strained (4 fl oz)=125|bottle NFS=125|bottle Beech-Nut Stage 2 (4 fl oz)=125|bottle Gerber Second Foods (4 fl oz)=125
173517	Babyfood, apples with ham, strained	62	2.6	10.9	7.98	0.9	1.8	tbsp=15|jar NFS=113|jar Gerber Second Food (4 oz)=113
173511	Babyfood, apples, dices, toddler	50	0.19	11.56	10.48	0.36	1.9	oz=28.4
171001	Babyfood, Baby MUM MUM Rice Biscuits	391	12.5	83.21	12.5	0.87	0	biscuit=2
169047	Babyfood, baked product, finger snacks cereal fortified	421	6.4	76.68	28	9.9	2.3	cookie=1.7
167733	Babyfood, banana apple dessert, strained	68	0.3	16.3	14.66	0.2	1	tbsp=15|jar NFS=113|jar Gerber Second Food (4 oz)=113
168090	Babyfood, banana juice with low fat yogurt	86	2.5	17.54	13.28	0.8	0.4	fl oz=31.5|bottle NFS=126
167732	Babyfood, banana no tapioca, strained	91	1	21.34	11.36	0.2	1.6	tbsp=15|jar NFS=113|jar Beech-Nut Baby's First (2.5 oz)=71|jar Beech-Nut Stage I (4 oz)=113|jar Gerber First Foods (2.5 oz)=71|jar Earth's Best (4.5 oz)=128|jar Heinz Beginner-1 (2.5 oz)=71
170999	Babyfood, banana with mixed berries, strained	92	1.01	21.31	15	0.36	1	packet=99
173519	Babyfood, beverage, GERBER, GRADUATES, FRUIT SPLASHERS	29	0	7.35	6.12	0	0	oz=28.2|oz=28.4
173518	Babyfood, carrots and beef, strained	59	3.4	5.7	2.04	2.5	2.6	tbsp=15|jar NFS=113|jar Gerber Second Food (4 oz)=113
169871	Babyfood, carrots, toddler	21	0.6	5.23	2.5	0.3	2.3	oz=28.4
171358	Babyfood, cereal, barley, dry fortified	376	13.2	69.4	13.2	6.6	6.6	tbsp=2.4|oz=30
172296	Babyfood, cereal, barley, prepared with whole milk	84	3.73	9.94	5.1	3.26	0.6	oz=28.4
169048	Babyfood, cereal, brown rice, dry, instant	406	8.7	85.98	0.72	3	6.5	tbsp=3.7
171366	Babyfood, cereal, egg yolks and bacon, junior	79	2.5	6.2		5	0.9	oz=28.4|jar=170
173528	Babyfood, cereal, high protein, prepared with whole milk	111	8.7	11.6		3.8		oz=28.4
170973	Babyfood, cereal, high protein, with apple and orange, dry	374	25.4	57.6		6.5	7.1	tbsp=2.4|oz=28.4
173533	Babyfood, cereal, high protein, with apple and orange, prepared with whole milk	112	6.9	13.4		3.9		oz=28.4
170964	Babyfood, cereal, mixed, dry fortified	399	6.66	78.21	26.66	6.66	6.7	tbsp=2.5|oz=30
173529	Babyfood, cereal, mixed, prepared with whole milk	96	4.14	12.3	4.78	3.38	0.8	oz=28.4
170967	Babyfood, cereal, mixed, with applesauce and bananas, junior, fortified	84	0.71	18.79	11.1	0.51	1	oz=28.4|jar=170
170966	Babyfood, cereal, mixed, with applesauce and bananas, strained	82	0.71	18.38	11.1	0.51	1	oz=28.4|jar=113
170965	Babyfood, cereal, mixed, with bananas, dry	391	10.7	77.1	6.68	4.6	7.8	tbsp=2.5|oz=30
173530	Babyfood, cereal, mixed, with bananas, prepared with whole milk	86	3.82	10	5.9	3.46	0.4	oz=28.4
173532	Babyfood, cereal, mixed, with honey, prepared with whole milk	115	5	15.9		3.6		oz=28.4
171360	Babyfood, cereal, oatmeal, dry fortified	394	10.99	73.48	11.67	6.36	7.3	tbsp=3.2|oz=30|cup=48.8|box=223
173509	Babyfood, cereal, Oatmeal, dry, GERBER, SINGLE GRAIN, fortified	396	10.94	73.57	12.27	6.42	7	
173531	Babyfood, cereal, oatmeal, prepared with whole milk	116	5	15.3		4.1	1.1	oz=28.4
171363	Babyfood, cereal, oatmeal, with applesauce and bananas, junior, fortified	76	0.89	16.03	8.85	0.89	0.9	oz=28.4|jar=170
171362	Babyfood, cereal, oatmeal, with applesauce and bananas, strained	75	0.89	15.62	8.85	0.89	0.9	oz=28.4|jar=113
171361	Babyfood, cereal, oatmeal, with bananas, dry	399	6.67	78.07	26.66	6.67	5.2	serving=15|oz=30|tbsp=2.5
172297	Babyfood, cereal, oatmeal, with bananas, prepared with whole milk	86	3.82	10	5.9	3.46	0.4	oz=28.4
170968	Babyfood, cereal, oatmeal, with honey, dry	391	13.5	69.3		7		tbsp=2.4|oz=28.4
172298	Babyfood, cereal, oatmeal, with honey, prepared with whole milk	115	5	15.3		3.9		oz=28.4
167731	Babyfood, cereal, rice with pears and apple, dry, instant fortified	389	6.6	88.5	1.35	0.9	2.6	serving=15
170969	Babyfood, cereal, rice, dry fortified	390	6.65	83.14	4.85	2.19	1.3	tbsp=2.5|oz=30
172299	Babyfood, cereal, rice, prepared with whole milk	85	3.45	10.31	4.87	3.38	0	oz=28.4
170970	Babyfood, cereal, rice, with applesauce and bananas, strained	80	1.2	17.1	2.24	0.4	1	tbsp=16|oz=28.4|jar=113|jar Gerber Second Food (4 oz)=113|jar Heinz Strained-2 (4.25 oz)=120
170974	Babyfood, cereal, rice, with bananas, dry	404	8.7	79.9	16.7	4.2	1	tbsp=2.5|oz=30
173534	Babyfood, cereal, rice, with bananas, prepared with whole milk	86	3.57	10.49	6.13	3.32	0.1	oz=28.4
172300	Babyfood, cereal, rice, with honey, prepared with whole milk	115	3.9	17.1		3.3		oz=28.4
171359	Babyfood, cereal, whole wheat, with apples, dry fortified	402	6.6	83.2	26.66	4.8	6.7	oz=30
171364	Babyfood, cereal, with egg yolks, junior	52	1.9	7.1		1.8	0.9	oz=28.4|jar=170
170971	Babyfood, cereal, with egg yolks, strained	51	1.9	7		1.8	0.9	oz=28.4|jar=113
171365	Babyfood, cereal, with eggs, strained	58	2.2	8		1.5		oz=28.4|jar=113
170978	Babyfood, cherry cobbler, junior	78	0.3	19.2	10.39	0.1	0.2	oz=28.4
171368	Babyfood, cookie, baby, fruit	435	6.8	73.7	24.2	12.6	3.4	cookie=8
170975	Babyfood, cookies	433	11.8	67.1	24.2	13.2	0.2	oz=28.4|cookie=6.5
171369	Babyfood, cookies, arrowroot	424	7.6	75.4		10	0.2	oz=28.4|cookie=5
172317	Babyfood, corn and sweet potatoes, strained	68	1.26	15.23	4	0.28	1.8	oz=28.4
170972	Babyfood, crackers, vegetable	477	8.4	66.85	13	19.6	4	cracker=0.7
169872	Babyfood, dessert, banana pudding, strained	68	1	14.14	10.55	0.8	0.8	tbsp=15|jar NFS=113|jar Beech-Nut Stage 2 (4 oz)=113|jar Heinz Strained-2 (4.25 oz)=120
168135	Babyfood, dessert, banana yogurt, strained	78	1.1	17.35	12.2	0.52	0.5	tbsp=15|jar NFS=113|jar Gerber Second Food (4 oz)=113|jar Beech-Nut Stage 2 (4 oz)=113|jar Heinz Strained-2 (4.25 oz)=120
168134	Babyfood, dessert, blueberry yogurt, strained	77	0.5	17.05	13.62	0.7	0.4	tbsp=15|jar NFS=113|jar Heinz Strained-2 (4 oz)=113
171373	Babyfood, dessert, cherry vanilla pudding, junior	69	0.2	18.4	16.98	0.2	0.3	oz=28.4|jar=170
170979	Babyfood, dessert, cherry vanilla pudding, strained	68	0.2	17.8	9.15	0.3	0.3	oz=28.4|jar=113
171380	Babyfood, dessert, custard pudding, vanilla, junior	86	1.76	17.58	12.2	0.98	0.2	cup=229|tbsp=14|oz=28.4|jar=170|jar Beech-Nut Stage 3 (6 oz)=170|jar Gerber Third Foods (6 oz)=170|jar Heinz Junior-3 (6 oz)=170
171379	Babyfood, dessert, custard pudding, vanilla, strained	85	1.6	16	11.5	2	0	cup=229|tbsp=14|oz=28.4|jar=113|jar Gerber Second Food (4 oz)=113|jar Beech-Nut Stage 2 (4 oz)=113|jar Heinz Strained-2 (4 oz)=113
170977	Babyfood, dessert, dutch apple, junior	79	0.2	19.18	17.89	0.16	1.4	oz=28.4|jar=170
170976	Babyfood, dessert, dutch apple, strained	75	0.2	19.74	17.89	0.4	1.4	oz=28.4|jar=113
171377	Babyfood, dessert, fruit dessert, without ascorbic acid, junior	63	0.3	17.2	12	0	0.6	tbsp=15|oz=28.4|jar=170|jar Gerber Third Foods (6 oz)=170|jar Heinz Junior-3 (6 oz)=170
170983	Babyfood, dessert, fruit dessert, without ascorbic acid, strained	59	0.3	16	12.6	0	0.6	tbsp=15|oz=28.4|jar=113|jar Gerber Second Food (4 oz)=113|jar Heinz Strained-2 (4.25 oz)=120
171374	Babyfood, dessert, fruit pudding, orange, strained	80	1.1	17.7		0.9	0.6	oz=28.4|jar=113
170982	Babyfood, dessert, fruit pudding, pineapple, strained	81	1.3	20.3	10.28	0.3	0.7	tbsp=15|oz=28.4|jar=113|jar Gerber Second Food (4 oz)=113
171376	Babyfood, dessert, peach cobbler, junior	67	0.3	18.3	11.89	0	0.7	tbsp=15|oz=28.4|jar=220|jar Gerber Third Foods (6 oz)=170
171375	Babyfood, dessert, peach cobbler, strained	65	0.3	17.8	10.62	0	0.7	tbsp=15|oz=28.4|jar=113|jar Gerber Second Food (4 oz)=113|jar Heinz Strained-2 (4 oz)=113
170981	Babyfood, dessert, peach melba, junior	60	0.3	16.4		0		oz=28.4|jar=220
170980	Babyfood, dessert, peach melba, strained	60	0.2	16.5		0		oz=28.4|jar=113
168133	Babyfood, dessert, peach yogurt	77	0.9	17.6	11.11	0.18	0.4	tbsp=15|jar NFS=113|jar Gerber Second Food (4 oz)=113|jar Beech-Nut Stage 2 (4 oz)=113|jar Heinz Strained-2 (4 oz)=113
171378	Babyfood, dessert, tropical fruit, junior	60	0.2	16.4		0		oz=28.4|jar=113
172287	Babyfood, dinner, apples and chicken, strained	65	2.16	10.88	6.06	1.38	1.8	oz=28.4|jar=113|jar Gerber Second Food (4 oz)=113|jar Beech-Nut Stage 2 (4 oz)=113|jar Heinz Strained-2 (4 oz)=113
172260	Babyfood, dinner, beef and rice, toddler	82	5	8.8	0	2.9		oz=28.4|jar=170
173489	Babyfood, dinner, beef lasagna, toddler	77	4.2	10	0	2.1		oz=28.4|jar=170
173516	Babyfood, dinner, beef noodle, junior	57	2.5	7.3	1.45	1.9	1.1	tbsp=16|oz=28.4|jar=170|jar Beech-Nut Stage 3 (6 oz)=170|jar Gerber Third Foods (6 oz)=170|jar Heinz Junior-3 (6 oz)=170
172258	Babyfood, dinner, beef noodle, strained	63	2.44	8.18	1.42	2.26	1.3	tbsp=16|oz=28.4|jar=113|jar Gerber Second Food (4 oz)=113|jar Beech-Nut Stage 2 (4 oz)=113|jar Heinz Strained-2 (4 oz)=113
172261	Babyfood, dinner, beef with vegetables	96	2.03	6.36	2.16	6.93	1.8	jar Beech-Nut Stage 2 (4 oz)=113
172288	Babyfood, dinner, broccoli and chicken, junior	62	3.59	6.34	1.43	2.48	1.4	tbsp=29|container=162
169054	Babyfood, dinner, chicken and rice	51	1.6	9.2	0.55	0.9	1.1	tbsp=16|jar, Gerber (4 oz)=113|jar NFS=113|jar Beech-Nut Stage 2 (4 oz)=113
172264	Babyfood, dinner, chicken noodle, junior	74	3.53	7.8	2.67	3.23	1.7	tbsp=16|oz=28.4|jar=170|jar Beech-Nut Stage 3 (6 oz)=170|jar Gerber Third Foods (6 oz)=170|jar Heinz Junior-3 (6 oz)=170
172263	Babyfood, dinner, chicken noodle, strained	74	3.53	7.81	2.69	3.22	1.7	tbsp=16|oz=28.4|jar=113|jar Gerber Second Food (4 oz)=113|jar Beech-Nut Stage 2 (4 oz)=113|jar Heinz Strained-2 (4 oz)=113
173496	Babyfood, dinner, chicken soup, strained	50	1.6	7.2	1.72	1.7	1.1	jar Beech-Nut Stage 2 (4 oz)=113|tbsp=16|oz=28.4|jar=113|jar Heinz Strained-2 (4 oz)=113
173497	Babyfood, dinner, chicken stew, toddler	78	5.2	6.4	1.68	3.7	0.6	tbsp=16|oz=28.4|jar=170|jar=170
172270	Babyfood, dinner, macaroni and cheese, junior	61	2.6	8.2	1.32	2	0.3	oz=28.4|jar=170
173503	Babyfood, dinner, macaroni and cheese, strained	67	3.14	8.95	1.27	2.11	0.7	oz=28.4|jar=113
173491	Babyfood, dinner, macaroni and tomato and beef, junior	59	2.5	9.4	2.43	1.1	1.1	tbsp=16|oz=28.4|jar=170|jar Beech-Nut Stage 3 (6 oz)=170|jar Gerber Third Foods (6 oz)=170
173490	Babyfood, dinner, macaroni and tomato and beef, strained	61	2.36	9.45	2.09	1.47	1.2	tbsp=16|oz=28.4|jar=113|jar Gerber Second Food (4 oz)=113|jar Beech-Nut Stage 2 (4 oz)=113|jar Heinz Strained-2 (4 oz)=113
168125	Babyfood, dinner, macaroni, beef and tomato sauce, toddler	82	4.34	11.53	0.37	1.9	1.1	tbsp=16
172281	Babyfood, dinner, mixed vegetable, junior	34	1.01	7.88	3.08	0.11	1	serving=99
173514	Babyfood, dinner, mixed vegetable, strained	41	1.2	9.5		0.1		oz=28.4|jar=113
172266	Babyfood, dinner, pasta with vegetables	60	1.7	8.4	1.2	2.1	1.5	jar, Gerber (4 oz)=113
173492	Babyfood, dinner, spaghetti and tomato and meat, junior	68	2.57	11.42	2.72	1.37	1.1	tbsp=16|oz=28.4|jar=170|jar Beech-Nut Stage 3 (6 oz)=170|jar Gerber Third Foods (6 oz)=170|jar Heinz Junior-3 (6 oz)=170
173493	Babyfood, dinner, spaghetti and tomato and meat, toddler	75	5.3	10.8		1		oz=28.4|jar=170
173521	Babyfood, dinner, sweet potatoes and chicken, strained	74	2.51	11.04	2.65	2.17	1.3	tbsp=16|jar Beech-Nut Stage 2 (4 oz)=113
173500	Babyfood, dinner, turkey and rice, junior	56	2.37	9.57	1.25	0.92	1	tbsp=16|oz=28.4|jar=170|jar Beech-Nut Stage 3 (6 oz)=170|jar Gerber Third Foods (6 oz)=170|jar Heinz Junior-3 (6 oz)=170
172269	Babyfood, dinner, turkey and rice, strained	52	2.27	7.94	1.66	1.24	0.9	tbsp=16|oz=28.4|jar=113|jar Gerber Second Food (4 oz)=113|jar Beech-Nut Stage 2 (4 oz)=113|jar Heinz Strained-2 (4 oz)=113
172286	Babyfood, dinner, turkey, rice, and vegetables, toddler	60	3.8	7.5	1.12	1.6	0.8	oz=28.4|jar Beech nut=170
173495	Babyfood, dinner, vegetables and beef, junior	77	2.21	8.84	2.34	3.6	1.3	cup=256|tbsp=16|oz=28.4|jar=170|jar Beech-Nut Stage 3 (6 oz)=170|jar Gerber Third Foods (6 oz)=170|jar Heinz Junior-3 (6 oz)=170
173494	Babyfood, dinner, vegetables and beef, strained	77	2.21	8.84	2.34	3.6	1.3	cup=256|tbsp=16|oz=28.4|jar=113|jar Earth's Best (4.5 oz)=128|jar Gerber Second Food (4 oz)=113|jar Beech-Nut Stage 2 (4 oz)=113|jar Heinz Strained-2 (4 oz)=113
173513	Babyfood, dinner, vegetables and chicken, junior	53	2.04	8.66	1.46	1.12	1.1	cup=256|tbsp=16|oz=28.4|jar=170|jar Beech-Nut Stage 3 (6 oz)=170|jar Gerber Third Foods (6 oz)=170
173488	Babyfood, dinner, vegetables and dumplings and beef, junior	48	2.1	8	0	0.8		oz=28.4|jar=170
172256	Babyfood, dinner, vegetables and dumplings and beef, strained	48	2	7.7	0	0.9		oz=28.4|jar=113
172262	Babyfood, dinner, vegetables and lamb, junior	51	2.1	7.1	0.94	1.7	1.1	oz=28.4|jar=170
172268	Babyfood, dinner, vegetables and noodles and turkey, junior	52	1.8	7.6		1.5	1.1	oz=28.4|jar=170
172267	Babyfood, dinner, vegetables and noodles and turkey, strained	44	1.2	6.8		1.2	1.1	oz=28.4|jar=113
173502	Babyfood, dinner, vegetables and turkey, junior	53	1.72	7.55	1.36	1.74	0.9	cup=256|tbsp=16|oz=28.4|jar=170|jar Gerber Third Foods (6 oz)=170
173501	Babyfood, dinner, vegetables and turkey, strained	48	2.32	7.62	1.54	0.9	1.5	cup=256|tbsp=16|oz=28.4|jar=113|jar Earth's Best (4.5 oz)=113|jar Gerber Second Food (4 oz)=113
173498	Babyfood, dinner, vegetables chicken, strained	59	2.47	8.42	1.58	1.73	2.1	cup=256|tbsp=16|oz=28.4|jar=113|jar Gerber Second Food (4 oz)=113|jar Beech-Nut Stage 2 (4 oz)=113|jar Heinz Strained-2 (4 oz)=113
172265	Babyfood, dinner, vegetables, noodles and chicken, junior	64	1.7	9.1		2.2	1.1	oz=28.4|jar=170
173499	Babyfood, dinner, vegetables, noodles and chicken, strained	63	2	7.9		2.5	1.1	oz=28.4|jar=113
172252	Babyfood, finger snacks, GERBER, GRADUATES, PUFFS, apple and cinnamon	344	6.19	85.79	17.84	2.3	3.8	
171388	Babyfood, fortified cereal bar, fruit filling	344	5.43	68.63	42	5.3	1.7	bar=19
170952	Babyfood, fruit and vegetable, apple and sweet potato	64	0.3	15.3	11.6	0.22	1.4	jar, Gerber (4 oz)=113
171341	Babyfood, fruit dessert, mango with tapioca	70	0.3	19	13	0.2	1.1	tbsp=15|oz=28.4|jar, Gerber (4 oz)=113|jar=113
168140	Babyfood, fruit supreme dessert	73	0.5	17.18	14.87	0.2	2	tbsp=15
170958	Babyfood, fruit, apple and blueberry, junior	62	0.2	16.6	8.83	0.2	1.8	oz=28.4|jar=170
170957	Babyfood, fruit, apple and blueberry, strained	61	0.2	16.3	13.93	0.2	1.8	oz=28.4|jar=113
171346	Babyfood, fruit, apple and raspberry, junior	58	0.2	15.4	12.96	0.2	2.1	oz=28.4|jar=170
171345	Babyfood, fruit, apple and raspberry, strained	58	0.2	15.6	12.96	0.2	2.1	oz=28.4|jar=113
170948	Babyfood, fruit, applesauce and apricots, junior	47	0.2	12.4	8.72	0.2	1.8	tbsp=16|oz=28.4|jar=170|jar Heinz Junior-3 (6 oz)=170
170947	Babyfood, fruit, applesauce and apricots, strained	44	0.2	11.64	9.25	0.2	1.8	tbsp=16|oz=28.4|jar=113|jar Earth's Best (4.5 oz)=128|jar Gerber Second Food (4 oz)=113|jar Beech-Nut Stage 2 (4 oz)=113|jar Heinz Strained-2 (4 oz)=113
170950	Babyfood, fruit, applesauce and cherries, junior	51	0	14.1	10.61	0	1.1	oz=28.4|jar=170
170949	Babyfood, fruit, applesauce and cherries, strained	51	0	14.1	10.81	0	1.1	oz=28.4|jar=113
171344	Babyfood, fruit, applesauce and pineapple, junior	39	0.1	10.5		0.1	1.5	oz=28.4|jar=170
171343	Babyfood, fruit, applesauce and pineapple, strained	37	0.1	10.1		0.1	1.5	oz=28.4|jar=113
170951	Babyfood, fruit, applesauce with banana, junior	66	0.37	16.16	4.35	0.1	1.6	tbsp=16|jar NFS=170|jar Beech-Nut Stage 3 (6 oz)=170
172278	Babyfood, fruit, applesauce, junior	37	0	10.3	8.48	0	1.7	tbsp=16|oz=28.4|jar=170|jar Beech-Nut Stage 3 (6 oz)=170|jar Gerber Third Foods (6 oz)=170|jar Heinz Junior-3 (6 oz)=170
173512	Babyfood, fruit, applesauce, strained	41	0.2	10.8	9.87	0.2	1.7	tbsp=16|oz=28.4|jar=113|jar Beech-Nut Baby's First (2.5 oz)=71|jar Beech-Nut Stage I (4 oz)=113|jar Gerber First Foods (2.5 oz)=71|jar Earth's Best (4.5 oz)=128|jar Gerber Second Food (4 oz)=113|jar Heinz Strained-2 (4 oz)=113|jar Heinz Beginner-1 (2.5 oz)=71
170942	Babyfood, fruit, apricot with tapioca, junior	63	0.3	17.3	1.4	0	1.5	tbsp=15|oz=28.4|jar=170|jar Gerber Third Foods (6 oz)=170|jar Heinz Junior-3 (6 oz)=170
172279	Babyfood, fruit, apricot with tapioca, strained	60	0.3	16.3	1.41	0	1.5	tbsp=15|oz=28.4|jar=113|jar Gerber Second Food (4 oz)=113|jar Heinz Strained-2 (4.25 oz)=120
170998	Babyfood, fruit, banana and strawberry, junior	109	0.71	25.78	19.29	0.37	1.4	bottle=140
170953	Babyfood, fruit, bananas and pineapple with tapioca, junior	68	0.2	18.4	8.41	0.1	1.6	tbsp=15|oz=28.4|jar=170|jar Gerber Third Foods (6 oz)=170|jar Heinz Junior-3 (6 oz)=170
170954	Babyfood, fruit, bananas and pineapple with tapioca, strained	65	0.2	17.8	10.73	0	1.6	tbsp=15|oz=28.4|jar=113|jar Gerber Second Food (4 oz)=113|jar Heinz Strained-2 (4.25 oz)=120
170956	Babyfood, fruit, bananas with apples and pears, strained	83	0.9	19.31	12.76	0.22	1.4	tbsp=15|jar NFS=113|jar Gerber Second Food (4 oz)=113
172282	Babyfood, fruit, bananas with tapioca, junior	67	0.4	17.8	7.1	0.2	1.6	tbsp=15|oz=28.4|jar=170|jar Gerber Third Foods (6 oz)=170|jar Heinz Junior-3 (6 oz)=170
171335	Babyfood, fruit, bananas with tapioca, strained	56	0.4	15.3	0.38	0.1	1.6	tbsp=15|oz=28.4|jar=113|jar Gerber Second Food (4 oz)=113|jar Heinz Strained-2 (4.25 oz)=120
171348	Babyfood, fruit, guava and papaya with tapioca, strained	63	0.2	17		0.1		oz=28.4|jar=113
171350	Babyfood, fruit, papaya and applesauce with tapioca, strained	70	0.2	18.9		0.1	1.4	oz=28.4|jar=113
171337	Babyfood, fruit, peaches, junior	65	0.94	14.48	11.5	0.33	1.3	tbsp=17|oz=28.4|jar=95|container=67
171336	Babyfood, fruit, peaches, strained	65	0.94	14.48	11.5	0.33	1.3	tbsp=17|oz=28.4|jar=95|container=67
171347	Babyfood, fruit, pears and pineapple, junior	44	0.3	11.4	7.36	0.2	2.6	tbsp=16|oz=28.4|jar=170|jar Gerber Third Foods (6 oz)=170
170955	Babyfood, fruit, pears and pineapple, strained	41	0.3	10.9	7.79	0.1	2.6	tbsp=16|oz=28.4|jar=113|jar Gerber Second Food (4 oz)=113|jar Beech-Nut Stage 2 (4 oz)=113|jar Heinz Strained-2 (4 oz)=113
170943	Babyfood, fruit, pears, junior	44	0.3	11.6	7.34	0.1	2.8	tbsp=16|oz=28.4|jar=170|jar Beech-Nut Stage 3 (6 oz)=170|jar Gerber Third Foods (6 oz)=170|jar Heinz Junior-3 (6 oz)=170
171338	Babyfood, fruit, pears, strained	42	0.3	10.8	6.98	0.2	2.8	tbsp=16|oz=28.4|jar=113|jar Beech-Nut Baby's First (2.5 oz)=71|jar Beech-Nut Stage I (4 oz)=113|jar Gerber First Foods (2.5 oz)=71|jar Earth's Best (4.5 oz)=113|jar Gerber Second Food (4 oz)=113|jar Heinz Strained-2 (4 oz)=113|jar Heinz Beginner-1 (2.5 oz)=71
170945	Babyfood, fruit, plums with tapioca, without ascorbic acid, junior	74	0.1	20.5	13.64	0	1.2	tbsp=15|oz=28.4|jar=170|jar Gerber Third Foods (6 oz)=170
170944	Babyfood, fruit, plums with tapioca, without ascorbic acid, strained	71	0.1	19.7	13.34	0	1.2	tbsp=15|oz=28.4|jar=113|jar Gerber Second Food (4 oz)=113|jar Heinz Strained-2 (4 oz)=113
171339	Babyfood, fruit, prunes with tapioca, without ascorbic acid, junior	70	0.6	18.7	10.97	0.1	2.7	oz=28.4|jar=170
170946	Babyfood, fruit, prunes with tapioca, without ascorbic acid, strained	69	0.6	18.5	10.97	0.1	2.7	tbsp=15|oz=28.4|jar=113|jar Gerber Second Food (4 oz)=113|jar Heinz Strained-2 (4.25 oz)=120
169874	Babyfood, fruit, tutti frutti, junior	69	0.4	16	9.41	0.4	0.4	tbsp=15|jar NFS=170|jar Heinz Junior-3 (6 oz)=170
169873	Babyfood, fruit, tutti frutti, strained	66	0.4	15.48	9.29	0.3	0.6	tbsp=15|jar NFS=113|jar Heinz Strained-2 (4 oz)=113
173487	Babyfood, GERBER, 2nd Foods, apple, carrot and squash, organic	64	1.1	14.82	9.09	0	1.2	serving=99
172254	Babyfood, GERBER, 3rd Foods, apple, mango and kiwi	48	0.47	12.88	10.18	0	2	serving=170
169792	Babyfood, GERBER, Banana with orange medley	69	1.06	20.41	14.27	0	2.1	jar=113
171371	Babyfood, GERBER, GRADUATES Lil Biscuits Vanilla Wheat	407	7.97	72.48	24.9	9.27	5.9	oz=28.4|biscuit=7|biscuit=7
168144	Babyfood, grape juice, no sugar, canned	62	0	15.38	15.3	0	0	fl oz=29.5
169049	Babyfood, green beans and turkey, strained	51	4.1	5.35	1.39	1.5	1.4	tbsp=14|jar Gerber Second Food (4 oz)=113
172273	Babyfood, green beans, dices, toddler	29	1.2	5.7	1.06	0.2	1.3	oz=28.4|jar=128
173478	Babyfood, juice treats, fruit medley, toddler	347	0	86.68	57.4	0.02	0	packet=28
170959	Babyfood, juice, apple	47	0	11.7	10.7	0.1	0.1	fl oz=31.7|jar=127|bottle Earth's Best (4.2 fl oz)=131|bottle Heinz Strained (4 fl oz)=125|bottle Gerber First Food (4 fl oz)=125|bottle Beech-Nut Stage I (4 fl oz)=125
167729	Babyfood, juice, apple - cherry	47	0.2	11.2	10.5	0.1	0.3	fl oz=31.2|bottle Heinz Strained (4 fl oz)=125|bottle NFS=125|bottle Beech-Nut Stage 2 (4 fl oz)=125|bottle Gerber Second Foods (4 fl oz)=125
171381	Babyfood, juice, apple and grape	46	0.1	11.34	10.9	0.2	0.1	fl oz=31.2|jar=127|bottle Earth's Best (4.2 fl oz)=131|bottle Heinz Strained (4 fl oz)=125|bottle Beech-Nut Stage 2 (4 fl oz)=125|bottle Gerber Second Foods (4 fl oz)=125
171352	Babyfood, juice, apple and peach	43	0.2	10.5	9.59	0.1	0.1	fl oz=31.2|jar=127
171353	Babyfood, juice, apple and prune	72	0.2	18.1	10.58	0.1	0.1	fl oz=31.2|jar=127|bottle (4 fl oz)=125
170985	Babyfood, juice, apple, with calcium	46	0.06	11.1	9	0.1	0.4	serving=189
169042	Babyfood, juice, apple-sweet potato	47	0.3	11.4	9.6	0.1	0.5	fl oz=30.8|bottle NFS=246
170984	Babyfood, juice, fruit punch, with calcium	52	0.2	12.7	10.6	0.1	0.4	fl oz=31.2
171357	Babyfood, juice, mixed fruit	47	0.1	11.7	8.46	0.1	0.1	fl oz=31.2|jar=127|bottle (4 fl oz)=125
171354	Babyfood, juice, orange	45	0.6	10.2	8.26	0.3	0.1	fl oz=31.2|jar=127|bottle Heinz Strained (4 fl oz)=125|bottle Gerber Second Foods (4 fl oz)=125|bottle Beech-Nut Stage 3 (4 fl oz)=125
171355	Babyfood, juice, orange and apple	43	0.4	10.1		0.2		fl oz=31.2|jar=127
170960	Babyfood, juice, orange and apple and banana	47	0.4	11.5	10.03	0.1	0.1	fl oz=31.2|jar=127|bottle Heinz Strained (4 fl oz)=125
170961	Babyfood, juice, orange and apricot	46	0.8	10.9		0.1	0.1	fl oz=31.2|jar=127
170962	Babyfood, juice, orange and banana	50	0.7	11.9		0.1		fl oz=31.2|jar=127
170963	Babyfood, juice, orange and pineapple	48	0.5	11.7		0.1	0.1	fl oz=31.2|jar=127
169043	Babyfood, juice, orange-carrot	43	0.5	9.9	8.4	0.1	0.4	fl oz=30.8|bottle NFS=246
167718	Babyfood, juice, pear	43	0	11.86	7.28	0	0.1	fl oz=31.2|bottle Earth's Best (4.2 fl oz)=131|bottle Heinz Strained (4 fl oz)=125|bottle Gerber First Food (4 fl oz)=125|bottle Beech-Nut Stage I (4 fl oz)=125|bottle NFS=125
171356	Babyfood, juice, prune and orange	70	0.6	16.8		0.3		fl oz=31.2|jar=127
172259	Babyfood, macaroni and cheese, toddler	82	3.5	11.2	0.79	2.6	0.5	container=113
170989	Babyfood, mashed cheddar potatoes and broccoli, toddlers	48	1.11	7.47	1.17	1.47	1.2	container=170
167720	Babyfood, meat, beef with vegetables, toddler	69	3.5	8.72	1.18	2.1	1.8	jar NFS=179
172244	Babyfood, meat, beef, junior	81	12.03	2.43	0	2.52	0	oz=28.4|tbsp=14.7|jar=71
173479	Babyfood, meat, beef, strained	81	12.03	2.43	0	2.52	0	tbsp=14.7|oz=28.4|jar=71
172249	Babyfood, meat, chicken sticks, junior	188	14.6	1.5	1.4	14.4	0.2	stick=10|jar=71|jar Gerber Graduate (2.5 oz)=71
172248	Babyfood, meat, chicken, junior	146	14	0	0	9.6	0	tbsp=15|oz=28.4|jar=71|jar Gerber Third Foods (2.5 oz)=71|jar Heinz Junior-3 (2.5 oz)=71
173483	Babyfood, meat, chicken, strained	130	13.7	0.1	0	7.9	0	tbsp=15|oz=28.4|jar=71|jar Beech-Nut Stage 1 (2.5 oz)=71|jar Gerber Second Foods (2.5 oz)=71|jar Heinz Strained-2 (2.5 oz)=71
173480	Babyfood, meat, ham, junior	97	11.3	3.7	0	3.8	0	oz=28.4|jar=71
172247	Babyfood, meat, ham, strained	97	11.3	3.7	0	3.8	0	tbsp=15|oz=28.4|jar=71|jar Gerber Second Foods (2.5 oz)=71
173482	Babyfood, meat, lamb, junior	112	15.2	0	0	5.2	0	oz=28.4|jar=71
173481	Babyfood, meat, lamb, strained	94	14.07	0.85	0	3.41	0	tbsp=22|oz=28.4|jar=71|container=70
173486	Babyfood, meat, meat sticks, junior	184	13.4	1.1	0.8	14.6	0.2	stick=10|jar=71|jar Gerber Graduate (2.5 oz)=71
172246	Babyfood, meat, pork, strained	124	14	0	0	7.1	0	oz=28.4|jar=71
173484	Babyfood, meat, turkey sticks, junior	188	13.7	1.4	1.4	14.2	0.2	stick=10|jar=71|jar Gerber Graduate (2.5 oz)=71
172251	Babyfood, meat, turkey, junior	111	11.5	1.4	0	6.2	0	tbsp=19|container=68
172250	Babyfood, meat, turkey, strained	111	11.5	1.4	0	6.2	0	tbsp=15|oz=28.4|jar=71|jar Beech-Nut Stage 1 (2.5 oz)=71|jar Gerber Second Foods (2.5 oz)=71|jar Heinz Strained-2 (2.5 oz)=71
172245	Babyfood, meat, veal, strained	81	13.12	1.51	0	2.45	0	tbsp=16|oz=28.4|jar=71
168091	Babyfood, mixed fruit juice with low fat yogurt	74	2.4	14.68	10.8	0.8	0.4	fl oz=31.5|bottle NFS=126
167726	Babyfood, mixed fruit yogurt, strained	75	0.8	16.23	11.74	0.8	0.4	tbsp=15|jar NFS=113|jar Gerber Second Food (4 oz)=113|jar Beech-Nut Stage 2 (4 oz)=113|jar Heinz Strained-2 (4.25 oz)=120
171000	Babyfood, Multigrain whole grain cereal, dry fortified	407	6.67	80.06	26.67	6.67	6.7	tbsp=5.3
171367	Babyfood, oatmeal cereal with fruit, dry, instant, toddler fortified	402	10.5	74.1	11.09	7.05	7.8	tbsp=5.3|packet (.75 oz)=21
171349	Babyfood, peaches, dices, toddler	51	0.5	11.8	9.49	0.2	0.8	oz=28.4|jar Gerber=128
171342	Babyfood, pears, dices, toddler	57	0.3	13.6	8.66	0.1	1.2	oz=28.4|jar Gerber=128
169865	Babyfood, peas and brown rice	64	3.4	11.49	2.89	0.5	2.5	cup=230|tbsp=14.4|jar Earth's Best (4.5 oz)=128
170940	Babyfood, peas, dices, toddler	64	3.9	10.3	4.13	0.8	3.9	oz=28.4
172285	Babyfood, plums, bananas and rice, strained	57	1.1	12.7	9.3	0.3	1.3	oz=28.4|jar Earth's Best=113
173508	Babyfood, potatoes, toddler	52	1	11.73	0.91	0.1	0.9	cup=163|tbsp=10|jar Gerber Graduate (4.5 oz)=71
171370	Babyfood, pretzels	397	10.8	82.2	3.08	2	2.3	oz=28.4|pretzel=6
171340	Babyfood, prunes, without vitamin c, strained	100	1	23.52	14.28	0.2	2.7	tbsp=15|jar Gerber First Foods (2.5 oz)=71
172257	Babyfood, ravioli, cheese filled, with tomato sauce	99	3.6	16.3	0.59	2.2	0.1	tbsp=16|piece=8
167728	Babyfood, rice and apples, dry	396	6.7	86.89	3.22	2.4	3	tbsp=2.5
168975	Babyfood, rice cereal, dry, EARTHS BEST ORGANIC WHOLE GRAIN, fortified only with iron	386	7.5	78.06	0.12	4.9	0.5	tbsp=4.5
173485	Babyfood, snack, GERBER GRADUATE FRUIT STRIPS, Real Fruit Bars	330	0.82	76.61	68.65	2.24	2	bar=9.9
171398	Babyfood, Snack, GERBER, GRADUATES, LIL CRUNCHIES, baked whole grain corn snack	503	0	61.59	0	28.57	0	piece=0.4
173520	Babyfood, snack, GERBER, GRADUATES, YOGURT MELTS	380	14.29	71.82	57.14	4	2.3	serving=7
172255	Babyfood, tropical fruit medley	46	0.31	12.22	9.78	0.14	1.3	serving=88
169864	Babyfood, vegetable and brown rice, strained	69	1.9	12.1	2.39	1.5	1.1	cup=230|tbsp=14.4|jar Earth's Best (4.5 oz)=128
173510	Babyfood, vegetable, butternut squash and corn	50	2	9.26	2.93	0.6	2	jar, Gerber (4 oz)=113
173504	Babyfood, vegetable, green beans and potatoes	62	2.2	9	2.35	1.9	1.4	jar, Gerber (4 oz)=113
173505	Babyfood, vegetables, beets, strained	34	1.3	7.7	6.09	0.1	1.9	cup=224|tbsp=14|oz=28.4|jar=113|jar Gerber Second Food (4 oz)=113|jar Heinz Strained-2 (4 oz)=113
173507	Babyfood, vegetables, carrots, junior	32	0.8	7.2	3.16	0.2	1.7	cup=224|tbsp=14|oz=28.4|jar=170|jar Beech-Nut Stage 3 (6 oz)=170|jar Gerber Third Foods (6 oz)=170|jar Heinz Junior-3 (6 oz)=170
173506	Babyfood, vegetables, carrots, strained	26	0.8	6	3.64	0.1	1.7	cup=224|tbsp=14|oz=28.4|jar=113|jar Beech-Nut Baby's First (2.5 oz)=71|jar Beech-Nut Stage I (4 oz)=113|jar Gerber First Foods (2.5 oz)=71|jar Earth's Best (4.5 oz)=128|jar Gerber Second Food (4 oz)=113|jar Heinz Strained-2 (4 oz)=113|jar Heinz Beginner-1 (2.5 oz)=71
171334	Babyfood, vegetables, corn, creamed, junior	65	1.4	16.25	1.48	0.4	2.1	cup=240|tbsp=15|oz=28.4|jar=170|jar Heinz Junior-3 (6 oz)=170
172280	Babyfood, vegetables, corn, creamed, strained	57	1.4	14.1	1.23	0.4	2.1	jar=113|tbsp=15|oz=28.4|cup=240|jar Gerber Second Food (4 oz)=113|jar Beech-Nut Stage 2 (4 oz)=113|jar Heinz Strained-2 (4 oz)=113
172284	Babyfood, vegetables, garden vegetable, strained	32	2.3	6.8	2.57	0.2	1.5	oz=28.4|jar=113
172272	Babyfood, vegetables, green beans, junior	24	1.2	5.8	1.08	0.1	1.9	cup=240|tbsp=15|oz=28.4|jar=170|jar Beech-Nut Stage 3 (6 oz)=170
172271	Babyfood, vegetables, green beans, strained	27	1.2	6.29	1.88	0.17	2.2	cup=240|tbsp=15|oz=28.4|jar=113|jar Beech-Nut Stage I (4 oz)=113|jar Gerber First Foods (2.5 oz)=71|jar Gerber Second Food (4 oz)=113|jar Heinz Strained-2 (4 oz)=113|jar Heinz Beginner-1 (2.5 oz)=71
172283	Babyfood, vegetables, mix vegetables junior	36	1.4	8.2	1.78	0.4	1.5	serving 3.5 oz serving=99|tbsp=15|oz=28.4|cup=240|package 7 oz=198
173515	Babyfood, vegetables, mix vegetables strained	36	1	8.25	1.57	0.5	1.5	oz=28.4|jar=113
170939	Babyfood, vegetables, peas, strained	50	3.27	8.36	2.01	0.43	2	tbsp=16|oz=28.4|jar=95|cup=240|container=91
170941	Babyfood, vegetables, spinach, creamed, strained	37	2.5	5.7	2.33	1.3	1.8	cup=240|tbsp=15|oz=28.4|jar=113|jar Gerber Second Food (4 oz)=113
172275	Babyfood, vegetables, squash, junior	24	0.81	5.73	3.24	0.2	0.9	tbsp=16|oz=28.4|jar=99|container=67
172274	Babyfood, vegetables, squash, strained	28	0.81	5.73	3.37	0.2	0.9	tbsp=16|oz=28.4|jar=113
172276	Babyfood, vegetables, sweet potatoes strained	57	1.1	13.2	4.05	0.1	1.5	cup=224|tbsp=14|oz=28.4|jar=113|jar Beech-Nut Baby's First (2.5 oz)=71|jar Beech-Nut Stage I (4 oz)=113|jar Gerber First Foods (2.5 oz)=71|jar Earth's Best (4.5 oz)=128|jar Gerber Second Food (4 oz)=113|jar Heinz Strained-2 (4 oz)=113|jar Heinz Beginner-1 (2.5 oz)=71
172277	Babyfood, vegetables, sweet potatoes, junior	60	1.1	14	4.24	0.1	1.5	cup=224|tbsp=14|oz=28.4|jar=170|jar Beech-Nut Stage 3 (6 oz)=170|jar Gerber Third Foods (6 oz)=170|jar Heinz Junior-3 (6 oz)=170
172253	Babyfood, water, bottled, GERBER, without added fluoride	0	0	0	0	0	0	serving=113
170987	Babyfood, yogurt, whole milk, with fruit, multigrain cereal and added DHA fortified	98	3.4	13.22	11.46	3.53	0.3	oz=31|container=113
170990	Babyfood, yogurt, whole milk, with fruit, multigrain cereal and added iron fortified	92	3.05	13	11.46	3.08	0.6	tbsp=16|container=69
174602	Bacon and beef sticks	517	29.1	0.8	0.8	44.2	0	oz=28
169893	Bacon bits, meatless	476	32	28.6	0	25.9	10.2	tbsp=7
172439	Bacon, meatless	309	11.69	5.31	0	29.52	2.6	cup=144|oz cooked, yield=16|strip=5
168382	Bacon, pre-sliced, reduced/low sodium, unprepared	407	12.53	0.83	0.83	39.27	0	slice=26|package=446
171640	Bacon, turkey, low sodium	253	13.33	4.8	0	20	0	serving=15
171639	Bacon, turkey, microwaved	368	29.5	4.24	4.24	25.87	0	slice=8.1
174592	Bacon, turkey, unprepared	226	15.94	1.89		16.93		serving=14|slice 12 oz pkg=16|slice 6 oz pkg=9.8
172664	Bagels, cinnamon-raisin	274	9.8	55.2	5.98	1.7	2.3	mini bagel (2-1/2" dia)=26|small bagel (3" dia)=69|medium bagel (3-1/2" to 4" dia)=105|large bagel (4-1/2" dia)=131|oz=28.4
172665	Bagels, cinnamon-raisin, toasted	294	10.6	59.3	6.43	1.8	2.5	mini bagel (2-1/2" dia)=24|small bagel (3-1/2" to 4"dia)=65|medium bagel (4" dia)=99|large bagel (4-1/2" dia)=123|oz=28.4
174901	Bagels, egg	278	10.6	53		2.1	2.3	oz=28.4|mini bagel (2-1/2" dia)=26|small bagel (3" dia)=69|medium bagel (3-1/2" to 4" dia)=105|large bagel (4-1/2" dia)=131
171852	Bagels, multigrain	241	9.9	47.47	8.66	1.24	6.2	piece bagel=81
172666	Bagels, oat bran	255	10.7	53.3	1.63	1.2	3.6	mini bagel (2-1/2" dia)=26|small bagel (3" dia)=69|medium bagel (3-1/2" to 4" dia)=105|large bagel (4-1/2" dia)=131|oz=28.4
174899	Bagels, plain, enriched, with calcium propionate (includes onion, poppy, sesame)	264	10.56	52.38	8.43	1.32	1.6	bagel=99|mini bagel (2-1/2" dia)=26|small bagel (3" dia)=69|medium bagel (3-1/2" to 4" dia)=105|large bagel (4-1/2")=131|oz=28.4
174900	Bagels, plain, enriched, with calcium propionate (includes onion, poppy, sesame), toasted	287	11.14	57.39	9.14	1.43	1.8	mini bagel (2-1/2" dia)=24|small bagel (3" dia)=65|medium bagel (3-1/2" to 4" dia)=99|large bagel (4-1/2")=123|oz=28.4
175049	Bagels, plain, enriched, without calcium propionate (includes onion, poppy, sesame)	275	10.5	53.4		1.6	2.3	oz=28.4|mini bagel (2-1/2" dia)=26|small bagel (3" dia)=69|medium bagel (3-1/2" to 4" dia)=105|large bagel (4-1/2" dia)=131
175050	Bagels, plain, unenriched, with calcium propionate (includes onion, poppy, sesame)	275	10.5	53.4		1.6	2.3	oz=28.4|mini bagel (2-1/2" dia)=26|small bagel (3" dia)=69|medium bagel (3-1/2" to 4")=105|large bagel (4-1/2" dia)=131
175051	Bagels, plain, unenriched, without calcium propionate(includes onion, poppy, sesame)	275	10.5	53.4		1.6	2.3	oz=28.4|mini bagel (2-1/2" dia)=26|small bagel (3" dia)=69|medium bagel (3-1/2" to 4" dia)=105|large bagel (4-1/2" dia)=131
167533	Bagels, wheat	250	10.2	48.89	6.12	1.53	4.1	bagel=98
174092	Bagels, whole grain white	255	9.3	54.52	9.3	0	4.7	piece bagel 1 serving=86
169584	Baking chocolate, MARS SNACKFOOD US, M&M's Milk Chocolate Mini Baking Bits	502	4.78	68.4	62.54	23.36	2.7	serving 0.5 oz, about 1 tbsp=14
169581	Baking chocolate, MARS SNACKFOOD US, M&M's Semisweet Chocolate Mini Baking Bits	517	4.44	65.96	53.07	26.15	6.7	serving 0.5 oz, about 1 tbsp=14|package (net weight, 12 oz)=340
167999	Baking chocolate, mexican, squares	426	3.64	77.41	69.4	15.59	4	tablet=20
167567	Baking chocolate, unsweetened, liquid	472	12.1	36.2	0	47.7	18.1	oz=28.4
167568	Baking chocolate, unsweetened, squares	642	14.32	28.42	0.91	52.31	16.6	oz square Bakers=29|cup, grated=132|oz Hersheys=28.4
168495	Balsam-pear (bitter gourd), leafy tips, cooked, boiled, drained, with salt	32	3.6	6.16	1.04	0.2	1.9	cup=58
168392	Balsam-pear (bitter gourd), leafy tips, cooked, boiled, drained, without salt	34	3.6	6.68	1.04	0.2	1.9	cup=58
168391	Balsam-pear (bitter gourd), leafy tips, raw	30	5.3	3.29		0.69		leaf=4|cup=48
168496	Balsam-pear (bitter gourd), pods, cooked, boiled, drained, with salt	19	0.84	4.32	1.95	0.18	2	cup (1/2" pieces)=124
168394	Balsam-pear (bitter gourd), pods, cooked, boiled, drained, without salt	19	0.84	4.32	1.95	0.18	2	cup (1/2" pieces)=124|cup (1/2" pieces)=124
168393	Balsam-pear (bitter gourd), pods, raw	17	1	3.7		0.17	2.8	cup (1/2" pieces)=93|balsam-pear=124
169212	Bamboo shoots, canned, drained solids	19	1.72	3.22	1.89	0.4	1.4	cup (1/8" slices)=131|can (303 x 406)=262
168497	Bamboo shoots, cooked, boiled, drained, with salt	11	1.53	1.52		0.22	1	cup (1/2" slices)=120|shoot=144
169211	Bamboo shoots, cooked, boiled, drained, without salt	12	1.53	1.92		0.22	1	cup (1/2" slices)=120|shoot=144
169210	Bamboo shoots, raw	27	2.6	5.2	3	0.3	2.2	cup (1/2" slices)=151|cup (1/2" pieces)=152
173945	Bananas, dehydrated, or banana powder	346	3.89	88.28	47.3	1.81	9.9	cup=100|tbsp=6.2
173944	Bananas, raw	89	1.09	22.84	12.23	0.33	2.6	cup, mashed=225|cup, sliced=150|extra small (less than 6" long)=81|small (6" to 6-7/8" long)=101|medium (7" to 7-7/8" long)=118|large (8" to 8-7/8" long)=136|extra large (9" or longer)=152|NLEA serving=126
169783	BANQUET, Salisbury Steak With Gravy, family size, frozen, unprepared	155	6.89	6.96	0.28	11.1	1	patty=72
167806	Baobab powder	250	3.69	79.65		0.47	44.5	
171601	Barbecue loaf, pork, beef	173	15.84	6.4		8.9	0	oz=28.4|slice (5-7/8" x 3-1/2" x 1/16")=23
169739	Barley flour or meal	345	10.5	74.52	0.8	1.6	10.1	cup=148
169740	Barley malt flour	361	10.28	78.3	0.8	1.84	7.1	cup=162
170283	Barley, hulled	354	12.48	73.48	0.8	2.3	17.3	cup=184
170285	Barley, pearled, cooked	123	2.26	28.22	0.28	0.44	3.8	cup=157
170284	Barley, pearled, raw	352	9.91	77.72	0.8	1.16	15.6	cup=200
172232	Basil, fresh	23	3.15	2.65	0.3	0.64	1.6	leaves=0.5|tbsp, chopped=2.6|cup leaves, whole=24
173789	Beans, adzuki, mature seed, cooked, boiled, with salt	128	7.52	24.77		0.1	7.3	cup=230
173729	Beans, adzuki, mature seeds, canned, sweetened	237	3.8	55.01		0.03		cup=296
173728	Beans, adzuki, mature seeds, cooked, boiled, without salt	128	7.52	24.77		0.1	7.3	cup=230
173727	Beans, adzuki, mature seeds, raw	329	19.87	62.9		0.53	12.7	cup=197
168128	Beans, baked, canned, no salt added	105	4.8	20.49	7.78	0.4	5.5	cup=253
175182	Beans, baked, canned, plain or vegetarian	94	4.75	21.14	7.96	0.37	4.1	cup=254
175183	Beans, baked, canned, with beef	121	6.38	16.91		3.45		cup=266
175184	Beans, baked, canned, with franks	142	6.75	15.39	6.53	6.57	6.9	cup=259
175185	Beans, baked, canned, with pork	106	5.19	19.99		1.55	5.5	cup=253
173732	Beans, baked, canned, with pork and sweet sauce	105	4.52	21.57	8.23	0.89	4.4	cup=249
173733	Beans, baked, canned, with pork and tomato sauce	94	5.15	18.69	5.67	0.93	4	cup=246
173731	Beans, baked, home prepared	155	5.54	21.63		5.15	5.5	cup=253
175188	Beans, black turtle, mature seeds, canned	91	6.03	16.55	0.23	0.29	6.9	cup=240
175239	Beans, black turtle, mature seeds, cooked, boiled, with salt	130	8.18	24.35	0.32	0.35	8.3	cup=185
175187	Beans, black turtle, mature seeds, cooked, boiled, without salt	130	8.18	24.35	0.32	0.35	8.3	cup=185
175186	Beans, black turtle, mature seeds, raw	339	21.25	63.25	2.12	0.9	15.5	cup=184
175238	Beans, black, mature seeds, canned, low sodium	91	6.03	16.55	0.23	0.29	6.9	cup=240
175237	Beans, black, mature seeds, cooked, boiled, with salt	132	8.86	23.71	0.32	0.54	8.7	cup=172
173735	Beans, black, mature seeds, cooked, boiled, without salt	132	8.86	23.71	0.32	0.54	8.7	cup=172
173734	Beans, black, mature seeds, raw	341	21.6	62.36	2.12	1.42	15.5	cup=194|tbsp=12.1
169065	Beans, chili, barbecue, ranch style, cooked	97	5	16.9	5.25	1	4.2	cup=253
173737	Beans, cranberry (roman), mature seeds, canned	83	5.54	15.12		0.28	6.3	cup=260
175240	Beans, cranberry (roman), mature seeds, cooked, boiled, with salt	136	9.34	24.46		0.46	8.6	cup=177
173736	Beans, cranberry (roman), mature seeds, cooked, boiled, without salt	136	9.34	24.46		0.46	8.6	cup=177
175189	Beans, cranberry (roman), mature seeds, raw	335	23.03	60.05		1.23	24.7	cup=195
168574	Beans, fava, in pod, raw	88	7.92	17.63	9.21	0.73	7.5	cup=126|pod=6.1
175241	Beans, french, mature seeds, cooked, boiled, with salt	129	7.05	24.02		0.76	9.4	cup=177
173739	Beans, french, mature seeds, cooked, boiled, without salt	129	7.05	24.02		0.76	9.4	cup=177
173738	Beans, french, mature seeds, raw	343	18.81	64.11		2.02	25.2	cup=184
175192	Beans, great northern, mature seeds, canned	114	7.37	21.02	1.41	0.39	4.9	cup=262
173791	Beans, great northern, mature seeds, canned, low sodium	114	7.37	21.02	1.41	0.39	4.9	cup=262
173790	Beans, great northern, mature seeds, cooked, boiled, with salt	118	8.33	21.09		0.45	7	cup=177
175191	Beans, great northern, mature seeds, cooked, boiled, without salt	118	8.33	21.09		0.45	7	cup=177
175190	Beans, great northern, mature seeds, raw (Includes foods for USDA's Food Distribution Program)	339	21.86	62.37	2.26	1.14	20.2	cup=183
173741	Beans, kidney, all types, mature seeds, canned	84	5.22	14.5	1.85	0.6	4.3	cup=256
173792	Beans, kidney, all types, mature seeds, cooked, boiled, with salt	127	8.67	22.8	0.32	0.5	6.4	cup=177
173740	Beans, kidney, all types, mature seeds, cooked, boiled, without salt	127	8.67	22.8	0.32	0.5	6.4	cup=177|tbsp=11
175193	Beans, kidney, all types, mature seeds, raw	333	23.58	60.01	2.23	0.83	24.9	cup=184
173793	Beans, kidney, california red, mature seeds, cooked, boiled, with salt	124	9.13	22.41		0.09	9.3	cup=177
173743	Beans, kidney, california red, mature seeds, cooked, boiled, without salt	124	9.13	22.41		0.09	9.3	cup=177
173742	Beans, kidney, california red, mature seeds, raw	330	24.37	59.8		0.25	24.9	cup=184
169315	Beans, kidney, mature seeds, sprouted, cooked, boiled, drained, with salt	33	4.83	4.72		0.58		
168395	Beans, kidney, mature seeds, sprouted, cooked, boiled, drained, without salt	33	4.83	4.72		0.58		
169213	Beans, kidney, mature seeds, sprouted, raw	29	4.2	4.1		0.5		cup=184
174285	Beans, kidney, red, mature seeds, canned, drained solids	124	7.98	21.49	3.8	1.05	5.5	can drained solids=266
175243	Beans, kidney, red, mature seeds, canned, drained solids, rinsed in tap water	121	8.12	20.8		0.93	6	cup cup rinsed solids=158
175245	Beans, kidney, red, mature seeds, canned, solids and liquid, low sodium	81	5.22	14.83	1.85	0.36	5.3	cup=256|can total can contents=436
175195	Beans, kidney, red, mature seeds, canned, solids and liquids	81	5.22	14.83	1.85	0.36	4.3	cup=256|tbsp=16|can=436
175242	Beans, kidney, red, mature seeds, cooked, boiled, with salt	127	8.67	22.8	0.32	0.5	7.4	cup=177
175194	Beans, kidney, red, mature seeds, cooked, boiled, without salt	127	8.67	22.8	0.32	0.5	7.4	cup=177|tbsp=11
173744	Beans, kidney, red, mature seeds, raw	337	22.53	61.29	2.1	1.06	15.2	cup=184|tbsp=12.2
175244	Beans, kidney, royal red, mature seeds, cooked, boiled with salt	123	9.49	21.85		0.17	9.3	cup=177
175197	Beans, kidney, royal red, mature seeds, cooked, boiled, without salt	123	9.49	21.85		0.17	9.3	cup=177
175196	Beans, kidney, royal red, mature seeds, raw	329	25.33	58.33		0.45	24.9	cup=184
169885	Beans, liquid from stewed kidney beans	47	1.8	2.8	0	3.2	0.1	cup=240
170079	Beans, mung, mature seeds, sprouted, canned, drained solids	12	1.4	2.14	0.7	0.06	0.8	cup=125
173747	Beans, navy, mature seeds, canned	113	7.53	20.45	0.28	0.43	5.1	cup=262
173794	Beans, navy, mature seeds, cooked, boiled, with salt	140	8.23	26.05	0.37	0.62	10.5	cup=182
173746	Beans, navy, mature seeds, cooked, boiled, without salt	140	8.23	26.05	0.37	0.62	10.5	cup=182
173745	Beans, navy, mature seeds, raw	337	22.33	60.75	3.88	1.5	15.3	cup=208
168500	Beans, navy, mature seeds, sprouted, cooked, boiled, drained, with salt	78	7.07	15.01		0.81		
169140	Beans, navy, mature seeds, sprouted, cooked, boiled, drained, without salt	78	7.07	15.01		0.81		
169139	Beans, navy, mature seeds, sprouted, raw	67	6.15	13.05		0.7		cup=104
173795	Beans, pink, mature seeds, cooked, boiled, with salt	149	9.06	27.91	0.36	0.49	5.3	cup=169
175198	Beans, pink, mature seeds, cooked, boiled, without salt	149	9.06	27.91	0.36	0.49	5.3	cup=169
173748	Beans, pink, mature seeds, raw	343	20.96	64.19	2.14	1.13	12.7	cup=210
174286	Beans, pinto, canned, drained solids	114	6.99	20.22	0.54	0.9	5.5	can drained solids=277
168501	Beans, pinto, immature seeds, frozen, cooked, boiled, drained, with salt	162	9.31	30.87		0.48	5.4	package (10 oz) yields=284.8|package (10 oz) yields=284
169959	Beans, pinto, immature seeds, frozen, cooked, boiled, drained, without salt	162	9.31	30.87		0.48	5.4	package (10 oz) yields=284.8|package (10 oz) yields=284
169958	Beans, pinto, immature seeds, frozen, unprepared	170	9.8	32.5		0.5	5.7	package (10 oz)=284.8|package (10 oz)=284
173797	Beans, pinto, mature seeds, canned, drained solids, rinsed in tap water	117	7.04	20.77		0.97		cup=169|can=258
175201	Beans, pinto, mature seeds, canned, solids and liquids	82	4.6	15.18	1.02	0.56	4.6	cup=240|can=442
175247	Beans, pinto, mature seeds, canned, solids and liquids, low sodium	82	4.6	15.18	1.02	0.56	4.6	cup=240|can total can contents=442
173796	Beans, pinto, mature seeds, cooked, boiled, with salt	143	9.01	26.22	0.34	0.65	9	cup=171
175200	Beans, pinto, mature seeds, cooked, boiled, without salt	143	9.01	26.22	0.34	0.65	9	cup=171|tbsp=10.6
175199	Beans, pinto, mature seeds, raw (Includes foods for USDA's Food Distribution Program)	347	21.42	62.55	2.11	1.23	15.5	cup=193|tbsp=12
169319	Beans, pinto, mature seeds, sprouted, cooked, boiled, drained, with salt	20	1.86	3.5		0.32		
170087	Beans, pinto, mature seeds, sprouted, cooked, boiled, drained, without salt	22	1.86	4.1		0.32		
170086	Beans, pinto, mature seeds, sprouted, raw	62	5.25	11.6		0.9		
169960	Beans, shellie, canned, solids and liquids	30	1.76	6.19	0.63	0.19	3.4	cup=245
175246	Beans, small white, mature seeds, cooked, boiled, with salt	142	8.97	25.81		0.64	10.4	cup=179
173750	Beans, small white, mature seeds, cooked, boiled, without salt	142	8.97	25.81		0.64	10.4	cup=179
173749	Beans, small white, mature seeds, raw	336	21.11	62.25		1.18	24.9	cup=215
169144	Beans, snap, canned, all styles, seasoned, solids and liquids	16	0.83	3.49		0.2	1.5	cup=228|can (303 x 406)=439
168505	Beans, snap, green, canned, no salt added, drained solids	22	1.12	4.32	0.78	0.46	1.9	cup=153|beans=6.2|can (303 x 406)=262
168502	Beans, snap, green, canned, no salt added, solids and liquids	15	0.8	3.5		0.1	1.5	cup=240|can (303 x 406)=439
169143	Beans, snap, green, canned, regular pack, drained solids	21	1.05	4.19	1.44	0.41	1.9	cup=135|beans=6.2|can (303 x 406)=262
169142	Beans, snap, green, canned, regular pack, solids and liquids	15	0.72	3.27	1.25	0.17	1.5	cup=240|can total can contents=423
169321	Beans, snap, green, cooked, boiled, drained, with salt	35	1.89	7.88	3.63	0.28	3.2	cup=125
169141	Beans, snap, green, cooked, boiled, drained, without salt	35	1.89	7.88	3.63	0.28	3.2	cup=125
169964	Beans, snap, green, frozen, all styles, microwaved	33	1.98	6.98	2.6	0.41	3.4	cup=111
169962	Beans, snap, green, frozen, all styles, unprepared (Includes foods for USDA's Food Distribution Program)	33	1.79	7.54	2.21	0.21	2.6	cup=121|package (10 oz)=284
169963	Beans, snap, green, frozen, cooked, boiled, drained without salt	28	1.49	6.45	1.88	0.17	3	cup=135
169325	Beans, snap, green, frozen, cooked, boiled, drained, with salt	28	1.49	6.45	1.88	0.17	3	cup=135
169965	Beans, snap, green, microwaved	33	2.31	6.41	3.22	0.5	3.4	cup 1/2" pieces=116
169961	Beans, snap, green, raw	31	1.83	6.97	3.26	0.22	2.7	cup 1/2" pieces=100|beans (4" long)=5.5
169375	Beans, snap, yellow, canned, no salt added, drained solids	20	1.15	4.5	0.78	0.1	1.3	cup=153|beans=6.2|can (303 x 406)=262
168504	Beans, snap, yellow, canned, no salt added, solids and liquids	15	0.8	3.5	0.62	0.1	1.5	cup=240|can (303 x 406)=439
169374	Beans, snap, yellow, canned, regular pack, drained solids	20	1.15	4.5	0.78	0.1	1.3	cup=153|beans=6.2|can (303 x 406)=262
168503	Beans, snap, yellow, canned, regular pack, solids and liquids	15	0.8	3.5	0.62	0.1	1.5	cup=240|can (303 x 406)=439
169323	Beans, snap, yellow, cooked, boiled, drained, with salt	35	1.89	7.88	3.63	0.28	3.3	cup=125
169322	Beans, snap, yellow, cooked, boiled, drained, without salt	35	1.89	7.88	3.63	0.28	3.3	cup=125
169324	Beans, snap, yellow, frozen, all styles, unprepared	33	1.8	7.58	2.22	0.21	2.8	cup=121|package (10 oz)=284
169327	Beans, snap, yellow, frozen, cooked, boiled, drained, with salt	28	1.49	6.45	1.88	0.17	3	cup=135
169326	Beans, snap, yellow, frozen, cooked, boiled, drained, without salt	28	1.49	6.45	1.88	0.17	3	cup=135
169320	Beans, snap, yellow, raw	31	1.82	7.13	3.27	0.12	3.4	cup 1/2" pieces=100|beans (4" long)=5.5
175204	Beans, white, mature seeds, canned	114	7.26	21.2	0.29	0.29	4.8	cup=262
175249	Beans, white, mature seeds, cooked, boiled, with salt	139	9.73	25.09	0.34	0.35	6.3	cup=179
175203	Beans, white, mature seeds, cooked, boiled, without salt	139	9.73	25.09	0.34	0.35	6.3	cup=179|tbsp=11.2
175202	Beans, white, mature seeds, raw	333	23.36	60.27	2.11	0.85	15.2	cup=202|tbsp=12.6
175248	Beans, yellow, mature seeds, cooked, boiled, with salt	144	9.16	25.28	0.34	1.08	10.4	cup=177
173752	Beans, yellow, mature seeds, cooked, boiled, without salt	144	9.16	25.28	0.34	1.08	10.4	cup=177
173751	Beans, yellow, mature seeds, raw	345	22	60.7		2.6	25.1	cup=196
169793	Bear, black, meat (Alaska Native)	155	20.1	0		8.3		
169794	Bear, polar, meat, raw (Alaska Native)	130	25.6	0		3.1		
174013	Beef composite, separable lean only, trimmed to 1/8" fat, choice, cooked	203	28.73	0	0	9.16	0	oz=28.3
172090	Beef macaroni with tomato sauce, frozen entree, reduced fat	113	5.89	17.99	3.8	1.96	1.4	serving=269|oz=28.4
172093	Beef Pot Pie, frozen entree, prepared	220	7.25	22.05		11.39	0.8	pie, cooked (average weight)=268
173330	Beef stew, canned entree	99	4.41	7.85	1.76	5.53	0.9	cup (1 serving)=196
171728	Beef, Australian, imported, grass-fed, external fat, raw	509	11.32	0.39	0	51.36	0	oz=28.2
173068	Beef, Australian, imported, grass-fed, ground, 85% lean / 15% fat, raw	239	17.72	0	0	18.12	0	oz (4 oz)=28.2
173969	Beef, Australian, imported, grass-fed, loin, tenderloin steak/roast, boneless, separable lean and fat, raw	151	20.53	0.01	0	7.63	0	oz=28.2|steak=150
173965	Beef, Australian, imported, grass-fed, loin, tenderloin steak/roast, boneless, separable lean only, raw	138	20.85	0	0	6.11	0	oz=28.2|steak=150
171733	Beef, Australian, imported, grass-fed, loin, top loin steak/roast, boneless, separable lean and fat, raw	199	19.9	0.11	0	13.17	0	oz=28.2|roast=339
173970	Beef, Australian, imported, grass-fed, loin, top loin steak/roast, boneless, separable lean only, raw	131	21.79	0	0	4.87	0	oz=28.2|roast=339
171739	Beef, Australian, imported, grass-fed, loin, top sirloin cap-off steak/roast, boneless, separable lean and fat, raw	127	21.77	0.01	0	4.45	0	oz=28.2|roast=449
171734	Beef, Australian, imported, grass-fed, loin, top sirloin cap-off steak/roast, boneless, separable lean only, raw	122	21.9	0	0	3.87	0	oz=28.2|roast=449
173975	Beef, Australian, imported, grass-fed, rib, ribeye steak/roast lip-on, boneless, separable lean and fat, raw	217	19.8	0.11	0	15.21	0	oz=28.2|roast=350
171735	Beef, Australian, imported, grass-fed, rib, ribeye steak/roast lip-on, boneless, separable lean only, raw	160	21.47	0	0	8.2	0	oz=28.2|roast=350
173976	Beef, Australian, imported, grass-fed, round, bottom round steak/roast, boneless, separable lean and fat, raw	140	21.13	0.01	0	6.16	0	oz=28.2|roast=337
173971	Beef, Australian, imported, grass-fed, round, bottom round steak/roast, boneless, separable lean only, raw	130	21.4	0	0	4.93	0	oz=28.2|roast=337
173977	Beef, Australian, imported, grass-fed, round, top round cap-off steak/roast, boneless, separable lean and fat, raw	129	22.24	0	0	4.4	0	oz=28.2|roast=763
173972	Beef, Australian, imported, grass-fed, round, top round cap-off steak/roast, boneless, separable lean only, raw	129	22.41	0	0	4.43	0	oz=28.2|roast=763
171729	Beef, Australian, imported, grass-fed, seam fat, raw	562	9.58	1.06	0	57.73	0	oz=28.2
171730	Beef, Australian, imported, Wagyu, external fat, Aust. marble score 4/5, raw	596	6.54	0	0	63.27	0	oz=28.2
173967	Beef, Australian, imported, Wagyu, external fat, Aust. marble score 9, raw	639	5.54	0.97	0	68.07	0	oz=28.2
171732	Beef, Australian, imported, Wagyu, loin, tenderloin steak/roast, boneless, separable lean and fat, Aust. marble score 4/5, raw	206	19.71	0	0	14.09	0	oz=28.2|steak=152
171742	Beef, Australian, imported, Wagyu, loin, tenderloin steak/roast, boneless, separable lean and fat, Aust. marble score 9, raw	248	18.5	0.58	0	19.11	0	oz=28.2|steak=173
173966	Beef, Australian, imported, Wagyu, loin, tenderloin steak/roast, boneless, separable lean only, Aust. marble score 4/5, raw	191	20.19	0	0	12.3	0	oz=28.2|steak=152
173973	Beef, Australian, imported, Wagyu, loin, tenderloin steak/roast, boneless, separable lean only, Aust. marble score 9, raw	237	18.87	0.57	0	17.73	0	oz=28.2|steak=173
173978	Beef, Australian, imported, Wagyu, loin, top loin steak/roast, boneless, separable lean and fat, Aust. marble score 4/5, raw	289	17.67	0.12	0	24.2	0	oz=28.2|roast=348
173974	Beef, Australian, imported, Wagyu, loin, top loin steak/roast, boneless, separable lean only, Aust. marble score 4/5, raw	223	20.15	0.2	0	15.69	0	oz=28.2|roast=348
171736	Beef, Australian, imported, Wagyu, loin, top loin steak/roast, boneless, separable lean only, Aust. marble score 9, raw	331	16.92	0.13	0	29.15	0	oz=28.2|roast=359
173979	Beef, Australian, imported, Wagyu, loin, top loin steak/roast, separable lean and fat, Aust. marble score 9, raw	392	14.58	0.14	0	36.98	0	oz=28.2|roast=359
171740	Beef, Australian, imported, Wagyu, rib, small end rib steak/roast, boneless, separable lean and fat, Aust. marble score 4/5, raw	317	17.07	0	0	27.64	0	oz=28.2|roast=342
171741	Beef, Australian, imported, Wagyu, rib, small end rib steak/roast, boneless, separable lean and fat, Aust. marble score 9, raw	404	14.54	0.28	0	38.3	0	oz=28.2|roast=377
171737	Beef, Australian, imported, Wagyu, rib, small end rib steak/roast, boneless, separable lean only, Aust. marble score 4/5, raw	234	20.35	0	0	16.93	0	oz=28.2|roast=342
171738	Beef, Australian, imported, Wagyu, rib, small end rib steak/roast, boneless, separable lean only, Aust. marble score 9, raw	330	17.61	0.46	0	28.61	0	oz=28.2|roast=377
171731	Beef, Australian, imported, Wagyu, seam fat, Aust. marble score 4/5, raw	594	6	0		63.3	0	oz=28.2
173968	Beef, Australian, imported, Wagyu, seam fat, Aust. marble score 9, raw	627	5.16	0	0	67.33	0	oz=28.2
168118	Beef, bologna, reduced sodium	310	11.7	2	0	28.4	0	cup pieces=138|slice, medium=28|slice, thick=43|slice, thin=14
169558	Beef, bottom sirloin, tri-tip roast, separable lean and fat, trimmed to 0" fat, all grades, cooked, roasted	211	26.05	0	0	11.07	0	oz=28.3|roast (yield from 690g raw meat)=569
168734	Beef, bottom sirloin, tri-tip roast, separable lean and fat, trimmed to 0" fat, all grades, raw	165	20.64	0	0	8.55	0	oz=28.2|roast=261
168735	Beef, bottom sirloin, tri-tip roast, separable lean and fat, trimmed to 0" fat, choice, cooked, roasted	221	25.66	0	0	12.36	0	oz=28.3|roast (yield from 714 g raw meat)=591
168736	Beef, bottom sirloin, tri-tip roast, separable lean and fat, trimmed to 0" fat, choice, raw	174	20.64	0	0	9.51	0	oz=28.2|roast=271
168737	Beef, bottom sirloin, tri-tip roast, separable lean and fat, trimmed to 0" fat, select, cooked, roasted	201	26.44	0	0	9.78	0	oz=28.3|roast (yield from 666 g raw meat)=547
169559	Beef, bottom sirloin, tri-tip roast, separable lean and fat, trimmed to 0" fat, select, raw	157	20.64	0	0	7.68	0	oz=28.2|roast=252
174770	Beef, bottom sirloin, tri-tip roast, separable lean only, trimmed to 0" fat, all grades, raw	142	21.26	0	0	5.63	0	oz=28.2|roast=261
174771	Beef, bottom sirloin, tri-tip roast, separable lean only, trimmed to 0" fat, choice, cooked, roasted	193	26.34	0	0	9.73	0	oz=28.3|roast=591
174772	Beef, bottom sirloin, tri-tip roast, separable lean only, trimmed to 0" fat, choice, raw	154	21.17	0	0	7.06	0	oz=28.2|roast=271
174773	Beef, bottom sirloin, tri-tip roast, separable lean only, trimmed to 0" fat, select, cooked, roasted	179	27.17	0	0	6.95	0	oz=28.3|roast (yield from 666 g raw meat)=547
173124	Beef, bottom sirloin, tri-tip roast, separable lean only, trimmed to 0" fat, select, raw	129	21.34	0	0	4.21	0	oz=28.2|roast=252
168656	Beef, brisket, flat half, boneless separable lean only, trimmed to 0" fat, all grades, raw	132	21.47	0	0	5.11	0	oz=28.2|piece=1855
168714	Beef, brisket, flat half, boneless, separable lean and fat, trimmed to 0" fat, all grades, raw	165	20.32	0	0	9.29	0	oz=28.2|piece=1855
168743	Beef, brisket, flat half, boneless, separable lean and fat, trimmed to 0" fat, choice, raw	169	20.15	0	0	9.86	0	oz=28.2|piece=1780
169570	Beef, brisket, flat half, boneless, separable lean and fat, trimmed to 0" fat, select, raw	158	20.57	0	0	8.45	0	oz=28.2|piece=514
168657	Beef, brisket, flat half, boneless, separable lean only, trimmed to 0" fat, choice, raw	137	21.28	0	0	5.75	0	oz=28.2|piece=1780
168658	Beef, brisket, flat half, boneless, separable lean only, trimmed to 0" fat, select, raw	124	21.74	0	0	4.14	0	oz=28.2|piece=1967
170613	Beef, brisket, flat half, separable lean and fat, trimmed to 0" fat, all grades, cooked, braised	213	32.9	0	0	8.01	0	oz=28.3|steak (Yield from 418 g raw meat)=270
169440	Beef, brisket, flat half, separable lean and fat, trimmed to 0" fat, choice, cooked, braised	221	32.21	0	0	9.24	0	oz=28.3|steak (Yield from 448 g raw meat)=293
169555	Beef, brisket, flat half, separable lean and fat, trimmed to 0" fat, select, cooked, braised	205	33.59	0	0	6.77	0	oz=28.3|steak (yield from 388 g raw meat)=247
169488	Beef, brisket, flat half, separable lean and fat, trimmed to 1/8" fat, all grades, cooked, braised	289	28.82	0	0	18.42	0	oz=28.3|steak (yield from raw steak weighing 550 g)=380
168666	Beef, brisket, flat half, separable lean and fat, trimmed to 1/8" fat, all grades, raw	277	17.94	0	0	22.18	0	oz=28.3|steak=452
173130	Beef, brisket, flat half, separable lean and fat, trimmed to 1/8" fat, choice, cooked, braised	298	28.66	0	0	19.47	0	oz=28.3|steak (yield from 593 g raw meat)=409
173128	Beef, brisket, flat half, separable lean and fat, trimmed to 1/8" fat, choice, raw	278	18.12	0.12	0	22.15	0	oz=28.2|steak=434
169432	Beef, brisket, flat half, separable lean and fat, trimmed to 1/8" fat, select, cooked, braised	280	28.97	0	0	17.37	0	oz=28.3|steak=350
173129	Beef, brisket, flat half, separable lean and fat, trimmed to 1/8" fat, select, raw	276	17.77	0	0	22.21	0	oz=28.2|steak=470
170210	Beef, brisket, flat half, separable lean only, trimmed to 0" fat, all grades, cooked, braised	205	33.26	0	0	6.99	0	oz=28.3|steak (yield from 418g raw meat)=270
170601	Beef, brisket, flat half, separable lean only, trimmed to 0" fat, choice, cooked, braised	212	32.62	0	0	8.07	0	oz=28.3|steak=293
169469	Beef, brisket, flat half, separable lean only, trimmed to 0" fat, select, cooked, braised	198	33.9	0	0	5.92	0	oz=28.3|steak=247
174047	Beef, brisket, flat half, separable lean only, trimmed to 1/8" fat, all grades, cooked, braised	196	33.15	0	0	6	0	oz=28.3|lb=453.6
174048	Beef, brisket, flat half, separable lean only, trimmed to 1/8" fat, all grades, raw	127	21.57	0	0	3.84	0	oz=28.2|lb=453.6
171818	Beef, brisket, flat half, separable lean only, trimmed to 1/8" fat, choice, cooked, braised	203	33.13	0	0	6.79	0	oz=28.3|lb=453.6
174057	Beef, brisket, flat half, separable lean only, trimmed to 1/8" fat, choice, raw	129	21.69	0	0	4.06	0	oz=28.2|lb=453.6
174768	Beef, brisket, flat half, separable lean only, trimmed to 1/8" fat, select, cooked, braised	189	33.18	0	0	5.21	0	oz=28.3|lb=453.6
174766	Beef, brisket, flat half, separable lean only, trimmed to 1/8" fat, select, raw	124	21.45	0	0	3.61	0	oz=28.2|lb=453.6
170211	Beef, brisket, point half, separable lean and fat, trimmed to 0" fat, all grades, cooked, braised	358	23.53	0	0	28.5	0	oz=28.3|piece, cooked, excluding refuse (yield from 1 lb raw meat with refuse)=314
169490	Beef, brisket, point half, separable lean and fat, trimmed to 1/8" fat, all grades, cooked, braised	349	24.4	0	0	27.17	0	oz=28.3|piece, cooked, excluding refuse (yield from 1 lb raw meat with refuse)=332
169489	Beef, brisket, point half, separable lean and fat, trimmed to 1/8" fat, all grades, raw	267	17.65	0.59	0	20.98	0	oz=28.2|lb=453.6
170212	Beef, brisket, point half, separable lean only, trimmed to 0" fat, all grades, cooked, braised	244	28.05	0	0	13.8	0	oz=28.3|piece, cooked, excluding refuse (yield from 1 lb raw meat with refuse)=232
170611	Beef, brisket, whole, separable lean and fat, trimmed to 0" fat, all grades, cooked, braised	291	26.79	0	0	19.52	0	oz=28.3|piece, cooked, excluding refuse (yield from 1 lb raw meat with refuse)=314
168665	Beef, brisket, whole, separable lean and fat, trimmed to 1/8" fat, all grades, cooked, braised	331	25.85	0	0	24.5	0	oz=28.3|piece, cooked, excluding refuse (yield from 1 lb raw meat with refuse)=329
168664	Beef, brisket, whole, separable lean and fat, trimmed to 1/8" fat, all grades, raw	253	18.42	0.56	0	19.06	0	oz=28.2|lb=453.6
168607	Beef, brisket, whole, separable lean only, all grades, raw	157	20.72	0.6	0	7.37	0	oz=28.2|lb=453.6
170612	Beef, brisket, whole, separable lean only, trimmed to 0" fat, all grades, cooked, braised	218	29.75	0	0	10.08	0	oz=28.3|piece, cooked, excluding refuse (yield from 1 lb raw meat with refuse)=264
169430	Beef, carcass, separable lean and fat, choice, raw	291	17.32	0		24.05	0	oz=28.4|lb=453.6
169431	Beef, carcass, separable lean and fat, select, raw	278	17.48	0		22.55	0	oz=28.4|lb=453.6
170607	Beef, chopped, cured, smoked	133	20.19	1.86		4.42	0	slice (1 oz)=28
171227	Beef, chuck eye Country-Style ribs, boneless, separable lean and fat, trimmed to 0" fat, all grades, cooked, braised	296	27.69	0	0	20.55	0	oz=28.3|piece=227
170831	Beef, chuck eye Country-Style ribs, boneless, separable lean and fat, trimmed to 0" fat, all grades, raw	205	18.97	0	0	14.32	0	oz=28.2|piece=331
170829	Beef, chuck eye Country-Style ribs, boneless, separable lean and fat, trimmed to 0" fat, choice, cooked, braised	303	27.16	0	0	21.56	0	oz=28.3|piece=224
170832	Beef, chuck eye Country-Style ribs, boneless, separable lean and fat, trimmed to 0" fat, choice, raw	210	18.87	0	0	14.99	0	oz=28.2|piece=325
170830	Beef, chuck eye Country-Style ribs, boneless, separable lean and fat, trimmed to 0" fat, select, cooked, braised	285	28.47	0	0	19.03	0	oz=28.3|piece=231
170833	Beef, chuck eye Country-Style ribs, boneless, separable lean and fat, trimmed to 0" fat, select, raw	196	19.1	0	0	13.33	0	oz=28.2|piece=340
170799	Beef, chuck eye Country-Style ribs, boneless, separable lean only, trimmed to 0" fat, all grades, cooked, braised	228	31.41	0	0	11.43	0	oz=28.3|piece=227
171195	Beef, chuck eye Country-Style ribs, boneless, separable lean only, trimmed to 0" fat, all grades, raw	146	20.96	0	0	6.95	0	oz=28.2|piece=331
170797	Beef, chuck eye Country-Style ribs, boneless, separable lean only, trimmed to 0" fat, choice, cooked, braised	234	30.95	0	0	12.22	0	oz=28.3|piece=224
170800	Beef, chuck eye Country-Style ribs, boneless, separable lean only, trimmed to 0" fat, choice, raw	152	20.87	0	0	7.67	0	oz=28.2|piece=325
170798	Beef, chuck eye Country-Style ribs, boneless, separable lean only, trimmed to 0" fat, select, cooked, braised	221	32.1	0	0	10.24	0	oz=28.3|piece=231
171194	Beef, chuck eye Country-Style ribs, boneless, separable lean only, trimmed to 0" fat, select, raw	137	21.1	0	0	5.89	0	oz=28.2|piece=340
170820	Beef, chuck eye roast, boneless, America's Beef Roast, separable lean and fat, trimmed to 0" fat, all grades, cooked, roasted	236	24.63	0	0	15.29	0	oz=28.3|roast=609
168660	Beef, chuck eye roast, boneless, America's Beef Roast, separable lean and fat, trimmed to 0" fat, all grades, raw	180	19.18	0	0	11.48	0	oz=28.2|roast=723
171215	Beef, chuck eye roast, boneless, America's Beef Roast, separable lean and fat, trimmed to 0" fat, choice, cooked, roasted	241	24.47	0	0	15.87	0	oz=28.3|roast=586
168661	Beef, chuck eye roast, boneless, America's Beef Roast, separable lean and fat, trimmed to 0" fat, choice, raw	185	19.14	0	0	12.02	0	oz=28.2|roast=698
171216	Beef, chuck eye roast, boneless, America's Beef Roast, separable lean and fat, trimmed to 0" fat, select, cooked, roasted	229	24.86	0	0	14.41	0	oz=28.3|roast=645
168662	Beef, chuck eye roast, boneless, America's Beef Roast, separable lean and fat, trimmed to 0" fat, select, raw	173	19.25	0	0	10.67	0	oz=28.2|roast=761
168674	Beef, chuck eye roast, boneless, America's Beef Roast, separable lean only, trimmed to 0" fat, all grades, cooked, roasted	183	26.65	0	0	8.46	0	oz=28.3|roast=609
169565	Beef, chuck eye roast, boneless, America's Beef Roast, separable lean only, trimmed to 0" fat, all grades, raw	137	20.61	0	0	6.01	0	oz=28.2|roast=1289
169496	Beef, chuck eye roast, boneless, America's Beef Roast, separable lean only, trimmed to 0" fat, choice, cooked, roasted	190	26.41	0	0	9.36	0	oz=28.3|roast=586
169566	Beef, chuck eye roast, boneless, America's Beef Roast, separable lean only, trimmed to 0" fat, choice, raw	139	20.67	0	0	6.21	0	oz=28.2|roast=1263
169497	Beef, chuck eye roast, boneless, America's Beef Roast, separable lean only, trimmed to 0" fat, select, cooked, roasted	172	27.02	0	0	7.12	0	oz=28.3|roast=645
168742	Beef, chuck eye roast, boneless, America's Beef Roast, separable lean only, trimmed to 0" fat, select, raw	133	20.52	0	0	5.71	0	oz=28.2|roast=1327
171228	Beef, chuck eye steak, boneless, separable lean and fat, trimmed to 0" fat, all grades, cooked, grilled	277	24.98	0	0	19.64	0	oz=28.3|steak=308
171231	Beef, chuck eye steak, boneless, separable lean and fat, trimmed to 0" fat, all grades, raw	223	18.86	0	0	16.35	0	oz=28.2|steak=384
171229	Beef, chuck eye steak, boneless, separable lean and fat, trimmed to 0" fat, choice, cooked, grilled	283	24.95	0	0	20.35	0	oz=28.3|steak=307
170834	Beef, chuck eye steak, boneless, separable lean and fat, trimmed to 0" fat, choice, raw	227	18.86	0	0	16.85	0	oz=28.2|steak=382
171230	Beef, chuck eye steak, boneless, separable lean and fat, trimmed to 0" fat, select, cooked, grilled	267	25.03	0	0	18.57	0	oz=28.3|steak=309
170835	Beef, chuck eye steak, boneless, separable lean and fat, trimmed to 0" fat, select, raw	216	18.86	0	0	15.6	0	oz=28.2|steak=386
170801	Beef, chuck eye steak, boneless, separable lean only, trimmed to 0" fat, all grades, cooked, grilled	209	27.94	0	0	10.79	0	oz=28.3|steak=308
170804	Beef, chuck eye steak, boneless, separable lean only, trimmed to 0" fat, all grades, raw	153	21.29	0	0	7.56	0	oz=28.2|steak=384
171196	Beef, chuck eye steak, boneless, separable lean only, trimmed to 0" fat, choice, cooked, grilled	215	27.97	0	0	11.47	0	oz=28.3|steak=307
170802	Beef, chuck eye steak, boneless, separable lean only, trimmed to 0" fat, choice, raw	160	21.31	0	0	8.29	0	oz=28.2|steak=382
171197	Beef, chuck eye steak, boneless, separable lean only, trimmed to 0" fat, select, cooked, grilled	199	27.88	0	0	9.77	0	oz=28.3|steak=309
170803	Beef, chuck eye steak, boneless, separable lean only, trimmed to 0" fat, select, raw	143	21.28	0	0	6.47	0	oz=28.2|steak=386
171203	Beef, chuck for stew, separable lean and fat, all grades, cooked, braised	191	32.41	0	0	6.82	0	oz=28.3|lb=453.6
171206	Beef, chuck for stew, separable lean and fat, all grades, raw	128	21.75	0.16	0	4.48	0	oz=28.2
171205	Beef, chuck for stew, separable lean and fat, choice, cooked, braised	194	32.49	0	0	7.14	0	oz=28.3
170810	Beef, chuck for stew, separable lean and fat, choice, raw	130	21.64	0.12	0	4.81	0	oz=28.2
171204	Beef, chuck for stew, separable lean and fat, select, cooked, braised	186	32.29	0	0	6.34	0	oz=28.3
170809	Beef, chuck for stew, separable lean and fat, select, raw	124	21.9	0.21	0	3.99	0	oz=28.2
170213	Beef, chuck, arm pot roast, separable lean and fat, trimmed to 0" fat, all grades, cooked, braised	297	28.94	0	0	19.17	0	oz=28.3|roast (yield from 1601 g raw meat)=1166
170614	Beef, chuck, arm pot roast, separable lean and fat, trimmed to 0" fat, select, cooked, braised	283	29.23	0	0	17.56	0	oz=28.3|roast (yield from 1675 g raw meat)=1236
168667	Beef, chuck, arm pot roast, separable lean and fat, trimmed to 1/8" fat, all grades, cooked, braised	302	30.12	0	0	19.22	0	oz=28.3|piece, cooked, excluding refuse (yield from 1 lb raw meat with refuse)=258
169491	Beef, chuck, arm pot roast, separable lean and fat, trimmed to 1/8" fat, all grades, raw	244	19.23	0	0	17.98	0	oz=28.2|lb=453.6
168669	Beef, chuck, arm pot roast, separable lean and fat, trimmed to 1/8" fat, choice, cooked, braised	309	30.2	0	0	19.93	0	oz=28.3|piece, cooked, excluding refuse (yield from 1 lb raw meat with refuse)=258
168668	Beef, chuck, arm pot roast, separable lean and fat, trimmed to 1/8" fat, choice, raw	249	19.14	0	0	18.57	0	oz=28.2|roast=1801|lb=453.6
169492	Beef, chuck, arm pot roast, separable lean and fat, trimmed to 1/8" fat, select, cooked, braised	295	30.05	0	0	18.5	0	oz=28.3|piece, cooked, excluding refuse (yield from 1 lb raw meat with refuse)=257
168670	Beef, chuck, arm pot roast, separable lean and fat, trimmed to 1/8" fat, select, raw	239	19.33	0	0	17.39	0	oz=28.2|roast=1783|lb=453.6
170615	Beef, chuck, arm pot roast, separable lean only, trimmed to 0" fat, choice, cooked, braised	212	33.36	0	0	7.67	0	oz=28.3|roast (yield from 1528g raw meat)=1095
170616	Beef, chuck, arm pot roast, separable lean only, trimmed to 0" fat, select, cooked, braised	195	33.37	0	0	5.8	0	oz=28.3|roast (yield from 1675 g raw meat)=1236
174050	Beef, chuck, arm pot roast, separable lean only, trimmed to 1/8" fat, all grades, cooked, braised	214	34.66	0	0	7.36	0	oz=28.3|lb=453.6
174051	Beef, chuck, arm pot roast, separable lean only, trimmed to 1/8" fat, all grades, raw	132	22.11	0	0	4.19	0	oz=28.2|lb=453.6
171817	Beef, chuck, arm pot roast, separable lean only, trimmed to 1/8" fat, choice, cooked, braised	224	34.72	0	0	8.37	0	oz=28.3|lb=453.6
174056	Beef, chuck, arm pot roast, separable lean only, trimmed to 1/8" fat, choice, raw	139	21.96	0	0	5.05	0	oz=28.2|lb=453.6
174767	Beef, chuck, arm pot roast, separable lean only, trimmed to 1/8" fat, select, cooked, braised	205	34.6	0	0	6.35	0	oz=28.3|lb=453.6
174765	Beef, chuck, arm pot roast, separable lean only, trimmed to 1/8" fat, select, raw	125	22.26	0	0	3.32	0	oz=28.2|lb=453.6
170617	Beef, chuck, blade roast, separable lean and fat, trimmed to 0" fat, all grades, cooked, braised	334	27.18	0	0	24.14	0	piece, cooked, excluding refuse (yield from 1 lb raw meat with refuse)=235|oz=28.3
169494	Beef, chuck, blade roast, separable lean and fat, trimmed to 1/8" fat, all grades, cooked, braised	341	26.78	0	0	25.12	0	oz=28.3|piece, cooked, excluding refuse (yield from 1 lb raw meat with refuse)=247
169493	Beef, chuck, blade roast, separable lean and fat, trimmed to 1/8" fat, all grades, raw	248	17.16	0	0	19.41	0	oz=28.2|lb=453.6
168671	Beef, chuck, blade roast, separable lean and fat, trimmed to 1/8" fat, choice, cooked, braised	359	26.37	0	0	27.26	0	oz=28.3|piece, cooked, excluding refuse (yield from 1 lb raw meat with refuse)=247
169495	Beef, chuck, blade roast, separable lean and fat, trimmed to 1/8" fat, choice, raw	268	16.98	0.97	0	21.31	0	oz=28.2|lb=453.6
168673	Beef, chuck, blade roast, separable lean and fat, trimmed to 1/8" fat, select, cooked, braised	318	27.33	0	0	22.35	0	oz=28.3|piece, cooked, excluding refuse (yield from 1 lb raw meat with refuse)=247
168672	Beef, chuck, blade roast, separable lean and fat, trimmed to 1/8" fat, select, raw	230	17.37	0	0	17.33	0	oz=28.2|lb=453.6
170215	Beef, chuck, blade roast, separable lean only, trimmed to 0" fat, all grades, cooked, braised	253	31.06	0	0	13.3	0	oz=28.3|piece, cooked, excluding refuse (yield from 1 lb raw meat with refuse)=191
174027	Beef, chuck, clod roast, separable lean and fat, trimmed to 0" fat, all grades, cooked, roasted	207	25.7	0	0	10.84	0	oz=28.3|lb=453.6
174023	Beef, chuck, clod roast, separable lean and fat, trimmed to 0" fat, choice, cooked, roasted	216	24.61	0	0	12.26	0	oz=28.3|lb=453.6
171784	Beef, chuck, clod roast, separable lean and fat, trimmed to 0" fat, select, cooked, roasted	196	27.3	0	0	8.76	0	oz=28.3|lb=453.6
174019	Beef, chuck, clod roast, separable lean only, trimmed to 0" fat, all grades, cooked, roasted	172	26.82	0	0	6.34	0	oz ( 1 serving )=28.3|lb=453.6
169553	Beef, chuck, clod roast, separable lean only, trimmed to 0" fat, choice, cooked, roasted	171	25.95	0	0	6.69	0	oz=28.3
168730	Beef, chuck, clod roast, separable lean only, trimmed to 0" fat, select, cooked, roasted	172	28.09	0	0	5.82	0	oz=28.3
171780	Beef, chuck, clod roast, separable lean only, trimmed to 1/4" fat, all grades, cooked, roasted	173	26.36	0	0	6.75	0	oz=28.3|lb=453.6
174018	Beef, chuck, clod roast, separable lean only, trimmed to 1/4" fat, all grades, raw	129	19.63	0	0	5.02	0	oz=28.2|lb=453.6
171782	Beef, chuck, clod steak, separable lean only, trimmed to 1/4" fat, all grades, cooked, braised	189	29.34	0	0	7.04	0	oz=28.3|lb=453.6
170821	Beef, chuck, mock tender steak, boneless, separable lean and fat, trimmed to 0" fat, all grades, cooked, braised	220	32.07	0	0	10.18	0	oz=28.3|steak=141
170824	Beef, chuck, mock tender steak, boneless, separable lean and fat, trimmed to 0" fat, all grades, raw	128	21.13	0	0	4.79	0	oz=28.2|steak=198
170822	Beef, chuck, mock tender steak, boneless, separable lean and fat, trimmed to 0" fat, choice, cooked, braised	225	32.21	0	0	10.74	0	oz=28.3|steak=141
171220	Beef, chuck, mock tender steak, boneless, separable lean and fat, trimmed to 0" fat, choice, raw	131	21.19	0	0	5.18	0	oz=28.2|steak=204
170823	Beef, chuck, mock tender steak, boneless, separable lean and fat, trimmed to 0" fat, select, cooked, braised	211	31.86	0	0	9.34	0	oz=28.3|steak=141
171221	Beef, chuck, mock tender steak, boneless, separable lean and fat, trimmed to 0" fat, select, raw	122	21.05	0	0	4.2	0	oz=28.2|steak=191
170806	Beef, chuck, mock tender steak, boneless, separable lean only, trimmed to 0" fat, all grades, cooked, braised	190	33.31	0	0	6.34	0	oz=28.3|steak=141
171202	Beef, chuck, mock tender steak, boneless, separable lean only, trimmed to 0" fat, all grades, raw	123	21.3	0	0	4.17	0	oz=28.2|steak=198
171201	Beef, chuck, mock tender steak, boneless, separable lean only, trimmed to 0" fat, choice, cooked, braised	197	33.55	0	0	6.94	0	oz=28.3|steak=141
170807	Beef, chuck, mock tender steak, boneless, separable lean only, trimmed to 0" fat, choice, raw	127	21.36	0	0	4.6	0	oz=28.2|steak=204
170805	Beef, chuck, mock tender steak, boneless, separable lean only, trimmed to 0" fat, select, cooked, braised	181	32.96	0	0	5.44	0	oz=28.3|steak=141
170808	Beef, chuck, mock tender steak, boneless, separable lean only, trimmed to 0" fat, select, raw	117	21.22	0	0	3.53	0	oz=28.2|steak=191
174025	Beef, chuck, mock tender steak, separable lean and fat, trimmed to 0" fat, all grades, cooked, broiled	160	25.87	0	0	5.52	0	oz=28.3|lb=453.6
171783	Beef, chuck, mock tender steak, separable lean and fat, trimmed to 0" fat, USDA choice, cooked, broiled	161	25.73	0	0	5.72	0	oz=28.3|lb=453.6
174020	Beef, chuck, mock tender steak, separable lean and fat, trimmed to 0" fat, USDA select, cooked, broiled	159	26.08	0	0	5.24	0	oz=28.3|lb=453.6
174016	Beef, chuck, mock tender steak, separable lean only, trimmed to 0" fat, all grades, cooked, broiled	159	25.9	0	0	5.42	0	oz=28.3|lb=453.6
169561	Beef, chuck, mock tender steak, separable lean only, trimmed to 0" fat, choice, cooked, broiled	161	25.74	0	0	5.69	0	oz (1 serving)=28.3
169562	Beef, chuck, mock tender steak, separable lean only, trimmed to 0" fat, select, cooked, broiled	157	26.13	0	0	5.02	0	oz=28.2
171222	Beef, chuck, short ribs, boneless, separable lean and fat, trimmed to 0" fat, all grades, cooked, braised	305	25.48	0	0	22.58	0	oz=28.3|piece=289
170826	Beef, chuck, short ribs, boneless, separable lean and fat, trimmed to 0" fat, all grades, raw	235	17.48	0	0	18.33	0	oz=28.2|piece=432
171223	Beef, chuck, short ribs, boneless, separable lean and fat, trimmed to 0" fat, choice, cooked, braised	317	25.26	0	0	24.05	0	oz=28.3|piece=272
170827	Beef, chuck, short ribs, boneless, separable lean and fat, trimmed to 0" fat, choice, raw	240	17.22	0	0	19.03	0	oz=28.2|piece=434
170825	Beef, chuck, short ribs, boneless, separable lean and fat, trimmed to 0" fat, select, cooked, braised	287	25.81	0	0	20.38	0	oz=28.3|piece=315
170828	Beef, chuck, short ribs, boneless, separable lean and fat, trimmed to 0" fat, select, raw	227	17.87	0	0	17.28	0	oz=28.2|piece=429
169569	Beef, chuck, short ribs, boneless, separable lean only, trimmed to 0" fat, all grades, cooked, braised	240	28.82	0	0	13.8	0	oz=28.3|piece=289
170796	Beef, chuck, short ribs, boneless, separable lean only, trimmed to 0" fat, all grades, raw	169	19.68	0.05	0	10.02	0	oz=28.2|piece=432
169567	Beef, chuck, short ribs, boneless, separable lean only, trimmed to 0" fat, choice, cooked, braised	250	28.84	0	0	14.95	0	oz=28.3|piece=272
170783	Beef, chuck, short ribs, boneless, separable lean only, trimmed to 0" fat, choice, raw	175	19.38	0.29	0	10.7	0	oz=28.2|piece=434
169568	Beef, chuck, short ribs, boneless, separable lean only, trimmed to 0" fat, select, cooked, braised	224	28.79	0	0	12.08	0	oz=28.3|piece=315
171193	Beef, chuck, short ribs, boneless, separable lean only, trimmed to 0" fat, select, raw	161	20.14	0	0	8.99	0	oz=28.2|piece=429
173366	Beef, chuck, shoulder clod, shoulder tender, medallion, separable lean and fat, trimmed to 0" fat, all grades, cooked, grilled	177	26.22	0	0	7.2	0	oz=28.3|medallion=32
173365	Beef, chuck, shoulder clod, shoulder tender, medallion, separable lean and fat, trimmed to 0" fat, all grades, raw	144	20.54	0	0	6.22	0	oz=28.2
173355	Beef, chuck, shoulder clod, shoulder tender, medallion, separable lean and fat, trimmed to 0" fat, choice, cooked, grilled	181	26.07	0	0	7.68	0	oz=28.3|medallion=30
172122	Beef, chuck, shoulder clod, shoulder tender, medallion, separable lean and fat, trimmed to 0" fat, choice, raw	145	20.51	0	0	6.36	0	oz=28.2|medallion=40
172136	Beef, chuck, shoulder clod, shoulder tender, medallion, separable lean and fat, trimmed to 0" fat, select, cooked, grilled	172	26.45	0.33	0	6.43	0	oz=28.3|medallion=34
173356	Beef, chuck, shoulder clod, shoulder tender, medallion, separable lean and fat, trimmed to 0" fat, select, raw	142	20.93	0	0	5.79	0	oz=28.2|medallion=44
172133	Beef, chuck, shoulder clod, shoulder top and center steaks, separable lean and fat, trimmed to 0" fat, all grades, cooked, grilled	182	26.3	0.12	0	7.66	0	oz=28.3|steak=184
172132	Beef, chuck, shoulder clod, shoulder top and center steaks, separable lean and fat, trimmed to 0" fat, all grades, raw	141	20.67	0	0	5.88	0	oz=28.2|steak=241
173358	Beef, chuck, shoulder clod, shoulder top and center steaks, separable lean and fat, trimmed to 0" fat, choice, cooked, grilled	184	26.07	0	0	8.11	0	serving (3 oz)=85|steak=188
173357	Beef, chuck, shoulder clod, shoulder top and center steaks, separable lean and fat, trimmed to 0" fat, choice, raw	143	20.39	0	0	6.12	0	oz=28.2|steak=246
172124	Beef, chuck, shoulder clod, shoulder top and center steaks, separable lean and fat, trimmed to 0" fat, select, cooked, grilled	176	26.66	0	0	6.94	0	oz=28.3|steak=179
172123	Beef, chuck, shoulder clod, shoulder top and center steaks, separable lean and fat, trimmed to 0" fat, select, raw	140	21.13	0	0	5.51	0	oz=28.2|steak=233
173368	Beef, chuck, shoulder clod, top blade, steak, separable lean and fat, trimmed to 0" fat, all grades, cooked, grilled	222	24.93	0	0	12.79	0	oz=28.3|steak=190
172134	Beef, chuck, shoulder clod, top blade, steak, separable lean and fat, trimmed to 0" fat, all grades, raw	176	18.99	0	0	10.52	0	oz=28.2|steak=250
172126	Beef, chuck, shoulder clod, top blade, steak, separable lean and fat, trimmed to 0" fat, choice, cooked, grilled	228	24.7	0	0	13.59	0	oz=28.3|steak=193
172125	Beef, chuck, shoulder clod, top blade, steak, separable lean and fat, trimmed to 0" fat, choice, raw	182	18.75	0	0	11.33	0	oz=28.2|steak=254
173360	Beef, chuck, shoulder clod, top blade, steak, separable lean and fat, trimmed to 0" fat, select, cooked, grilled	212	25.29	0	0	11.52	0	oz=28.3|steak=186
173359	Beef, chuck, shoulder clod, top blade, steak, separable lean and fat, trimmed to 0" fat, select, raw	166	19.38	0	0	9.22	0	oz=28.2|steak=243
174026	Beef, chuck, top blade, separable lean and fat, trimmed to 0" fat, all grades, cooked, broiled	216	25.73	0	0	11.73	0	oz=28.3|lb=453.6
174021	Beef, chuck, top blade, separable lean and fat, trimmed to 0" fat, choice, cooked, broiled	227	25.77	0	0	12.93	0	oz=28.3|lb=453.6
174022	Beef, chuck, top blade, separable lean and fat, trimmed to 0" fat, select, cooked, broiled	200	25.67	0	0	9.99	0	oz=28.3|lb=453.6
174017	Beef, chuck, top blade, separable lean only, trimmed to 0" fat, all grades, cooked, broiled	203	26.13	0	0	10.16	0	oz=28.3|lb=453.6
168738	Beef, chuck, top blade, separable lean only, trimmed to 0" fat, choice, cooked, broiled	217	26.11	0	0	11.65	0	oz=28.3
168739	Beef, chuck, top blade, separable lean only, trimmed to 0" fat, select, cooked, broiled	184	26.16	0	0	8	0	oz=28.3
170816	Beef, chuck, under blade center steak, boneless, Denver Cut, separable lean and fat, trimmed to 0" fat, all grades, cooked, grilled	227	26.18	0.21	0	13.54	0	oz=28.3|steak=353
171213	Beef, chuck, under blade center steak, boneless, Denver Cut, separable lean and fat, trimmed to 0" fat, all grades, raw	182	18.99	0.36	0	11.64	0	oz=28.2|steak=473
171211	Beef, chuck, under blade center steak, boneless, Denver Cut, separable lean and fat, trimmed to 0" fat, choice, cooked, grilled	236	26.1	0.4	0	14.41	0	oz=28.3|steak=356
171214	Beef, chuck, under blade center steak, boneless, Denver Cut, separable lean and fat, trimmed to 0" fat, choice, raw	189	18.85	0.53	0	12.4	0	oz=28.2|steak=483
171212	Beef, chuck, under blade center steak, boneless, Denver Cut, separable lean and fat, trimmed to 0" fat, select, cooked, grilled	215	26.3	0	0	12.25	0	oz=28.3|steak=349
170817	Beef, chuck, under blade center steak, boneless, Denver Cut, separable lean and fat, trimmed to 0" fat, select, raw	172	19.2	0.09	0	10.5	0	oz=28.2|steak=458
170605	Beef, chuck, under blade center steak, boneless, Denver Cut, separable lean only, trimmed to 0" fat, all grades, cooked, grilled	220	26.5	0.14	0	12.64	0	oz=28.3|steak=353
170205	Beef, chuck, under blade center steak, boneless, Denver Cut, separable lean only, trimmed to 0" fat, all grades, raw	170	19.42	0.49	0	9.99	0	oz=28.2|steak=473
170201	Beef, chuck, under blade center steak, boneless, Denver Cut, separable lean only, trimmed to 0" fat, choice, cooked, grilled	228	26.49	0.28	0	13.42	0	oz=28.3|steak=356
170608	Beef, chuck, under blade center steak, boneless, Denver Cut, separable lean only, trimmed to 0" fat, choice, raw	178	19.23	0.67	0	10.96	0	oz=28.2|steak=483
170203	Beef, chuck, under blade center steak, boneless, Denver Cut, separable lean only, trimmed to 0" fat, select, cooked, grilled	209	26.53	0	0	11.46	0	oz=28.3|steak=349
168653	Beef, chuck, under blade center steak, boneless, Denver Cut, separable lean only, trimmed to 0" fat, select, raw	157	19.71	0.21	0	8.54	0	oz=28.2|steak=458
170813	Beef, chuck, under blade pot roast or steak, boneless, separable lean and fat, trimmed to 0" fat, all grades, raw	196	19.17	0	0	13.26	0	oz=28.2|steak=679|roast=960
170814	Beef, chuck, under blade pot roast or steak, boneless, separable lean and fat, trimmed to 0" fat, choice, raw	202	19.15	0	0	13.93	0	oz=28.2|steak=648|roast=949
170815	Beef, chuck, under blade pot roast or steak, boneless, separable lean and fat, trimmed to 0" fat, select, raw	187	19.2	0	0	12.27	0	oz=28.2|steak=732|roast=977
169445	Beef, chuck, under blade pot roast or steak, boneless, separable lean only, trimmed to 0" fat, all grades, raw	140	21.13	0.31	0	6.07	0	oz=28.2|steak=679|roast=960
169446	Beef, chuck, under blade pot roast or steak, boneless, separable lean only, trimmed to 0" fat, choice, raw	145	21.19	0.39	0	6.51	0	oz=28.2|steak=648|roast=949
170603	Beef, chuck, under blade pot roast or steak, boneless, separable lean only, trimmed to 0" fat, select, raw	134	21.03	0.19	0	5.41	0	oz=28.2|steak=732|roast=977
171208	Beef, chuck, under blade pot roast, boneless, separable lean and fat, trimmed to 0" fat, all grades, cooked, braised	291	26.7	0	0	20.49	0	oz=28.3
170618	Beef, chuck, under blade pot roast, boneless, separable lean and fat, trimmed to 0" fat, choice, cooked, braised	306	26.39	0	0	21.48	0	oz=28.3|roast=658
170214	Beef, chuck, under blade pot roast, boneless, separable lean and fat, trimmed to 0" fat, select, cooked, braised	288	27.17	0	0	19.02	0	oz=28.3|roast=629
169444	Beef, chuck, under blade pot roast, boneless, separable lean only, trimmed to 0" fat, all grades, cooked, braised	216	30.54	0	0	10.46	0	oz=28.3|roast=647
170216	Beef, chuck, under blade pot roast, boneless, separable lean only, trimmed to 0" fat, choice, cooked, braised	231	30.45	0	0	11.14	0	oz=28.3|roast=658
170217	Beef, chuck, under blade pot roast, boneless, separable lean only, trimmed to 0" fat, select, cooked, braised	216	30.68	0	0	9.44	0	oz=28.3|roast=629
171217	Beef, chuck, under blade steak, boneless, separable lean and fat, trimmed to 0" fat, all grades, cooked, braised	275	28.23	0	0	18	0	oz=28.3|steak=449
171218	Beef, chuck, under blade steak, boneless, separable lean and fat, trimmed to 0" fat, choice, cooked, braised	284	27.6	0	0	19.3	0	oz=28.3|steak=445
171219	Beef, chuck, under blade steak, boneless, separable lean and fat, trimmed to 0" fat, select, cooked, braised	261	29.18	0	0	16.05	0	oz=28.3|steak=454
171207	Beef, chuck, under blade steak, boneless, separable lean only, trimmed to 0" fat, all grades, cooked, braised	219	31.35	0	0	10.41	0	oz=28.3
170811	Beef, chuck, under blade steak, boneless, separable lean only, trimmed to 0" fat, choice, cooked, braised	222	30.91	0	0	10.91	0	oz=28.3|steak=445
170812	Beef, chuck, under blade steak, boneless, separable lean only, trimmed to 0" fat, select, cooked, braised	215	32.01	0	0	9.66	0	oz=28.3
170609	Beef, composite of trimmed retail cuts, separable lean and fat, trimmed to 0" fat, all grades, cooked	230	28.4	0	0	12.42	0	oz=28.3
174757	Beef, composite of trimmed retail cuts, separable lean and fat, trimmed to 0" fat, all grades, raw	167	20.95	0	0	9.3	0	oz=28.2
170206	Beef, composite of trimmed retail cuts, separable lean and fat, trimmed to 0" fat, choice, cooked	233	28.17	0	0	12.53	0	oz=28.3
174014	Beef, composite of trimmed retail cuts, separable lean and fat, trimmed to 0" fat, choice, raw	176	21.34	0	0	10.08	0	oz=28.2
170207	Beef, composite of trimmed retail cuts, separable lean and fat, trimmed to 0" fat, select, cooked	203	28.61	0	0	9.18	0	oz=28.3
171777	Beef, composite of trimmed retail cuts, separable lean and fat, trimmed to 0" fat, select, raw	157	21.2	0	0	8	0	oz=28.2
169484	Beef, composite of trimmed retail cuts, separable lean and fat, trimmed to 1/8" fat, all grades, cooked	259	26.11	0	0	16.59	0	oz=28.3
169483	Beef, composite of trimmed retail cuts, separable lean and fat, trimmed to 1/8" fat, all grades, raw	215	20.01	0	0	14.42	0	oz=28.2
169486	Beef, composite of trimmed retail cuts, separable lean and fat, trimmed to 1/8" fat, choice, cooked	268	25.85	0	0	17.68	0	oz=28.3
169485	Beef, composite of trimmed retail cuts, separable lean and fat, trimmed to 1/8" fat, choice, raw	224	19.79	0	0	15.42	0	oz=28.2
168663	Beef, composite of trimmed retail cuts, separable lean and fat, trimmed to 1/8" fat, select, cooked	245	26.06	0	0	15.09	0	oz=28.3
169487	Beef, composite of trimmed retail cuts, separable lean and fat, trimmed to 1/8" fat, select, raw	193	19.06	0	0	12.4	0	oz=28.2
170208	Beef, composite of trimmed retail cuts, separable lean only, trimmed to 0" fat, all grades, cooked	203	29.9	0	0	8.37	0	oz=28.3
174760	Beef, composite of trimmed retail cuts, separable lean only, trimmed to 0" fat, all grades, raw	138	22.15	0	0	5.54	0	oz=28.2
170209	Beef, composite of trimmed retail cuts, separable lean only, trimmed to 0" fat, choice, cooked	206	29.51	0	0	8.87	0	oz=28.3
174015	Beef, composite of trimmed retail cuts, separable lean only, trimmed to 0" fat, choice, raw	151	21.55	0	0	7.24	0	oz=28.2
170610	Beef, composite of trimmed retail cuts, separable lean only, trimmed to 0" fat, select, cooked	188	29.88	0	0	7.12	0	oz=28.3
171776	Beef, composite of trimmed retail cuts, separable lean only, trimmed to 0" fat, select, raw	133	22.03	0	0	4.99	0	oz=28.2
174759	Beef, composite of trimmed retail cuts, separable lean only, trimmed to 1/8" fat, all grades, cooked	194	28.95	0	0	8.15	0	oz=28.3
174758	Beef, composite of trimmed retail cuts, separable lean only, trimmed to 1/8" fat, all grades, raw	140	22.15	0	0	5.38	0	oz=28.3
174012	Beef, composite of trimmed retail cuts, separable lean only, trimmed to 1/8" fat, choice, raw	142	22.01	0	0	6.05	0	oz=28.2
171778	Beef, composite of trimmed retail cuts, separable lean only, trimmed to 1/8" fat, select, cooked	167	27.51	0	0	6.37	0	oz=28.3
171779	Beef, composite of trimmed retail cuts, separable lean only, trimmed to 1/8" fat, select, raw	130	22.37	0	0	4.55	0	oz=28.2
173332	Beef, corned beef hash, with potato, canned	164	8.73	9.27	0.34	10.24	1.1	cup=236
170198	Beef, cured, breakfast strips, cooked	449	31.3	1.4	0	34.4	0	slices=11.3|package, cooked (yield from 12 oz raw product)=170
170197	Beef, cured, breakfast strips, raw or unheated	406	12.5	0.7		38.8	0	slices=22.7|package (net weight, 12 oz)=340
170200	Beef, cured, corned beef, brisket, cooked	251	18.17	0.47	0	18.98	0	oz=28.3|piece, cooked, excluding refuse (yield from 1 lb raw meat with refuse)=320
170199	Beef, cured, corned beef, brisket, raw	198	14.68	0.14		14.9	0	oz=28.4|lb=453.6
170602	Beef, cured, corned beef, canned	250	27.1	0	0	14.93	0	oz=28.4|slice (3/4 oz)=21
170604	Beef, cured, dried	153	31.1	2.76	2.7	1.94	0	slices=2.8
170202	Beef, cured, luncheon meat, jellied	111	19	0		3.3	0	slice (1 oz) (4" x 4" x 3/32" thick)=28
170204	Beef, cured, pastrami	147	21.8	0.36	0.1	5.82	0	package, 2.5 oz=71|slice (1 oz)=28
168733	Beef, flank, steak, separable lean and fat, trimmed to 0" fat, all grades, cooked, broiled	192	27.66	0	0	8.23	0	oz=28.3|steak (yield from 475 g raw meat)=383
169563	Beef, flank, steak, separable lean and fat, trimmed to 0" fat, all grades, raw	155	21.22	0	0	7.17	0	oz=28.2|steak=188
169434	Beef, flank, steak, separable lean and fat, trimmed to 0" fat, choice, cooked, braised	263	26.98	0	0	16.44	0	oz=28.3|piece, cooked, excluding refuse (yield from 1 lb raw meat with refuse)=262
169435	Beef, flank, steak, separable lean and fat, trimmed to 0" fat, choice, cooked, broiled	202	27.55	0	0	9.31	0	oz=28.3|steak (yield from 483 g raw meat)=387
169433	Beef, flank, steak, separable lean and fat, trimmed to 0" fat, choice, raw	165	21.22	0	0	8.29	0	oz=28.4|oz=28.2|steak=202
169554	Beef, flank, steak, separable lean and fat, trimmed to 0" fat, select, cooked, broiled	183	27.78	0	0	7.15	0	oz=28.3|steak (yield from 467 g raw meat)=379
169564	Beef, flank, steak, separable lean and fat, trimmed to 0" fat, select, raw	145	21.22	0	0	6.06	0	oz=28.2|steak=173
174774	Beef, flank, steak, separable lean only, trimmed to 0" fat, all grades, cooked, broiled	186	27.89	0	0	7.4	0	oz=28.3|steak=383
174776	Beef, flank, steak, separable lean only, trimmed to 0" fat, all grades, raw	141	21.57	0	0	5.47	0	oz=28.2|steak=188
168610	Beef, flank, steak, separable lean only, trimmed to 0" fat, choice, cooked, braised	237	28.02	0	0	13	0	oz=28.3|piece, cooked, excluding refuse (yield from 1 lb raw meat with refuse)=246
168611	Beef, flank, steak, separable lean only, trimmed to 0" fat, choice, cooked, broiled	194	27.82	0	0	8.32	0	oz=28.3|steak=387
168609	Beef, flank, steak, separable lean only, trimmed to 0" fat, choice, raw	149	21.72	0	0	6.29	0	oz=28.2|steak=202
174775	Beef, flank, steak, separable lean only, trimmed to 0" fat, select, cooked, broiled	178	27.96	0	0	6.48	0	oz=28.3|steak (yield from 467 g raw meat)=379
174777	Beef, flank, steak, separable lean only, trimmed to 0" fat, select, raw	137	21.43	0	0	5	0	oz=28.2|steak=173
168608	Beef, grass-fed, ground, raw	198	19.42	0	0	12.73	0	oz=28.2|serving=85
169429	Beef, grass-fed, strip steaks, lean only, raw	117	23.07	0	0	2.69	0	oz=28.2|steak=214
169473	Beef, ground, 70% lean meat / 30% fat, crumbles, cooked, pan-browned	270	25.56	0	0	17.86	0	oz=28.3|portion (yield from 1/2 lb raw meat )=139
169474	Beef, ground, 70% lean meat / 30% fat, loaf, cooked, baked	241	23.87	0	0	15.37	0	oz=28.3|loaf ( yield from 1 lb raw meat )=284
168650	Beef, ground, 70% lean meat / 30% fat, patty cooked, pan-broiled	238	22.86	0	0	15.54	0	oz=28.3|patty=77
168651	Beef, ground, 70% lean meat / 30% fat, patty, cooked, broiled	277	25.38	0	0	18.66	0	oz=28.3|patty=70
168652	Beef, ground, 70% lean meat / 30% fat, raw	332	14.35	0	0	30	0	oz=28.2|oz=28.4
174040	Beef, ground, 75% lean meat / 25% fat, crumbles, cooked, pan-browned	277	26.28	0	0	18.21	0	oz=28.3
171801	Beef, ground, 75% lean meat / 25% fat, loaf, cooked, baked	254	24.56	0	0	16.5	0	oz=28.3
174038	Beef, ground, 75% lean meat / 25% fat, patty, cooked, broiled	279	25.56	0	0	18.87	0	oz=28.3
174039	Beef, ground, 75% lean meat / 25% fat, patty, cooked, pan-broiled	248	23.45	0	0	16.44	0	oz=28.3
174037	Beef, ground, 75% lean meat / 25% fat, raw	293	15.76	0	0	25	0	oz=28.2|serving (3 oz)=85
171799	Beef, ground, 80% lean meat / 20% fat, crumbles, cooked, pan-browned	272	27	0	0	17.36	0	oz=28.3
171800	Beef, ground, 80% lean meat / 20% fat, loaf, cooked, baked	254	25.25	0	0	16.17	0	oz=28.3
171797	Beef, ground, 80% lean meat / 20% fat, patty, cooked, broiled	270	25.75	0	0	17.78	0	oz=28.3
171798	Beef, ground, 80% lean meat / 20% fat, patty, cooked, pan-broiled	246	24.04	0	0	15.94	0	oz=28.3
174036	Beef, ground, 80% lean meat / 20% fat, raw	254	17.17	0	0	20	0	oz=28.2
174034	Beef, ground, 85% lean meat / 15% fat, crumbles, cooked, pan-browned	256	27.73	0	0	15.3	0	oz=28.3
174035	Beef, ground, 85% lean meat / 15% fat, loaf, cooked, baked	240	25.93	0	0	14.36	0	oz=28.3
174032	Beef, ground, 85% lean meat / 15% fat, patty, cooked, broiled	250	25.93	0	0	15.41	0	oz=28.3|patty (yield from 1/4 lb raw meat)=77
174033	Beef, ground, 85% lean meat / 15% fat, patty, cooked, pan-broiled	232	24.62	0	0	14.02	0	oz=28.3|patty ( yield from 1/4 lb raw meat )=83
171796	Beef, ground, 85% lean meat / 15% fat, raw (Includes foods for USDA's Food Distribution Program)	215	18.59	0	0	15	0	oz=28.2
171794	Beef, ground, 90% lean meat / 10% fat, crumbles, cooked, pan-browned	230	28.45	0	0	12.04	0	oz=28.3|portion ( yield from 1/2 lb raw meat )=154
171795	Beef, ground, 90% lean meat / 10% fat, loaf, cooked, baked	214	26.62	0	0	11.1	0	oz=28.3
174031	Beef, ground, 90% lean meat / 10% fat, patty, cooked, broiled	217	26.11	0	0	11.75	0	oz=28.3
171793	Beef, ground, 90% lean meat / 10% fat, patty, cooked, pan-broiled	204	25.21	0	0	10.68	0	oz=28.3
174030	Beef, ground, 90% lean meat / 10% fat, raw	176	20	0	0	10	0	oz=28.2
174755	Beef, ground, 93% lean meat / 7% fat, crumbles, cooked, pan-browned	209	28.88	0	0	9.51	0	oz=28.3
174754	Beef, ground, 93% lean meat / 7% fat, loaf, cooked, baked	192	27.03	0	0	8.43	0	oz=28.3
174752	Beef, ground, 93% lean meat / 7% fat, patty, cooked, broiled	193	26.22	0	0	8.94	0	oz=28.3
173110	Beef, ground, 93% lean meat / 7% fat, raw	152	20.85	0	0	7	0	oz=28.2
174753	Beef, ground, 93% lean meat /7% fat, patty, cooked, pan-broiled	182	25.56	0.06	0	8.01	0	oz=28.3
174028	Beef, ground, 95% lean meat / 5% fat, crumbles, cooked, pan-browned	193	29.17	0	0	7.58	0	oz=28.3
174029	Beef, ground, 95% lean meat / 5% fat, loaf, cooked, baked	174	27.31	0	0	6.37	0	oz=28.3
171791	Beef, ground, 95% lean meat / 5% fat, patty, cooked, broiled	174	26.29	0	0	6.8	0	oz=28.3
171792	Beef, ground, 95% lean meat / 5% fat, patty, cooked, pan-broiled	164	25.8	0	0	5.94	0	oz=28.3
171790	Beef, ground, 95% lean meat / 5% fat, raw	137	21.41	0	0	5	0	oz=28.2
174756	Beef, ground, 97% lean meat / 3% fat, crumbles, cooked, pan-browned	175	29.46	0	0	5.46	0	oz=28.3
173114	Beef, ground, 97% lean meat / 3% fat, loaf, cooked, baked	154	27.58	0	0	4.06	0	oz=28.3
173112	Beef, ground, 97% lean meat / 3% fat, patty, cooked, broiled	153	26.36	0	0	4.46	0	oz=28.3|patty=70
173111	Beef, ground, 97% lean meat / 3% fat, raw	121	21.98	0	0	3	0	oz=28.2
173113	Beef, ground, 97% lean meat /3% fat, patty, cooked, pan-broiled	144	26.03	0	0	3.65	0	oz=28.3|portion (yield from 1/2 lb raw meat )=139
169447	Beef, ground, patties, frozen, cooked, broiled	295	23.05	0	0	21.83	0	oz=28.3|unit, cooked (yield from 1 lb raw meat)=313
172161	Beef, ground, unspecified fat content, cooked	240	25.07	0.62	0	14.53	0	oz=28.3
169571	Beef, loin, bottom sirloin butt, tri-tip roast, separable lean only, trimmed to 0" fat, all grades, cooked, roasted	182	26.75	0	0	8.34	0	oz=28.3|serving=85|roast=569
174024	Beef, loin, bottom sirloin butt, tri-tip steak, separable lean and fat, trimmed to 0" fat, all grades, cooked, broiled	265	29.97	0	0	15.18	0	oz=28.3|lb=453.6
173991	Beef, loin, tenderloin roast, boneless, separable lean and fat, trimmed to 0" fat, all grades, cooked, roasted	183	27.31	0	0	8.14	0	oz=28.3|roast=481
173987	Beef, loin, tenderloin roast, boneless, separable lean and fat, trimmed to 0" fat, all grades, raw	149	21.67	0	0	6.93	0	oz=28.2|roast=644
171753	Beef, loin, tenderloin roast, boneless, separable lean and fat, trimmed to 0" fat, choice, cooked, roasted	188	27.26	0	0	8.82	0	oz=28.3|roast=478
171748	Beef, loin, tenderloin roast, boneless, separable lean and fat, trimmed to 0" fat, choice, raw	153	21.5	0	0	7.4	0	oz=28.2|roast=625
171754	Beef, loin, tenderloin roast, boneless, separable lean and fat, trimmed to 0" fat, select, cooked, roasted	174	27.38	0	0	7.12	0	oz=28.3|roast=487
171749	Beef, loin, tenderloin roast, boneless, separable lean and fat, trimmed to 0" fat, select, raw	144	21.91	0	0	6.21	0	oz=28.2|roast=673
174004	Beef, loin, tenderloin roast, boneless, separable lean only, trimmed to 0" fat, all grades, cooked, roasted	177	27.51	0	0	7.49	0	oz=28.3|roast=481
171765	Beef, loin, tenderloin roast, boneless, separable lean only, trimmed to 0" fat, all grades, raw	139	21.94	0	0	5.74	0	oz=28.2|roast=644
174005	Beef, loin, tenderloin roast, boneless, separable lean only, trimmed to 0" fat, choice, cooked, roasted	183	27.48	0	0	8.13	0	oz=28.3|roast=478
174000	Beef, loin, tenderloin roast, boneless, separable lean only, trimmed to 0" fat, choice, raw	143	21.78	0	0	6.16	0	oz=28.2|roast=625
174001	Beef, loin, tenderloin roast, boneless, separable lean only, trimmed to 0" fat, select, raw	135	22.16	0	0	5.1	0	oz=28.2|roast=673
174006	Beef, loin, tenderloin roast, separable lean only, boneless, trimmed to 0" fat, select, cooked, roasted	169	27.55	0	0	6.54	0	oz=28.3|roast=487
170237	Beef, loin, tenderloin steak, boneless, separable lean and fat, trimmed to 0" fat, all grades, cooked, grilled	211	30.5	0	0	8.91	0	oz=28.3|steak=117
173988	Beef, loin, tenderloin steak, boneless, separable lean and fat, trimmed to 0" fat, all grades, raw	147	21.72	0	0	6.67	0	oz=28.2|steak=170
170238	Beef, loin, tenderloin steak, boneless, separable lean and fat, trimmed to 0" fat, choice, cooked, grilled	217	30.21	0	0	9.71	0	oz=28.3|steak (yield from 161 g raw meat)=126
173989	Beef, loin, tenderloin steak, boneless, separable lean and fat, trimmed to 0" fat, choice, raw	150	21.57	0	0	7.1	0	oz=28.2|steak=168
170640	Beef, loin, tenderloin steak, boneless, separable lean and fat, trimmed to 0" fat, select, cooked, grilled	202	30.93	0	0	7.7	0	oz=28.3|steak (yield from 136 g raw meat)=108
173990	Beef, loin, tenderloin steak, boneless, separable lean and fat, trimmed to 0" fat, select, raw	142	21.95	0	0	6.02	0	oz=28.2|steak=172
170641	Beef, loin, tenderloin steak, boneless, separable lean only, trimmed to 0" fat, all grades, cooked, grilled	198	30.7	0	0	8.32	0	oz=28.3|steak=119
171767	Beef, loin, tenderloin steak, boneless, separable lean only, trimmed to 0" fat, all grades, raw	139	21.94	0	0	5.74	0	oz=28.2|steak=170
170642	Beef, loin, tenderloin steak, boneless, separable lean only, trimmed to 0" fat, choice, cooked, grilled	211	30.45	0	0	9.03	0	oz=28.3|steak=121
171768	Beef, loin, tenderloin steak, boneless, separable lean only, trimmed to 0" fat, choice, raw	143	21.78	0	0	6.16	0	oz=28.2|steak=168
170643	Beef, loin, tenderloin steak, boneless, separable lean only, trimmed to 0" fat, select, cooked, grilled	198	31.09	0	0	7.25	0	oz=28.3|steak=117
171769	Beef, loin, tenderloin steak, boneless, separable lean only, trimmed to 0" fat, select, raw	135	22.16	0	0	5.1	0	oz=28.2|steak=172
170239	Beef, loin, top loin steak, boneless, lip off, separable lean and fat, trimmed to 0" fat, all grades, cooked, grilled	223	28.57	0	0	11.15	0	oz=28.3|steak=119
171750	Beef, loin, top loin steak, boneless, lip off, separable lean and fat, trimmed to 0" fat, all grades, raw	163	22.43	0	0	8.17	0	oz=28.2|steak=267
170240	Beef, loin, top loin steak, boneless, lip off, separable lean and fat, trimmed to 0" fat, choice, cooked, grilled	233	28.19	0	0	12.51	0	oz=28.3|steak (yield from 203 g raw meat)=164
171751	Beef, loin, top loin steak, boneless, lip off, separable lean and fat, trimmed to 0" fat, choice, raw	171	22.19	0	0	9.16	0	oz=28.2|steak=266
168631	Beef, loin, top loin steak, boneless, lip off, separable lean and fat, trimmed to 0" fat, select, cooked, grilled	207	29.16	0	0	9.12	0	oz=28.3|steak (yield from 186 g raw meat)=150
171752	Beef, loin, top loin steak, boneless, lip off, separable lean and fat, trimmed to 0" fat, select, raw	151	22.79	0	0	6.67	0	oz=28.2|steak=268
168632	Beef, loin, top loin steak, boneless, lip off, separable lean only, trimmed to 0" fat, all grades, cooked, grilled	202	29.53	0	0	8.41	0	oz=28.3|steak, excluding refuse (yield from 1 raw steak, with refuse, weighing 223 g)=150
174002	Beef, loin, top loin steak, boneless, lip off, separable lean only, trimmed to 0" fat, all grades, raw	143	23.07	0	0	5.67	0	oz=28.2|steak=267
169455	Beef, loin, top loin steak, boneless, lip off, separable lean only, trimmed to 0" fat, choice, cooked, grilled	211	29.22	0	0	9.52	0	oz=28.3|steak (yield from 203 g raw meat)=164
174003	Beef, loin, top loin steak, boneless, lip off, separable lean only, trimmed to 0" fat, choice, raw	149	22.93	0	0	6.34	0	oz=28.2|steak=266|oz=28
169456	Beef, loin, top loin steak, boneless, lip off, separable lean only, trimmed to 0" fat, select, cooked, grilled	189	29.99	0	0	6.74	0	oz=28.3|steak (yield from 186 g raw meat)=150
171766	Beef, loin, top loin steak, boneless, lip off, separable lean only, trimmed to 0" fat, select, raw	135	23.3	0	0	4.66	0	oz=28.2|steak=268
174714	Beef, loin, top loin steak, boneless, lip-on, separable lean and fat, trimmed to 1/8" fat, all grades, cooked, grilled	264	26.18	0	0	17.69	0	oz=28.3|steak=235
171775	Beef, loin, top loin steak, boneless, lip-on, separable lean and fat, trimmed to 1/8" fat, all grades, raw	199	21.29	0	0	12.68	0	oz=28.2|steak=302
174712	Beef, loin, top loin steak, boneless, lip-on, separable lean and fat, trimmed to 1/8" fat, choice, cooked, grilled	275	25.69	0	0	19.19	0	oz=28.3|steak=236
173072	Beef, loin, top loin steak, boneless, lip-on, separable lean and fat, trimmed to 1/8" fat, choice, raw	205	21.13	0	0	13.36	0	oz=28.2|steak=301
174713	Beef, loin, top loin steak, boneless, lip-on, separable lean and fat, trimmed to 1/8" fat, select, cooked, grilled	247	26.92	0	0	15.44	0	oz=28.3|steak=234
171774	Beef, loin, top loin steak, boneless, lip-on, separable lean and fat, trimmed to 1/8" fat, select, raw	191	21.54	0	0	11.65	0	oz=28.2|steak=304
173071	Beef, loin, top loin steak, boneless, lip-on, separable lean only, trimmed to 1/8" fat, all grades, cooked, grilled	198	29.06	0	0	9.11	0	oz=28.3|steak=235
174011	Beef, loin, top loin steak, boneless, lip-on, separable lean only, trimmed to 1/8" fat, all grades, raw	143	23.07	0	0	5.67	0	oz=28.2|steak=302
173069	Beef, loin, top loin steak, boneless, lip-on, separable lean only, trimmed to 1/8" fat, choice, cooked, grilled	208	28.66	0	0	10.34	0	oz=28.3|steak=236
174010	Beef, loin, top loin steak, boneless, lip-on, separable lean only, trimmed to 1/8" fat, choice, raw	149	22.93	0	0	6.34	0	oz=28.2|steak=301
173070	Beef, loin, top loin steak, boneless, lip-on, separable lean only, trimmed to 1/8" fat, select, cooked, grilled	184	29.67	0	0	7.26	0	oz=28.3|steak=234
174009	Beef, loin, top loin steak, boneless, lip-on, separable lean only, trimmed to 1/8" fat, select, raw	135	23.3	0	0	4.66	0	oz=28.2|steak=304
169539	Beef, loin, top loin, separable lean and fat, trimmed to 1/8" fat, all grades, cooked, grilled	264	26.44	0	0	16.78	0	oz=28.3|steak=213
169540	Beef, loin, top loin, separable lean and fat, trimmed to 1/8" fat, choice, raw	237	19.32	0	0	17.1	0	oz=28.2|steak=301
168720	Beef, loin, top loin, separable lean and fat, trimmed to 1/8" fat, select, cooked, grilled	250	26.72	0	0	15.11	0	oz=28.3
168719	Beef, loin, top loin, separable lean and fat, trimmed to 1/8" fat, select, raw	224	20.59	0	0	15.04	0	oz=28.2
173061	Beef, loin, top sirloin cap steak, boneless, separable lean and fat, trimmed to 1/8" fat, all grades, cooked, grilled	242	26	0.8	0	15	0	oz=28.3|steak=161
174706	Beef, loin, top sirloin cap steak, boneless, separable lean and fat, trimmed to 1/8" fat, all grades, raw	191	19.9	0	0	12.4	0	oz=28.2|steak=223
174704	Beef, loin, top sirloin cap steak, boneless, separable lean and fat, trimmed to 1/8" fat, choice, cooked, grilled	238	26.3	1.1	0	14.3	0	oz=28.3|steak=165
174707	Beef, loin, top sirloin cap steak, boneless, separable lean and fat, trimmed to 1/8" fat, choice, raw	199	19.7	0	0	13.4	0	oz=28.2|steak=238
174705	Beef, loin, top sirloin cap steak, boneless, separable lean and fat, trimmed to 1/8" fat, select, cooked, grilled	249	25.5	0.4	0	16.1	0	oz=28.3|steak=156
173062	Beef, loin, top sirloin cap steak, boneless, separable lean and fat, trimmed to 1/8" fat, select, raw	179	20.1	0	0	10.9	0	oz=28.2|steak=199
172170	Beef, loin, top sirloin cap steak, boneless, separable lean only, trimmed to 1/8" fat, all grades, cooked, grilled	181	28.26	0.73	0	7.23	0	oz=28.3|steak=161
172173	Beef, loin, top sirloin cap steak, boneless, separable lean only, trimmed to 1/8" fat, all grades, raw	134	21.38	0	0	5.36	0	oz=28.2|steak=223
172171	Beef, loin, top sirloin cap steak, boneless, separable lean only, trimmed to 1/8" fat, choice, cooked, grilled	189	28.19	1.07	0	7.96	0	oz=28.3|steak=165
172174	Beef, loin, top sirloin cap steak, boneless, separable lean only, trimmed to 1/8" fat, choice, raw	138	21.34	0	0	5.82	0	oz=28.2|steak=238
172172	Beef, loin, top sirloin cap steak, boneless, separable lean only, trimmed to 1/8" fat, select, cooked, grilled	170	28.36	0.22	0	6.14	0	oz=28.3|steak=156
173409	Beef, loin, top sirloin cap steak, boneless, separable lean only, trimmed to 1/8" fat, select, raw	128	21.44	0	0	4.68	0	oz=28.2|steak=199
174693	Beef, loin, top sirloin filet, boneless, separable lean only, trimmed to 0" fat, all grades, cooked, grilled	171	30.58	0	0	5.37	0	oz=28.3|fillet=121
174694	Beef, loin, top sirloin filet, boneless, separable lean only, trimmed to 0" fat, choice, cooked, grilled	174	30.45	0	0	5.83	0	oz=28.3|fillet=124
173050	Beef, loin, top sirloin filet, boneless, separable lean only, trimmed to 0" fat, select, cooked, grilled	165	30.78	0	0	4.68	0	oz=28.3|fillet=115
173051	Beef, loin, top sirloin petite roast, boneless, separable lean only, trimmed to 0" fat, all grades, cooked, roasted	170	29.12	0	0	5.92	0	oz=28.3|roast=768
173407	Beef, loin, top sirloin petite roast, boneless, separable lean only, trimmed to 0" fat, choice, cooked, roasted	173	28.97	0	0	6.37	0	oz=28.3|roast=806
173052	Beef, loin, top sirloin petite roast, boneless, separable lean only, trimmed to 0" fat, select, cooked, roasted	165	29.35	0	0	5.25	0	oz=28.3|roast=765
173053	Beef, loin, top sirloin petite roast/filet, boneless, separable lean only, trimmed to 0" fat, all grades, raw	128	23.04	0	0	3.98	0	oz=28.2|fillet=180|roast=970
173408	Beef, loin, top sirloin petite roast/filet, boneless, separable lean only, trimmed to 0" fat, choice, raw	132	23.03	0	0	4.4	0	oz=28.2|fillet=190|roast=1013
174695	Beef, loin, top sirloin petite roast/filet, boneless, separable lean only, trimmed to 0" fat, select, raw	122	23.05	0	0	3.35	0	oz=28.2|fillet=186|roast=955
173097	Beef, New Zealand, imported, bolar blade, separable lean and fat, cooked, fast roasted	228	31.3	0	0	11.37	0	oz=28.3
173098	Beef, New Zealand, imported, bolar blade, separable lean and fat, raw	159	21.29	0	0	8.22	0	oz=28.2
174715	Beef, New Zealand, imported, bolar blade, separable lean only, cooked, fast roasted	193	33.53	0	0	6.57	0	oz=28.3
174716	Beef, New Zealand, imported, bolar blade, separable lean only, raw	129	22.09	0	0	4.49	0	oz=28.2
174739	Beef, New Zealand, imported, brisket navel end, separable lean and fat, cooked, braised	453	20.14	0	0	41.33	0	oz=28.3
174740	Beef, New Zealand, imported, brisket navel end, separable lean and fat, raw	345	15.81	0	0	31.27	0	oz=28.2
174717	Beef, New Zealand, imported, brisket navel end, separable lean only, cooked, braised	265	29.35	0	0	16.37	0	oz=28.3
174718	Beef, New Zealand, imported, brisket navel end, separable lean only, raw	194	19.74	0	0	12.75	0	oz=28.2
174741	Beef, New Zealand, imported, brisket point end, separable lean and fat, cooked, braised	250	31.94	0	0	13.6	0	oz=28.3
174742	Beef, New Zealand, imported, brisket point end, separable lean and fat, raw	163	20.05	0	0	9.23	0	oz=28.2
173073	Beef, New Zealand, imported, brisket point end, separable lean only, cooked, braised	202	34.51	0	0	7.05	0	oz=28.3
173074	Beef, New Zealand, imported, brisket point end, separable lean only, raw	125	20.92	0	0	4.62	0	oz=28.2
173099	Beef, New Zealand, imported, chuck eye roll, separable lean and fat, cooked, braised	252	29.92	0	0	14.74	0	oz=28.3
173100	Beef, New Zealand, imported, chuck eye roll, separable lean and fat, raw	181	19.38	0	0	11.45	0	oz=28.2
173076	Beef, New Zealand, imported, chuck eye roll, separable lean only, cooked, braised	208	32.08	0	0	8.89	0	serving=85
173075	Beef, New Zealand, imported, chuck eye roll, separable lean only, raw	131	20.46	0	0	5.41	0	oz=28.2
173101	Beef, New Zealand, imported, cube roll, separable lean and fat, cooked, fast roasted	286	27.79	0.03	0	19.45	0	oz=28.3
173102	Beef, New Zealand, imported, cube roll, separable lean and fat, raw	225	18.22	1.26	0	16.31	0	oz=28.2
174719	Beef, New Zealand, imported, cube roll, separable lean only, cooked, fast roasted	239	30.09	0	0	13.22	0	oz=28.3
174720	Beef, New Zealand, imported, cube roll, separable lean only, raw	161	19.77	1.38	0	8.51	0	oz=28.2
174743	Beef, New Zealand, imported, eye round, separable lean and fat, cooked, slow roasted	168	29.49	0	0	5.57	0	oz=28.3
174744	Beef, New Zealand, imported, eye round, separable lean and fat, raw	129	19.88	1.32	0	4.92	0	oz=28.2
174721	Beef, New Zealand, imported, eye round, separable lean only, cooked, slow roasted	164	29.68	0	0	4.98	0	oz=28.3
174722	Beef, New Zealand, imported, eye round, separable lean only, raw	116	20.15	1.35	0	3.35	0	oz=28.2
174745	Beef, New Zealand, imported, flank, separable lean and fat, cooked, braised	208	30.13	0	0	9.73	0	oz=28.3
174746	Beef, New Zealand, imported, flank, separable lean and fat, raw	161	20.12	0	0	8.9	0	oz=28.2
173077	Beef, New Zealand, imported, flank, separable lean only, cooked, braised	194	30.75	0	0	7.92	0	oz=28.3
173078	Beef, New Zealand, imported, flank, separable lean only, raw	142	20.53	0	0	6.67	0	oz=28.2
174747	Beef, New Zealand, imported, flat, separable lean and fat, cooked, braised	252	31.86	0	0	13.79	0	oz=28.3
173103	Beef, New Zealand, imported, flat, separable lean and fat, raw	177	20.57	0	0	10.55	0	oz=28.2
173079	Beef, New Zealand, imported, flat, separable lean only, cooked, braised	226	33.22	0	0	10.3	0	oz=28.3
173080	Beef, New Zealand, imported, flat, separable lean only, raw	154	21.3	0	0	7.69	0	oz=28.2
173104	Beef, New Zealand, imported, hind shin, separable lean and fat, cooked, braised	196	29.82	0.07	0	8.5	0	oz=28.3
173105	Beef, New Zealand, imported, hind shin, separable lean and fat, raw	147	20.61	0	0	7.2	0	oz=28.2
174724	Beef, New Zealand, imported, hind shin, separable lean only, cooked, braised	167	31.23	0	0	4.64	0	oz=28.3
174725	Beef, New Zealand, imported, hind shin, separable lean only, raw	114	21.46	0	0	3.12	0	oz=28.2
174726	Beef, New Zealand, imported, inside, raw	128	22.16	0.1	0	4.36	0	oz=28.2
173082	Beef, New Zealand, imported, intermuscular fat, cooked	560	7.9	3.39	0	57.22	0	oz=28.3
173083	Beef, New Zealand, imported, intermuscular fat, raw	602	6.97	0.01	0	63.78	0	oz=28.2
173085	Beef, New Zealand, imported, knuckle, cooked, fast fried	178	27.51	0	0	7.58	0	oz=28.3
174730	Beef, New Zealand, imported, manufacturing beef, cooked, boiled	126	24.21	0	0	3.26	0	oz=28.3
173086	Beef, New Zealand, imported, manufacturing beef, raw	119	21.23	0.23	0	3.68	0	oz=28.2
173106	Beef, New Zealand, imported, oyster blade, separable lean and fat, cooked, braised	197	29.79	0	0	8.68	0	oz=28.3
174735	Beef, New Zealand, imported, oyster blade, separable lean and fat, raw	178	21.27	0	0	10.31	0	oz=28.2
173087	Beef, New Zealand, imported, oyster blade, separable lean only, cooked, braised	196	29.87	0	0	8.46	0	oz=28.3
173088	Beef, New Zealand, imported, oyster blade, separable lean only, raw	155	21.83	0	0	7.56	0	oz=28.2
173089	Beef, New Zealand, imported, ribs prepared, cooked, fast roasted	197	27.23	0.09	0	9.74	0	oz=28.3
174731	Beef, New Zealand, imported, ribs prepared, raw	146	21.31	0	0	6.78	0	oz=28.2
174748	Beef, New Zealand, imported, rump centre, separable lean and fat, cooked, fast fried	192	30.01	0	0	7.96	0	oz=28.3
174750	Beef, New Zealand, imported, rump centre, separable lean and fat, raw	145	21.65	0	0	6.5	0	oz=28.2
174732	Beef, New Zealand, imported, rump centre, separable lean only, cooked, fast fried	188	30.17	0	0	7.48	0	oz=28.3
174749	Beef, New Zealand, imported, rump centre, separable lean only, raw	141	21.74	0	0	6.05	0	oz=28.2
174751	Beef, New Zealand, imported, striploin, separable lean and fat, cooked, fast fried	301	24.89	0.02	0	22.33	0	oz=28.3
173107	Beef, New Zealand, imported, striploin, separable lean and fat, raw	252	18.49	0.6	0	19.53	0	oz=28.2
174733	Beef, New Zealand, imported, striploin, separable lean only, cooked, fast fried	217	28.53	0	0	11.4	0	oz=28.3
174734	Beef, New Zealand, imported, striploin, separable lean only, raw	150	20.93	0.74	0	7	0	oz=28.2
173090	Beef, New Zealand, imported, subcutaneous fat, cooked	731	6.5	0	0	78.3	0	oz=28.3
173091	Beef, New Zealand, imported, subcutaneous fat, raw	685	8.5	0	0	72.38	0	oz=28.2
173092	Beef, New Zealand, imported, sweetbread, cooked, boiled	318	12.53	0	0	29.79	0	oz=28.3
173093	Beef, New Zealand, imported, sweetbread, raw	303	11.51	0	0	28.6	0	oz=28.2
173108	Beef, New Zealand, imported, tenderloin, separable lean and fat, cooked, fast fried	202	29.26	0.27	0	9.35	0	oz=28.3
173109	Beef, New Zealand, imported, tenderloin, separable lean and fat, raw	146	21.04	0	0	6.88	0	oz=28.2
173094	Beef, New Zealand, imported, tenderloin, separable lean only, cooked, fast fried	200	29.37	0.27	0	9.01	0	oz=28.3
174736	Beef, New Zealand, imported, tenderloin, separable lean only, raw	140	21.19	0	0	6.1	0	oz=28.2
174728	Beef, New Zealand, imported, variety meats and by-products liver, cooked, boiled	150	23.3	3.78	0	4.68	0	oz=28.3
173081	Beef, New Zealand, imported, variety meats and by-products, heart, cooked, boiled	179	31.29	0	0	6	0	oz=28.3
174723	Beef, New Zealand, imported, variety meats and by-products, heart, raw	105	18.52	0	0	3.4	0	oz=28.2
173084	Beef, New Zealand, imported, variety meats and by-products, kidney, cooked, boiled	157	27.28	0	0	5.27	0	oz=28.3
174727	Beef, New Zealand, imported, variety meats and by-products, kidney, raw	87	15.68	0	0	2.64	0	oz=28.2
174729	Beef, New Zealand, imported, variety meats and by-products, liver, raw	133	20.5	3.6	0	4.05	0	oz=28.2
174737	Beef, New Zealand, imported, variety meats and by-products, tongue, cooked, boiled	271	18.31	3.68	0	20.34	0	oz=28.3
174738	Beef, New Zealand, imported, variety meats and by-products, tongue, raw	243	17.77	0	0	19.09	0	oz=28.2
173095	Beef, New Zealand, imported, variety meats and by-products, tripe cooked, boiled	103	19	0	0	2.98	0	oz=28.3
173096	Beef, New Zealand, imported, variety meats and by-products, tripe uncooked, raw	77	14.86	0	0	1.98	0	oz=28.2
173395	Beef, plate steak, boneless, inside skirt, separable lean and fat, trimmed to 0" fat, all grades, cooked, grilled	245	29.36	0	0	14.2	0	oz=28.3|steak=254
172158	Beef, plate steak, boneless, inside skirt, separable lean and fat, trimmed to 0" fat, all grades, raw	187	20.38	0	0	11.71	0	oz=28.2|steak=382
173396	Beef, plate steak, boneless, inside skirt, separable lean and fat, trimmed to 0" fat, choice, cooked, grilled	253	28.9	0	0	15.3	0	oz=28.3|steak=256
172159	Beef, plate steak, boneless, inside skirt, separable lean and fat, trimmed to 0" fat, choice, raw	195	20.06	0	0	12.78	0	oz=28.2|steak=388
172157	Beef, plate steak, boneless, inside skirt, separable lean and fat, trimmed to 0" fat, select, cooked, grilled	233	30.06	0	0	12.54	0	oz=28.3|steak=250
172160	Beef, plate steak, boneless, inside skirt, separable lean and fat, trimmed to 0" fat, select, raw	174	20.87	0	0	10.11	0	oz=28.2|steak=373
173373	Beef, plate steak, boneless, inside skirt, separable lean only, trimmed to 0" fat, all grades, cooked, grilled	234	29.99	0	0	12.69	0	oz=28.3|steak=254
173374	Beef, plate steak, boneless, inside skirt, separable lean only, trimmed to 0" fat, all grades, raw	164	21.17	0	0	8.82	0	oz=28.2|steak=382
173375	Beef, plate steak, boneless, inside skirt, separable lean only, trimmed to 0" fat, choice, cooked, grilled	242	29.56	0	0	13.72	0	oz=28.3|steak=256
172137	Beef, plate steak, boneless, inside skirt, separable lean only, trimmed to 0" fat, choice, raw	171	20.89	0	0	9.76	0	oz=28.2|steak=388
172138	Beef, plate steak, boneless, inside skirt, separable lean only, trimmed to 0" fat, select, cooked, grilled	223	30.64	0	0	11.16	0	oz=28.3|steak=250
172139	Beef, plate steak, boneless, inside skirt, separable lean only, trimmed to 0" fat, select, raw	153	21.61	0	0	7.41	0	oz=28.2|steak=373
173397	Beef, plate steak, boneless, outside skirt, separable lean and fat, trimmed to 0" fat, all grades, cooked, grilled	292	27.06	0	0	20.47	0	oz=28.3|steak=174
173400	Beef, plate steak, boneless, outside skirt, separable lean and fat, trimmed to 0" fat, all grades, raw	232	17.98	0.35	0	17.59	0	oz=28.2|steak=266
173398	Beef, plate steak, boneless, outside skirt, separable lean and fat, trimmed to 0" fat, choice, cooked, grilled	300	26.46	0	0	21.62	0	oz=28.3|steak=173
172162	Beef, plate steak, boneless, outside skirt, separable lean and fat, trimmed to 0" fat, choice, raw	238	17.69	0.35	0	18.44	0	oz=28.2|steak=268
173399	Beef, plate steak, boneless, outside skirt, separable lean and fat, trimmed to 0" fat, select, cooked, grilled	281	27.95	0	0	18.75	0	oz=28.3|steak=175
172163	Beef, plate steak, boneless, outside skirt, separable lean and fat, trimmed to 0" fat, select, raw	222	18.43	0.36	0	16.31	0	oz=28.2|steak=264
172140	Beef, plate steak, boneless, outside skirt, separable lean only, trimmed to 0" fat, all grades, cooked, grilled	282	27.68	0	0	19.01	0	oz=28.3|steak=174
173376	Beef, plate steak, boneless, outside skirt, separable lean only, trimmed to 0" fat, all grades, raw	206	18.74	0.19	0	14.53	0	oz=28.2|steak=266
173377	Beef, plate steak, boneless, outside skirt, separable lean only, trimmed to 0" fat, choice, cooked, grilled	291	27.03	0	0	20.28	0	oz=28.3|steak=173
173378	Beef, plate steak, boneless, outside skirt, separable lean only, trimmed to 0" fat, choice, raw	212	18.47	0.17	0	15.26	0	oz=28.2|steak=268
173379	Beef, plate steak, boneless, outside skirt, separable lean only, trimmed to 0" fat, select, cooked, grilled	268	28.65	0	0	17.1	0	oz=28.3|steak=175
172141	Beef, plate steak, boneless, outside skirt, separable lean only, trimmed to 0" fat, select, raw	198	19.14	0.23	0	13.44	0	oz=28.2|steak=264
171787	Beef, plate, inside skirt steak, separable lean and fat, trimmed to 0" fat, all grades, cooked, broiled	220	26.13	0	0	12.05	0	oz=28.3|lb=453.6
168744	Beef, plate, inside skirt steak, separable lean only, trimmed to 0" fat, all grades, cooked, broiled	205	26.66	0	0	10.06	0	oz=28.3
171788	Beef, plate, outside skirt steak, separable lean and fat, trimmed to 0" fat, all grades, cooked, broiled	255	23.51	0	0	17.13	0	oz=28.3|lb=453.6
168745	Beef, plate, outside skirt steak, separable lean only, trimmed to 0" fat, all grades, cooked, broiled	233	24.18	0	0	14.37	0	oz=28.3
168606	Beef, retail cuts, separable fat, cooked	680	10.65	0	0	70.33	0	oz=28.4|oz=28.3
168605	Beef, retail cuts, separable fat, raw	674	8.21	0	0	70.89	0	oz=28.4|oz=28.2
172150	Beef, rib eye roast, bone-in, lip-on, separable lean and fat, trimmed to 1/8" fat, all grades, cooked, roasted	300	23.47	0	0	22.91	0	oz=28.3|roast=2130
173388	Beef, rib eye roast, bone-in, lip-on, separable lean and fat, trimmed to 1/8" fat, choice, cooked, roasted	307	23.53	0	0	23.61	0	oz=28.3|roast=2044
172149	Beef, rib eye roast, bone-in, lip-on, separable lean and fat, trimmed to 1/8" fat, select, cooked, roasted	290	23.36	0	0	21.85	0	oz=28.3|roast=2259
170836	Beef, rib eye roast, bone-in, lip-on, separable lean only, trimmed to 1/8" fat, all grades, cooked, roasted	231	27.12	0	0	13.64	0	oz=28.3|roast=2130
171210	Beef, rib eye roast, bone-in, lip-on, separable lean only, trimmed to 1/8" fat, choice, cooked, roasted	240	27.18	0	0	14.55	0	oz=28.3|roast=2044
170837	Beef, rib eye roast, bone-in, lip-on, separable lean only, trimmed to 1/8" fat, select, cooked, roasted	219	27.03	0	0	12.29	0	oz=28.3|roast=2259
172153	Beef, rib eye roast, boneless, lip-on, separable lean and fat, trimmed to 1/8" fat, all grades, cooked, roasted	292	24.3	0	0	21.66	0	oz=28.3|roast=1601
172154	Beef, rib eye roast, boneless, lip-on, separable lean and fat, trimmed to 1/8" fat, choice, cooked, roasted	303	23.92	0	0	22.98	0	oz=28.3|roast=1555
172155	Beef, rib eye roast, boneless, lip-on, separable lean and fat, trimmed to 1/8" fat, select, cooked, roasted	277	24.85	0	0	19.68	0	oz=28.3|roast=1669
171239	Beef, rib eye roast, boneless, lip-on, separable lean only, trimmed to 1/8" fat, all grades, cooked, roasted	218	28.21	0	0	11.68	0	oz=28.3|roast=1601
170842	Beef, rib eye roast, boneless, lip-on, separable lean only, trimmed to 1/8" fat, choice, cooked, roasted	229	27.87	0	0	13.01	0	oz=28.3|roast=1555
173372	Beef, rib eye roast, boneless, lip-on, separable lean only, trimmed to 1/8" fat, select, cooked, roasted	202	28.72	0	0	9.68	0	oz=28.3|roast=1669
173387	Beef, rib eye steak, bone-in, lip-on, separable lean and fat, trimmed to 1/8" fat, all grades, cooked, grilled	309	22.9	0	0	24.2	0	oz=28.3|steak=381
173385	Beef, rib eye steak, bone-in, lip-on, separable lean and fat, trimmed to 1/8" fat, choice, cooked, grilled	313	22.71	0	0	24.7	0	oz=28.3|steak=378
173386	Beef, rib eye steak, bone-in, lip-on, separable lean and fat, trimmed to 1/8" fat, select, cooked, grilled	304	23.19	0	0	23.47	0	oz=28.3|steak=385
171236	Beef, rib eye steak, bone-in, lip-on, separable lean only, trimmed to 1/8" fat, all grades, cooked, grilled	221	27.4	0	0	12.43	0	oz=28.3|steak=381
171237	Beef, rib eye steak, bone-in, lip-on, separable lean only, trimmed to 1/8" fat, choice, cooked, grilled	229	27.03	0	0	13.44	0	oz=28.3|steak=378
171238	Beef, rib eye steak, bone-in, lip-on, separable lean only, trimmed to 1/8" fat, select, cooked, grilled	210	27.96	0	0	10.91	0	oz=28.3|steak=385
172164	Beef, rib eye steak, boneless, lip off, separable lean and fat, trimmed to 0" fat, all grades, cooked, grilled	271	24.85	0	0	19.02	0	oz=28.3|steak=251
173402	Beef, rib eye steak, boneless, lip off, separable lean and fat, trimmed to 0" fat, all grades, raw	228	19.26	0.12	0	16.71	0	oz=28.2|steak=326
172165	Beef, rib eye steak, boneless, lip off, separable lean and fat, trimmed to 0" fat, choice, cooked, grilled	285	23.89	0	0	21.1	0	oz=28.3|steak=242
173403	Beef, rib eye steak, boneless, lip off, separable lean and fat, trimmed to 0" fat, choice, raw	241	18.69	0.2	0	18.43	0	oz=28.2|steak=316
173401	Beef, rib eye steak, boneless, lip off, separable lean and fat, trimmed to 0" fat, select, cooked, grilled	248	26.29	0	0	15.9	0	oz=28.3|steak=266
173404	Beef, rib eye steak, boneless, lip off, separable lean and fat, trimmed to 0" fat, select, raw	208	20.12	0	0	14.14	0	oz=28.2|steak=340
172142	Beef, rib eye steak, boneless, lip off, separable lean only, trimmed to 0" fat, all grades, cooked, grilled	206	28.11	0	0	10.37	0	oz=28.3
172143	Beef, rib eye steak, boneless, lip off, separable lean only, trimmed to 0" fat, all grades, raw	154	21.85	0	0	7.41	0	oz=28.2
172144	Beef, rib eye steak, boneless, lip off, separable lean only, trimmed to 0" fat, choice, cooked, grilled	215	27.39	0	0	11.75	0	oz=28.3|steak=242
173380	Beef, rib eye steak, boneless, lip off, separable lean only, trimmed to 0" fat, choice, raw	162	21.44	0	0	8.5	0	oz=28.2|steak=316
173381	Beef, rib eye steak, boneless, lip off, separable lean only, trimmed to 0" fat, select, cooked, grilled	191	29.18	0	0	8.31	0	oz=28.3|steak=266
173382	Beef, rib eye steak, boneless, lip off, separable lean only, trimmed to 0" fat, select, raw	142	22.46	0	0	5.78	0	oz=28.2
173392	Beef, rib eye steak, boneless, lip-on, separable lean and fat, trimmed to 1/8" fat, all grades, cooked, grilled	291	23.69	0	0	21.81	0	oz=28.3|steak=291
173390	Beef, rib eye steak, boneless, lip-on, separable lean and fat, trimmed to 1/8" fat, choice, cooked, grilled	303	22.92	0	0	23.52	0	oz=28.3|steak=281
173391	Beef, rib eye steak, boneless, lip-on, separable lean and fat, trimmed to 1/8" fat, select, cooked, grilled	273	24.83	0	0	19.25	0	oz=28.3|steak=306
171209	Beef, rib eye steak, boneless, lip-on, separable lean only, trimmed to 1/8" fat, all grades, cooked, grilled	207	27.97	0	0	10.57	0	oz=28.3|steak=291
171232	Beef, rib eye steak, boneless, lip-on, separable lean only, trimmed to 1/8" fat, choice, cooked, grilled	217	27.3	0	0	11.97	0	oz=28.3|steak=281
171233	Beef, rib eye steak, boneless, lip-on, separable lean only, trimmed to 1/8" fat, select, cooked, grilled	192	28.98	0	0	8.48	0	oz=28.3|steak=306
172151	Beef, rib eye steak/roast, bone-in, lip-on, separable lean and fat, trimmed to 1/8" fat, all grades, raw	255	18.13	0	0	20.31	0	oz=28.2|steak=462|roast=2627
172152	Beef, rib eye steak/roast, bone-in, lip-on, separable lean and fat, trimmed to 1/8" fat, choice, raw	260	17.92	0	0	20.96	0	oz=28.2|steak=456|roast=2674
173389	Beef, rib eye steak/roast, bone-in, lip-on, separable lean and fat, trimmed to 1/8" fat, select, raw	248	18.44	0	0	19.34	0	oz=28.2|steak=471|roast=2557
171234	Beef, rib eye steak/roast, bone-in, lip-on, separable lean only, trimmed to 1/8" fat, all grades, raw	166	21.22	0	0	9.04	0	oz=28.2|steak=462|roast=2627
171235	Beef, rib eye steak/roast, bone-in, lip-on, separable lean only, trimmed to 1/8" fat, choice, raw	173	20.93	0	0	9.97	0	oz=28.2|steak=456|roast=2674
170838	Beef, rib eye steak/roast, bone-in, lip-on, separable lean only, trimmed to 1/8" fat, select, raw	155	21.65	0	0	7.64	0	oz=28.2|steak=471|roast=2557
172156	Beef, rib eye steak/roast, boneless, lip-on, separable lean and fat, trimmed to 1/8" fat, all grades, raw	244	18.85	0	0	18.73	0	oz=28.2|steak=361|roast=2155
173393	Beef, rib eye steak/roast, boneless, lip-on, separable lean and fat, trimmed to 1/8" fat, choice, raw	253	18.39	0	0	19.95	0	oz=28.2|steak=350|roast=2124
173394	Beef, rib eye steak/roast, boneless, lip-on, separable lean and fat, trimmed to 1/8" fat, select, raw	230	19.55	0	0	16.9	0	oz=28.2|steak=376|roast=2203
170839	Beef, rib eye steak/roast, boneless, lip-on, separable lean only, trimmed to 1/8" fat, all grades, raw	156	21.99	0	0	7.54	0	oz=28.2|steak=361|roast=2155
170840	Beef, rib eye steak/roast, boneless, lip-on, separable lean only, trimmed to 1/8" fat, choice, raw	161	21.62	0	0	8.29	0	oz=28.2|steak=350|roast=2124
170841	Beef, rib eye steak/roast, boneless, lip-on, separable lean only, trimmed to 1/8" fat, select, raw	148	22.55	0	0	6.41	0	oz=28.2|steak=376|roast=2203
169557	Beef, rib eye, small end (ribs 10-12), separable lean and fat, trimmed to 0" fat, all grades, cooked, broiled	249	27.27	0	0	14.74	0	oz=28.3|steak (yield from 295 g raw meat)=233
169556	Beef, rib eye, small end (ribs 10-12), separable lean and fat, trimmed to 0" fat, select, cooked, broiled	234	27.95	0	0	12.71	0	oz=28.3|steak (yield from 294 g raw meat)=231
168621	Beef, rib eye, small end (ribs 10-12), separable lean only, trimmed to 0" fat, select, raw	149	21.17	0	0	6.57	0	oz=28.2
172166	Beef, rib, back ribs, bone-in, separable lean and fat, trimmed to 0" fat, all grades, cooked, braised	360	24.23	0	0	29.21	0	oz=28.3|ribs=1159
172169	Beef, rib, back ribs, bone-in, separable lean and fat, trimmed to 0" fat, all grades, raw	324	16.15	0.78	0	28.42	0	oz=28.2|ribs=1587
172167	Beef, rib, back ribs, bone-in, separable lean and fat, trimmed to 0" fat, choice, cooked, braised	372	23.34	0	0	30.95	0	oz=28.3|ribs=1197
173405	Beef, rib, back ribs, bone-in, separable lean and fat, trimmed to 0" fat, choice, raw	336	15.75	0.9	0	29.89	0	oz=28.2|ribs=1604
172168	Beef, rib, back ribs, bone-in, separable lean and fat, trimmed to 0" fat, select, cooked, braised	341	25.56	0	0	26.59	0	oz=28.3|ribs=1102
173406	Beef, rib, back ribs, bone-in, separable lean and fat, trimmed to 0" fat, select, raw	305	16.75	0.6	0	26.23	0	oz=28.2|ribs=1562
173383	Beef, rib, back ribs, bone-in, separable lean only, trimmed to 0" fat, all grades, cooked, braised	299	28.36	0	0	20.57	0	oz=28.3|ribs=1159
172145	Beef, rib, back ribs, bone-in, separable lean only, trimmed to 0" fat, all grades, raw	239	19.11	0.46	0	17.91	0	oz=28.2|ribs=1587
172146	Beef, rib, back ribs, bone-in, separable lean only, trimmed to 0" fat, choice, cooked, braised	306	27.75	0	0	21.72	0	oz=28.3|ribs=1197
172147	Beef, rib, back ribs, bone-in, separable lean only, trimmed to 0" fat, choice, raw	252	18.72	0.64	0	19.36	0	oz=28.2|ribs=1604
172148	Beef, rib, back ribs, bone-in, separable lean only, trimmed to 0" fat, select, cooked, braised	287	29.28	0	0	18.84	0	oz=28.3|ribs=1102
173384	Beef, rib, back ribs, bone-in, separable lean only, trimmed to 0" fat, select, raw	221	19.71	0.2	0	15.73	0	oz=28.2|ribs=1562
168648	Beef, rib, eye, small end (ribs 10- 12) separable lean only, trimmed to 0" fat, select, cooked, broiled	182	29.93	0	0	6.05	0	oz=28.3|steak=231
169436	Beef, rib, eye, small end (ribs 10-12), separable lean and fat, trimmed to 0" fat, choice, cooked, broiled	265	26.58	0	0	16.76	0	oz=28.3|steak (yield from 297 g raw meat)=236
168612	Beef, rib, eye, small end (ribs 10-12), separable lean and fat, trimmed to 0" fat, choice, raw	274	17.51	0		22.07	0	oz=28.4|lb=453.6
169438	Beef, rib, eye, small end (ribs 10-12), separable lean only, trimmed to 0" fat, choice, cooked, broiled	205	28.88	0	0	9.01	0	oz=28.3|steak (yield from 297g raw meat)=236
169437	Beef, rib, eye, small end (ribs 10-12), separable lean only, trimmed to 0" fat, choice, raw	161	20.13	0		8.3	0	oz=28.4|lb=453.6
170619	Beef, rib, large end (ribs 6-9), separable lean and fat, trimmed to 0" fat, choice, cooked, roasted	372	22.8	0		30.49	0	oz=28.3|piece, cooked, excluding refuse (yield from 1 lb raw meat with refuse)=290
170620	Beef, rib, large end (ribs 6-9), separable lean and fat, trimmed to 0" fat, select, cooked, roasted	331	23.48	0		25.54	0	oz=28.3|piece, cooked, excluding refuse (yield from 1 lb raw meat with refuse)=286
168681	Beef, rib, large end (ribs 6-9), separable lean and fat, trimmed to 1/8" fat, all grades, cooked, broiled	338	21.55	0		27.22	0	oz=28.3|piece, cooked, excluding refuse (yield from 1 lb raw meat with refuse)=267
168682	Beef, rib, large end (ribs 6-9), separable lean and fat, trimmed to 1/8" fat, all grades, cooked, roasted	355	23.01	0	0	28.51	0	oz=28.3|piece, cooked, excluding refuse (yield from 1 lb raw meat with refuse)=292
168680	Beef, rib, large end (ribs 6-9), separable lean and fat, trimmed to 1/8" fat, all grades, raw	316	16.26	0		27.29	0	oz=28.4|lb=453.6
169506	Beef, rib, large end (ribs 6-9), separable lean and fat, trimmed to 1/8" fat, choice, cooked, broiled	370	20.86	0		31.18	0	oz=28.3|piece, cooked, excluding refuse (yield from 1 lb raw meat with refuse)=267
169507	Beef, rib, large end (ribs 6-9), separable lean and fat, trimmed to 1/8" fat, choice, cooked, roasted	378	22.5	0		31.28	0	oz=28.3|piece, cooked, excluding refuse (yield from 1 lb raw meat with refuse)=296
169505	Beef, rib, large end (ribs 6-9), separable lean and fat, trimmed to 1/8" fat, choice, raw	333	16.03	0		29.34	0	oz=28.4|lb=453.6
168686	Beef, rib, large end (ribs 6-9), separable lean and fat, trimmed to 1/8" fat, prime, cooked, broiled	404	20.65	0		34.97	0	oz=28.3|piece, cooked, excluding refuse (yield from 1 lb raw meat with refuse)=278
168687	Beef, rib, large end (ribs 6-9), separable lean and fat, trimmed to 1/8" fat, prime, cooked, roasted	393	22.86	0		32.74	0	oz=28.3|piece, cooked, excluding refuse (yield from 1 lb raw meat with refuse)=281
168685	Beef, rib, large end (ribs 6-9), separable lean and fat, trimmed to 1/8" fat, prime, raw	367	15.77	0		33.26	0	oz=28.2|lb=453.6
168683	Beef, rib, large end (ribs 6-9), separable lean and fat, trimmed to 1/8" fat, select, cooked, broiled	324	21.55	0		25.71	0	oz=28.3|piece, cooked, excluding refuse (yield from 1 lb raw meat with refuse)=267
168684	Beef, rib, large end (ribs 6-9), separable lean and fat, trimmed to 1/8" fat, select, cooked, roasted	333	23.4	0		25.84	0	oz=28.3|piece, cooked, excluding refuse (yield from 1 lb raw meat with refuse)=292
169508	Beef, rib, large end (ribs 6-9), separable lean and fat, trimmed to 1/8" fat, select, raw	295	16.52	0		24.85	0	oz=28.4|lb=453.6
170621	Beef, rib, large end (ribs 6-9), separable lean only, trimmed to 0" fat, all grades, cooked, roasted	238	27.53	0	0	13.4	0	oz=28.3|piece, cooked, excluding refuse (yield from 1 lb raw meat with refuse)=214
170622	Beef, rib, large end (ribs 6-9), separable lean only, trimmed to 0" fat, choice, cooked, roasted	253	27.53	0		15	0	oz=28.3|piece, cooked, excluding refuse (yield from 1 lb raw meat with refuse)=207
170218	Beef, rib, large end (ribs 6-9), separable lean only, trimmed to 0" fat, select, cooked, roasted	220	27.53	0		11.4	0	oz=28.3|piece, cooked, excluding refuse (yield from 1 lb raw meat with refuse)=217
168613	Beef, rib, shortribs, separable lean and fat, choice, cooked, braised	471	21.57	0	0	41.98	0	oz=28.3|piece, cooked, excluding refuse (yield from 1 lb raw meat with refuse)=225
169439	Beef, rib, shortribs, separable lean and fat, choice, raw	390	14.4	0.4		36.23	0	oz=28.2|lb=453.6
168615	Beef, rib, shortribs, separable lean only, choice, cooked, braised	295	30.76	0	0	18.13	0	piece, cooked, excluding refuse (yield from 1 lb raw meat with refuse)=121|oz=28.3
168614	Beef, rib, shortribs, separable lean only, choice, raw	175	19.05	0.4		10.19	0	oz=28.2|lb=453.6
170219	Beef, rib, small end (ribs 10-12), separable lean and fat, trimmed to 0" fat, all grades, cooked, broiled	249	27.27	0	0	14.74	0	oz=28.3|steak (yield from 233 g raw meat)=233
170220	Beef, rib, small end (ribs 10-12), separable lean and fat, trimmed to 0" fat, choice, cooked, broiled	312	24.73	0		22.84	0	oz=28.3|piece, cooked, excluding refuse (yield from 1 lb raw meat with refuse)=272
170221	Beef, rib, small end (ribs 10-12), separable lean and fat, trimmed to 0" fat, select, cooked, broiled	285	24.91	0		19.79	0	oz=28.3|piece, cooked, excluding refuse (yield from 1 lb raw meat with refuse)=265
169510	Beef, rib, small end (ribs 10-12), separable lean and fat, trimmed to 1/8" fat, all grades, cooked, broiled	291	25.85	0	0	20.04	0	oz=28.3|piece, cooked, excluding refuse (yield from 1 lb raw meat with refuse)=268
169511	Beef, rib, small end (ribs 10-12), separable lean and fat, trimmed to 1/8" fat, all grades, cooked, roasted	341	22.54	0		27.14	0	oz=28.3|piece, cooked, excluding refuse (yield from 1 lb raw meat with refuse)=282
169509	Beef, rib, small end (ribs 10-12), separable lean and fat, trimmed to 1/8" fat, all grades, raw	254	19.33	0	0	19.06	0	oz=28.2|lb=453.6
168688	Beef, rib, small end (ribs 10-12), separable lean and fat, trimmed to 1/8" fat, choice, cooked, broiled	304	24.53	0	0	22.09	0	oz=28.3|steak (yield from 320 g raw meat)=256
168689	Beef, rib, small end (ribs 10-12), separable lean and fat, trimmed to 1/8" fat, choice, cooked, roasted	359	22.28	0		29.21	0	oz=28.3|piece, cooked, excluding refuse (yield from 1 lb raw meat with refuse)=278
169512	Beef, rib, small end (ribs 10-12), separable lean and fat, trimmed to 1/8" fat, choice, raw	263	19.09	0	0	20.13	0	oz=28.2|lb=453.6
169515	Beef, rib, small end (ribs 10-12), separable lean and fat, trimmed to 1/8" fat, prime, cooked, broiled	354	24.13	0		27.86	0	oz=28.3|piece, cooked, excluding refuse (yield from 1 lb raw meat with refuse)=268
169516	Beef, rib, small end (ribs 10-12), separable lean and fat, trimmed to 1/8" fat, prime, cooked, roasted	411	22.15	0		35.12	0	oz=28.3|piece, cooked, excluding refuse (yield from 1 lb raw meat with refuse)=276
169514	Beef, rib, small end (ribs 10-12), separable lean and fat, trimmed to 1/8" fat, prime, raw	335	16.74	0.06		29.18	0	oz=28.2|lb=453.6
168691	Beef, rib, small end (ribs 10-12), separable lean and fat, trimmed to 1/8" fat, select, cooked, broiled	278	27.17	0	0	18	0	oz=28.3|steak (yield from 1 raw steak weighing 321g)=245
169513	Beef, rib, small end (ribs 10-12), separable lean and fat, trimmed to 1/8" fat, select, cooked, roasted	323	22.76	0		25.02	0	oz=28.3|piece, cooked, excluding refuse (yield from 1 lb raw meat with refuse)=285
168690	Beef, rib, small end (ribs 10-12), separable lean and fat, trimmed to 1/8" fat, select, raw	246	19.56	0	0	18	0	oz=28.2|steak=335
170623	Beef, rib, small end (ribs 10-12), separable lean only, trimmed to 0" fat, all grades, cooked, broiled	193	29.41	0	0	7.53	0	oz=28.3|steak (yield from 296 g raw meat)=233
170624	Beef, rib, small end (ribs 10-12), separable lean only, trimmed to 0" fat, choice, cooked, broiled	225	28.04	0		11.7	0	oz=28.3|piece, cooked, excluding refuse (yield from 1 lb raw meat with refuse)=220
170625	Beef, rib, small end (ribs 10-12), separable lean only, trimmed to 0" fat, select, cooked, broiled	198	28.04	0		8.7	0	oz=28.3|piece, cooked, excluding refuse (yield from 1 lb raw meat with refuse)=220
173123	Beef, rib, small end (ribs 10-12), separable lean only, trimmed to 1/8" fat, all grades, cooked, broiled	195	29.58	0	0	7.63	0	oz=28.3|lb=453.6
171810	Beef, rib, small end (ribs 10-12), separable lean only, trimmed to 1/8" fat, all grades, raw	141	22.33	0	0	5.04	0	oz=28.2|lb=453.6
174761	Beef, rib, small end (ribs 10-12), separable lean only, trimmed to 1/8" fat, choice, raw	148	22.12	0	0	5.91	0	oz=28.2|lb=453.6
174042	Beef, rib, small end (ribs 10-12), separable lean only, trimmed to 1/8" fat, select, cooked, broiled	188	30.87	0	0	6.22	0	oz=28.3|lb=453.6
171802	Beef, rib, small end (ribs 10-12), separable lean only, trimmed to 1/8" fat, select, raw	134	22.53	0	0	4.2	0	oz=28.2|lb=453.6
174764	Beef, rib, small end (ribs 10-12), separable lean only, trimmed to 1/8"fat, choice, cooked, broiled	202	28.29	0	0	9.05	0	oz=28.3|lb=453.6
169499	Beef, rib, whole (ribs 6-12), separable lean and fat, trimmed to 1/8" fat, all grades, cooked, broiled	337	22.42	0		26.75	0	oz=28.3|piece, cooked, excluding refuse (yield from 1 lb raw meat with refuse)=267
169500	Beef, rib, whole (ribs 6-12), separable lean and fat, trimmed to 1/8" fat, all grades, cooked, roasted	351	22.77	0		28.11	0	oz=28.3|piece, cooked, excluding refuse (yield from 1 lb raw meat with refuse)=289
169498	Beef, rib, whole (ribs 6-12), separable lean and fat, trimmed to 1/8" fat, all grades, raw	306	16.53	0		26.1	0	oz=28.4|lb=453.6
168676	Beef, rib, whole (ribs 6-12), separable lean and fat, trimmed to 1/8" fat, choice, cooked, broiled	352	22.26	0		28.5	0	oz=28.3|piece, cooked, excluding refuse (yield from 1 lb raw meat with refuse)=267
168677	Beef, rib, whole (ribs 6-12), separable lean and fat, trimmed to 1/8" fat, choice, cooked, roasted	365	22.6	0	0	29.79	0	oz=28.3|piece, cooked, excluding refuse (yield from 1 lb raw meat with refuse)=289
168675	Beef, rib, whole (ribs 6-12), separable lean and fat, trimmed to 1/8" fat, choice, raw	322	16.34	0		27.93	0	oz=28.4|lb=453.6
169504	Beef, rib, whole (ribs 6-12), separable lean and fat, trimmed to 1/8" fat, prime, cooked, broiled	386	21.95	0		32.38	0	oz=28.3|piece, cooked, excluding refuse (yield from 1 lb raw meat with refuse)=274
168679	Beef, rib, whole (ribs 6-12), separable lean and fat, trimmed to 1/8" fat, prime, cooked, roasted	400	22.57	0		33.7	0	oz=28.3|piece, cooked, excluding refuse (yield from 1 lb raw meat with refuse)=278
169503	Beef, rib, whole (ribs 6-12), separable lean and fat, trimmed to 1/8" fat, prime, raw	355	16.15	0		31.66	0	oz=28.2|lb=453.6
169501	Beef, rib, whole (ribs 6-12), separable lean and fat, trimmed to 1/8" fat, select, cooked, broiled	315	22.73	0		24.2	0	oz=28.3|piece, cooked, excluding refuse (yield from 1 lb raw meat with refuse)=264
169502	Beef, rib, whole (ribs 6-12), separable lean and fat, trimmed to 1/8" fat, select, cooked, roasted	330	23.1	0		25.63	0	oz=28.3|piece, cooked, excluding refuse (yield from 1 lb raw meat with refuse)=289
168678	Beef, rib, whole (ribs 6-12), separable lean and fat, trimmed to 1/8" fat, select, raw	288	16.75	0		23.95	0	oz=28.4|lb=453.6
173054	Beef, ribeye cap steak, boneless, separable lean only, trimmed to 0" fat, all grades, cooked, grilled	246	24.66	1.53	0	15.7	0	oz=28.3|steak=209
173057	Beef, ribeye cap steak, boneless, separable lean only, trimmed to 0" fat, all grades, raw	180	19.7	1.51	0	10.6	0	oz=28.2|steak=256
173055	Beef, ribeye cap steak, boneless, separable lean only, trimmed to 0" fat, choice, cooked, grilled	259	24.24	1.81	0	17.21	0	oz=28.3|steak=208
174699	Beef, ribeye cap steak, boneless, separable lean only, trimmed to 0" fat, choice, raw	187	19.46	1.75	0	11.4	0	oz=28.2|steak=249
173056	Beef, ribeye cap steak, boneless, separable lean only, trimmed to 0" fat, select, cooked, grilled	226	25.28	1.1	0	13.43	0	oz=28.3|steak=211
174700	Beef, ribeye cap steak, boneless, separable lean only, trimmed to 0" fat, select, raw	169	20.05	1.15	0	9.39	0	oz=28.2|steak=267
174701	Beef, ribeye filet, boneless, separable lean only, trimmed to 0" fat, all grades, cooked, grilled	199	28.77	0.17	0	9.2	0	oz=28.3|fillet=135
174702	Beef, ribeye filet, boneless, separable lean only, trimmed to 0" fat, choice, cooked, grilled	208	28.35	0.51	0	10.26	0	oz=28.3|fillet=138
174703	Beef, ribeye filet, boneless, separable lean only, trimmed to 0" fat, select, cooked, grilled	186	29.39	0	0	7.61	0	oz=28.3|fillet=129
173058	Beef, ribeye petite roast, boneless, separable lean only, trimmed to 0" fat, all grades, cooked, roasted	178	28.15	0	0	7.31	0	oz=28.3|roast=699
173059	Beef, ribeye petite roast, boneless, separable lean only, trimmed to 0" fat, choice, cooked, roasted	188	28	0	0	8.42	0	oz=28.3|roast=714
173060	Beef, ribeye petite roast, boneless, separable lean only, trimmed to 0" fat, select, cooked, roasted	164	28.37	0	0	5.65	0	oz=28.3|roast=675
174696	Beef, ribeye petite roast/filet, boneless, separable lean only, trimmed to 0" fat, all grades, raw	133	22.66	0.04	0	4.66	0	oz=28.2|fillet=164|roast=901
174697	Beef, ribeye petite roast/filet, boneless, separable lean only, trimmed to 0" fat, choice, raw	138	22.52	0.18	0	5.29	0	oz=28.2|fillet=163|roast=938
174698	Beef, ribeye petite roast/filet, boneless, separable lean only, trimmed to 0" fat, select, raw	125	22.89	0	0	3.72	0	oz=28.2|fillet=167|roast=847
171806	Beef, round, bottom round , roast, separable lean only, trimmed to 1/8" fat, select, cooked, roasted	164	28.45	0	0	4.67	0	oz=28.3|lb=453.6
170227	Beef, round, bottom round roast, separable lean only, trimmed to 0" fat, select, cooked, roasted	169	28.29	0	0	5.33	0	oz=28.3|roast (yield from 572 g raw meat)=464
170222	Beef, round, bottom round, roast, separable lean and fat, trimmed to 0" fat, all grades, cooked, roasted	187	27.42	0	0	7.72	0	oz=28.3|roast (yield from 600 g raw meat)=489
170224	Beef, round, bottom round, roast, separable lean and fat, trimmed to 0" fat, choice, cooked, roasted	199	26.76	0	0	9.37	0	oz=28.3|roast (yield from 627 g raw meat)=515
170627	Beef, round, bottom round, roast, separable lean and fat, trimmed to 0" fat, select, cooked, roasted	175	28.08	0	0	6.06	0	oz=28.3|roast (yield from 572 g raw meat)=464
168696	Beef, round, bottom round, roast, separable lean and fat, trimmed to 1/8" fat, all grades, cooked, roasted	218	26.41	0	0	11.64	0	oz=28.3|piece, cooked, excluding refuse (yield from 1 lb raw meat with refuse)=338|roast (yield from 1 raw roast weighing 776g)=632
168699	Beef, round, bottom round, roast, separable lean and fat, trimmed to 1/8" fat, choice, cooked, roasted	223	26.05	0	0	12.44	0	oz=28.3|piece, cooked, excluding refuse (yield from 1 lb raw meat with refuse)=338|roast (yield from raw roast weighing 766g)=627
169522	Beef, round, bottom round, roast, separable lean and fat, trimmed to 1/8" fat, select, cooked, roasted	212	26.77	0	0	10.85	0	oz=28.3|piece, cooked, excluding refuse (yield from 1 lb raw meat with refuse)=338|roast (yield from 1 raw roast weighing 786g)=636
170629	Beef, round, bottom round, roast, separable lean only, trimmed to 0" fat, all grades, cooked, roasted	177	27.76	0	0	6.48	0	oz=28.3|roast (yield from 600 g raw meat)=489
170631	Beef, round, bottom round, roast, separable lean only, trimmed to 0" fat, choice, cooked, roasted	185	27.23	0	0	7.63	0	oz=28.3|roast (yield from 627 g raw meat)=515
174052	Beef, round, bottom round, roast, separable lean only, trimmed to 1/8" fat, all grades, cooked	163	28	0	0	5.72	0	oz=28.3|lb=453.6
174046	Beef, round, bottom round, roast, separable lean only, trimmed to 1/8" fat, all grades, raw	128	22.19	0	0	4.31	0	oz=28.2|lb=453.6
174059	Beef, round, bottom round, roast, separable lean only, trimmed to 1/8" fat, choice, cooked, roasted	179	27.56	0	0	6.77	0	oz=28.3|lb=453.6
174058	Beef, round, bottom round, roast, separable lean only, trimmed to 1/8" fat, choice, raw	140	22.22	0	0	4.96	0	oz=28.2|lb=453.6
173122	Beef, round, bottom round, roast, separable lean only, trimmed to 1/8" fat, select, raw	128	22.18	0	0	3.66	0	oz=28.2|lb=453.6
170626	Beef, round, bottom round, steak, separable lean and fat, trimmed to 0" fat, all grades, cooked, braised	223	33.56	0	0	8.86	0	oz=28.3|steak (yield from 290 g raw meat)=185
170223	Beef, round, bottom round, steak, separable lean and fat, trimmed to 0" fat, choice, cooked, braised	230	32.73	0	0	10	0	oz=28.3|steak (yield from 299 g raw meat)=191
170225	Beef, round, bottom round, steak, separable lean and fat, trimmed to 0" fat, select, cooked, braised	217	34.39	0	0	7.72	0	oz=28.3|steak (yield from 281 g raw meat)=179
169520	Beef, round, bottom round, steak, separable lean and fat, trimmed to 1/8" fat, all grades, cooked, braised	247	32.76	0	0	11.87	0	oz=28.3|piece, cooked, excluding refuse (yield from 1 lb raw meat with refuse)=281
169519	Beef, round, bottom round, steak, separable lean and fat, trimmed to 1/8" fat, all grades, raw	192	20.7	0	0	11.54	0	oz=28.2|lb=453.6
168698	Beef, round, bottom round, steak, separable lean and fat, trimmed to 1/8" fat, choice, cooked, braised	254	32.85	0	0	12.56	0	oz=28.3|steak (yield from 341 g raw meat)=227
168697	Beef, round, bottom round, steak, separable lean and fat, trimmed to 1/8" fat, choice, raw	198	20.71	0	0	12.15	0	oz=28.2|lb=453.6
169521	Beef, round, bottom round, steak, separable lean and fat, trimmed to 1/8" fat, select, cooked, braised	240	32.67	0	0	11.19	0	oz=28.3|steak (yield from raw steak weighing 340g)=226
168700	Beef, round, bottom round, steak, separable lean and fat, trimmed to 1/8" fat, select, raw	187	20.68	0	0	10.93	0	oz=28.2|steak=312
170628	Beef, round, bottom round, steak, separable lean only, trimmed to 0" fat, all grades, cooked, braised	214	34	0	0	7.67	0	oz=28.3|steak (yield from 290 g raw meat)=185
170630	Beef, round, bottom round, steak, separable lean only, trimmed to 0" fat, choice, cooked, braised	223	33.08	0	0	9.03	0	oz=28.3|steak (yield from 299 g raw meat)=191
170226	Beef, round, bottom round, steak, separable lean only, trimmed to 0" fat, select, cooked, braised	206	34.93	0	0	6.3	0	oz=28.3|steak (yield from 281 g raw meat)=179
174053	Beef, round, bottom round, steak, separable lean only, trimmed to 1/8" fat, all grades, cooked, braised	216	34.34	0	0	7.73	0	oz=28.3|lb=453.6
173115	Beef, round, bottom round, steak, separable lean only, trimmed to 1/8" fat, choice, cooked, braised	228	34.22	0	0	9.02	0	oz=28.3|lb=453.6
174045	Beef, round, bottom round, steak, separable lean only, trimmed to 1/8" fat, select, cooked, braised	205	34.46	0	0	6.43	0	oz=28.3|lb=453.6
170228	Beef, round, eye of round roast, boneless, separable lean and fat, trimmed to 0" fat, all grades, cooked, roasted	167	29.66	0	0	4.46	0	oz=28.3|roast (yield from 436 g raw meat)=346|piece, cooked, excluding refuse (yield from 1 lb raw meat with refuse)=333
171745	Beef, round, eye of round roast, boneless, separable lean and fat, trimmed to 0" fat, all grades, raw	124	23.27	0	0	3.44	0	oz=28.2|roast=675
170229	Beef, round, eye of round roast, boneless, separable lean and fat, trimmed to 0" fat, choice, cooked, roasted	171	29.79	0	0	4.83	0	oz=28.3|roast (yield from 445 g raw meat)=355
171746	Beef, round, eye of round roast, boneless, separable lean and fat, trimmed to 0" fat, choice, raw	127	23.26	0	0	3.74	0	oz=28.2|roast=658
170632	Beef, round, eye of round roast, boneless, separable lean and fat, trimmed to 0" fat, select, cooked, roasted	162	29.45	0	0	3.97	0	oz=28.3|roast (yield from 426 g raw meat)=337
171747	Beef, round, eye of round roast, boneless, separable lean and fat, trimmed to 0" fat, select, raw	120	23.28	0	0	3	0	oz=28.2|roast=699
170633	Beef, round, eye of round roast, boneless, separable lean only, trimmed to 0" fat, all grades, cooked, roasted	163	29.85	0	0	3.9	0	oz=28.3|roast (yield from 436 g raw meat)=346|piece, cooked, excluding refuse (yield from 1 lb raw meat with refuse)=330
173998	Beef, round, eye of round roast, boneless, separable lean only, trimmed to 0" fat, all grades, raw	121	23.37	0	0	3.04	0	oz=28.2|roast=675
170634	Beef, round, eye of round roast, boneless, separable lean only, trimmed to 0" fat, choice, cooked, roasted	166	29.94	0	0	4.26	0	oz=28.3|roast (yield from 445 g raw meat)=355|piece, cooked, excluding refuse (yield from 1 lb raw meat with refuse)=331
173999	Beef, round, eye of round roast, boneless, separable lean only, trimmed to 0" fat, choice, raw	124	23.35	0	0	3.38	0	oz=28.2|roast=658
170635	Beef, round, eye of round roast, boneless, separable lean only, trimmed to 0" fat, select, cooked, roasted	157	29.52	0	0	3.43	0	oz=28.3|roast (yield from 426 g raw meat)=337|piece, cooked, excluding refuse (yield from 1 lb raw meat with refuse)=296
171761	Beef, round, eye of round roast, boneless, separable lean only, trimmed to 0" fat, select, raw	116	23.41	0	0	2.52	0	oz=28.2|roast=699
173985	Beef, round, eye of round steak, boneless separable lean and fat, trimmed to 0" fat, choice, raw	127	23.24	0	0	3.83	0	oz=28.2|steak=133
173993	Beef, round, eye of round steak, boneless, separable lean and fat, trimmed to 0" fat, all grades, cooked, grilled	159	29.66	0	0	4.47	0	oz=28.3
173984	Beef, round, eye of round steak, boneless, separable lean and fat, trimmed to 0" fat, all grades, raw	124	23.26	0	0	3.48	0	oz=28.2|steak=140
173994	Beef, round, eye of round steak, boneless, separable lean and fat, trimmed to 0" fat, choice, cooked, grilled	163	29.79	0	0	4.83	0	oz=28.3
173995	Beef, round, eye of round steak, boneless, separable lean and fat, trimmed to 0" fat, select, cooked, grilled	154	29.47	0	0	3.98	0	oz=28.3
173986	Beef, round, eye of round steak, boneless, separable lean and fat, trimmed to 0" fat, select, raw	120	23.3	0	0	2.95	0	oz=28.3|steak=151
171772	Beef, round, eye of round steak, boneless, separable lean only, trimmed to 0" fat, all grades, cooked, grilled	155	29.85	0	0	3.9	0	oz=28.3
171762	Beef, round, eye of round steak, boneless, separable lean only, trimmed to 0" fat, all grades, raw	121	23.37	0	0	3.04	0	oz=28.2|steak=140
171773	Beef, round, eye of round steak, boneless, separable lean only, trimmed to 0" fat, choice, cooked, grilled	158	29.94	0	0	4.26	0	oz=28.3
171763	Beef, round, eye of round steak, boneless, separable lean only, trimmed to 0" fat, choice, raw	124	23.35	0	0	3.38	0	oz=28.2|steak=133
174008	Beef, round, eye of round steak, boneless, separable lean only, trimmed to 0" fat, select, cooked, grilled	149	29.52	0	0	3.43	0	oz=28.3
171764	Beef, round, eye of round steak, boneless, separable lean only, trimmed to 0" fat, select, raw	116	23.41	0	0	2.52	0	oz=28.2|steak=151
169524	Beef, round, eye of round, roast, separable lean and fat, trimmed to 1/8" fat, all grades, cooked, roasted	208	28.31	0	0	9.65	0	oz=28.3|piece, cooked, excluding refuse (yield from 1 lb raw meat with refuse)=333
169523	Beef, round, eye of round, roast, separable lean and fat, trimmed to 1/8" fat, all grades, raw	166	21.49	0	0	8.24	0	oz=28.2|lb=453.6
168702	Beef, round, eye of round, roast, separable lean and fat, trimmed to 1/8" fat, choice, cooked, roasted	212	28.48	0	0	10.05	0	oz=28.3|piece, cooked, excluding refuse (yield from 1 lb raw meat with refuse)=333
168701	Beef, round, eye of round, roast, separable lean and fat, trimmed to 1/8" fat, choice, raw	173	21.68	0	0	8.91	0	oz=28.2|lb=453.6
168704	Beef, round, eye of round, roast, separable lean and fat, trimmed to 1/8" fat, select, cooked, roasted	204	28.13	0	0	9.26	0	oz=28.3|roast (yield from 530 g raw meat)=417
168703	Beef, round, eye of round, roast, separable lean and fat, trimmed to 1/8" fat, select, raw	160	21.3	0.08	0	7.57	0	oz=28.2|lb=453.6
171809	Beef, round, eye of round, roast, separable lean only, trimmed to 1/8" fat, all grades, cooked, roasted	169	29.73	0	0	4.71	0	oz=28.3|lb=453.6
174049	Beef, round, eye of round, roast, separable lean only, trimmed to 1/8" fat, all grades, raw	124	22.6	0	0	3	0	oz=28.2|lb=453.6
174060	Beef, round, eye of round, roast, separable lean only, trimmed to 1/8" fat, choice, cooked, roasted	175	29.87	0	0	5.3	0	oz=28.3|lb=453.6
171819	Beef, round, eye of round, roast, separable lean only, trimmed to 1/8" fat, choice, raw	128	22.88	0	0	3.38	0	oz=28.2|lb=453.6
171807	Beef, round, eye of round, roast, separable lean only, trimmed to 1/8" fat, select, cooked, roasted	163	29.59	0	0	4.11	0	oz=28.3|lb=453.6
173120	Beef, round, eye of round, roast, separable lean only, trimmed to 1/8" fat, select, raw	119	22.31	0	0	2.62	0	oz=28.2|lb=453.6
168695	Beef, round, full cut, separable lean and fat, trimmed to 1/8" fat, choice, cooked, broiled	235	27.54	0	0	12.98	0	oz=28.3|piece, cooked, excluding refuse (yield from 1 lb raw meat with refuse)=313
168694	Beef, round, full cut, separable lean and fat, trimmed to 1/8" fat, choice, raw	195	20.56	0	0	11.92	0	oz=28.2|lb=453.6
169518	Beef, round, full cut, separable lean and fat, trimmed to 1/8" fat, select, cooked, broiled	218	27.58	0	0	11.08	0	oz=28.3|piece, cooked, excluding refuse (yield from 1 lb raw meat with refuse)=313
169517	Beef, round, full cut, separable lean and fat, trimmed to 1/8" fat, select, raw	184	20.56	0	0	10.68	0	oz=28.2|lb=453.6
168616	Beef, round, full cut, separable lean only, trimmed to 1/4" fat, choice, cooked, broiled	191	29.21	0	0	7.31	0	oz=28.3|piece, cooked, excluding refuse (yield from 1 lb raw meat with refuse)=285
168617	Beef, round, full cut, separable lean only, trimmed to 1/4" fat, select, cooked, broiled	172	29.25	0		5.22	0	oz=28.3|piece, cooked, excluding refuse (yield from 1 lb raw meat with refuse)=282
173370	Beef, round, knuckle, tip center, steak, separable lean and fat, trimmed to 0" fat, all grades, cooked, grilled	177	27.12	0	0	6.78	0	oz=28.3|steak=150
173369	Beef, round, knuckle, tip center, steak, separable lean and fat, trimmed to 0" fat, all grades, raw	143	20.93	0	0	5.89	0	oz=28.2|steak=197
173362	Beef, round, knuckle, tip center, steak, separable lean and fat, trimmed to 0" fat, choice, cooked, grilled	188	26.88	0	0	8.13	0	oz=28.3|steak=156
173361	Beef, round, knuckle, tip center, steak, separable lean and fat, trimmed to 0" fat, choice, raw	150	20.74	0	0	6.85	0	oz=28.2|steak=209
172127	Beef, round, knuckle, tip center, steak, separable lean and fat, trimmed to 0" fat, select, cooked, grilled	162	26.61	0	0	5.32	0	oz=28.3|steak=160
173363	Beef, round, knuckle, tip center, steak, separable lean and fat, trimmed to 0" fat, select, raw	137	20.98	0	0	5.21	0	oz=28.2|steak=203
172120	Beef, round, knuckle, tip side, steak, separable lean and fat , trimmed to 0" fat, select, raw	123	21.96	0	0	3.24	0	oz=28.2|steak=200
172131	Beef, round, knuckle, tip side, steak, separable lean and fat, trimmed to 0" fat, all grades, cooked, grilled	168	29.08	0	0	4.84	0	oz=28.3|steak=168
173367	Beef, round, knuckle, tip side, steak, separable lean and fat, trimmed to 0" fat, all grades, raw	129	21.69	0	0	4	0	oz=28.2|steak=207
172119	Beef, round, knuckle, tip side, steak, separable lean and fat, trimmed to 0" fat, choice, cooked, grilled	174	28.79	0	0	5.71	0	oz=28.3|steak=141
173354	Beef, round, knuckle, tip side, steak, separable lean and fat, trimmed to 0" fat, choice, raw	133	21.41	0	0	4.66	0	oz=28.2|steak=191
172121	Beef, round, knuckle, tip side, steak, separable lean and fat, trimmed to 0" fat, select, cooked, grilled	160	29.24	0	0	3.91	0	oz=28.3|steak=174
172135	Beef, round, outside round, bottom round, steak, separable lean and fat, trimmed to 0" fat, all grades, cooked, grilled	182	27.52	0	0	7.1	0	oz=28.3|steak=236
173371	Beef, round, outside round, bottom round, steak, separable lean and fat, trimmed to 0" fat, all grades, raw	142	21.59	0	0	5.53	0	oz=28.3|steak=305
172129	Beef, round, outside round, bottom round, steak, separable lean and fat, trimmed to 0" fat, choice, cooked, grilled	191	27.22	0	0	8.3	0	oz=28.3|steak=225
172128	Beef, round, outside round, bottom round, steak, separable lean and fat, trimmed to 0" fat, choice, raw	150	21.24	0	0	6.59	0	oz=28.2|steak=293
173364	Beef, round, outside round, bottom round, steak, separable lean and fat, trimmed to 0" fat, select, cooked, grilled	166	28.01	0	0	5.17	0	oz=28.3|steak=253
172130	Beef, round, outside round, bottom round, steak, separable lean and fat, trimmed to 0" fat, select, raw	129	22.15	0	0	3.83	0	oz=28.2|steak=324
170230	Beef, round, tip round, roast, separable lean and fat, trimmed to 0" fat, all grades, cooked, roasted	188	26.79	0	0	8.21	0	oz=28.3|piece, cooked, excluding refuse (yield from 1 lb raw meat with refuse)=330
169470	Beef, round, tip round, roast, separable lean and fat, trimmed to 0" fat, all grades, raw	151	20.48	0	0	7.01	0	oz=28.2|roast=1289
170231	Beef, round, tip round, roast, separable lean and fat, trimmed to 0" fat, choice, cooked, roasted	196	27.01	0	0	8.9	0	oz=28.3|roast (yield from 1405 g raw meat)=1138
168646	Beef, round, tip round, roast, separable lean and fat, trimmed to 0" fat, choice, raw	156	20.16	0	0	7.73	0	oz=28.2|roast=1392
170232	Beef, round, tip round, roast, separable lean and fat, trimmed to 0" fat, select, cooked, roasted	181	26.57	0	0	7.53	0	oz=28.3|roast (yield from 1388 g raw meat)=1141
168647	Beef, round, tip round, roast, separable lean and fat, trimmed to 0" fat, select, raw	145	20.8	0	0	6.28	0	oz=28.2|roast=1187
169526	Beef, round, tip round, roast, separable lean and fat, trimmed to 1/8" fat, all grades, cooked, roasted	219	27.45	0	0	11.34	0	oz=28.3|piece, cooked, excluding refuse (yield from 1 lb raw meat with refuse)=326
169528	Beef, round, tip round, roast, separable lean and fat, trimmed to 1/8" fat, choice, cooked, roasted	228	27.27	0	0	12.34	0	oz=28.3|piece, cooked, excluding refuse (yield from 1 lb raw meat with refuse)=325
168706	Beef, round, tip round, roast, separable lean and fat, trimmed to 1/8" fat, select, cooked, roasted	210	27.63	0	0	10.24	0	oz=28.3|piece, cooked, excluding refuse (yield from 1 lb raw meat with refuse)=327
170233	Beef, round, tip round, roast, separable lean only, trimmed to 0" fat, all grades, cooked, roasted	174	27.53	0	0	6.2	0	oz=28.3|piece, cooked, excluding refuse (yield from 1 lb raw meat with refuse)=320
173125	Beef, round, tip round, roast, separable lean only, trimmed to 0" fat, all grades, raw	126	21.07	0	0	3.95	0	oz=28.2|roast=1289
170636	Beef, round, tip round, roast, separable lean only, trimmed to 0" fat, choice, cooked, roasted	176	27.68	0	0	6.42	0	oz=28.3|roast (yield from 1405 g raw meat)=1138
173126	Beef, round, tip round, roast, separable lean only, trimmed to 0" fat, choice, raw	130	20.76	0	0	4.55	0	oz=28.2|roast=1392
170637	Beef, round, tip round, roast, separable lean only, trimmed to 0" fat, select, cooked, roasted	149	27.37	0	0	4.38	0	oz=28.3|roast (yield from 1388 g raw meat)=1141
173127	Beef, round, tip round, roast, separable lean only, trimmed to 0" fat, select, raw	122	21.38	0	0	3.35	0	oz=28.2|roast=1187
169525	Beef, round, tip round, separable lean and fat, trimmed to 1/8" fat, all grades, raw	189	19.6	0		11.67	0	oz=28.2|lb=453.6
169527	Beef, round, tip round, separable lean and fat, trimmed to 1/8" fat, choice, raw	199	19.48	0	0	12.83	0	oz=28.2|lb=453.6
168705	Beef, round, tip round, separable lean and fat, trimmed to 1/8" fat, select, raw	178	19.74	0	0	10.39	0	oz=28.2|lb=453.6
171755	Beef, round, top round roast, boneless, separable lean and fat, trimmed to 0" fat, all grades, cooked, roasted	160	29.9	0	0	4.49	0	oz=28.3
173982	Beef, round, top round roast, boneless, separable lean and fat, trimmed to 0" fat, all grades, raw	125	23.45	0	0	3.5	0	oz=28.2|roast=758
171756	Beef, round, top round roast, boneless, separable lean and fat, trimmed to 0" fat, choice, cooked, roasted	163	30.08	0	0	4.79	0	oz=28.3
173983	Beef, round, top round roast, boneless, separable lean and fat, trimmed to 0" fat, choice, raw	128	23.46	0	0	3.81	0	oz=28.2|roast=770
173992	Beef, round, top round roast, boneless, separable lean and fat, trimmed to 0" fat, select, cooked, roasted	157	30.97	0	0	3.72	0	oz=28.3
171744	Beef, round, top round roast, boneless, separable lean and fat, trimmed to 0" fat, select, raw	121	23.44	0	0	3.04	0	oz=28.2|roast=740
174007	Beef, round, top round roast, boneless, separable lean only, trimmed to 0" fat, all grades, cooked, roasted	162	30.09	0	0	3.77	0	oz=28.3
171760	Beef, round, top round roast, boneless, separable lean only, trimmed to 0" fat, all grades, raw	121	23.59	0	0	2.94	0	oz=28.2|roast=758
171770	Beef, round, top round roast, boneless, separable lean only, trimmed to 0" fat, choice, cooked, roasted	158	30.24	0.06	0	4.11	0	oz=28.3
173996	Beef, round, top round roast, boneless, separable lean only, trimmed to 0" fat, choice, raw	124	23.59	0	0	3.26	0	oz=28.2|roast=770
171771	Beef, round, top round roast, boneless, separable lean only, trimmed to 0" fat, select, cooked, roasted	150	29.81	0	0	3.37	0	oz=28.3
173997	Beef, round, top round roast, boneless, separable lean only, trimmed to 0" fat, select, raw	116	23.59	0	0	2.45	0	oz=28.2|roast=740
169560	Beef, round, top round steak, boneless, separable lean and fat, trimmed to 0" fat, all grades, cooked, grilled	167	29.96	0	0	4.28	0	oz=28.3|steak (yield from 381 g raw meat)=277
171743	Beef, round, top round steak, boneless, separable lean and fat, trimmed to 0" fat, all grades, raw	124	23.49	0	0	3.34	0	oz=28.2|steak=344
168740	Beef, round, top round steak, boneless, separable lean and fat, trimmed to 0" fat, choice, cooked, grilled	170	30.12	0	0	4.62	0	oz=28.3|steak (yield from 396 g raw meat)=284
173980	Beef, round, top round steak, boneless, separable lean and fat, trimmed to 0" fat, choice, raw	127	23.49	0	0	3.66	0	oz=28.2|steak=344
168741	Beef, round, top round steak, boneless, separable lean and fat, trimmed to 0" fat, select, cooked, grilled	162	29.7	0	0	3.85	0	oz=28.3|steak (yield from 368 g meat)=269
173981	Beef, round, top round steak, boneless, separable lean and fat, trimmed to 0" fat, select, raw	120	23.49	0	0	2.85	0	oz=28.2|steak=344
168649	Beef, round, top round steak, boneless, separable lean only, trimmed to 0" fat, all grades, cooked, grilled	162	30.09	0	0	3.77	0	oz=28.3|steak=277
171757	Beef, round, top round steak, boneless, separable lean only, trimmed to 0" fat, all grades, raw	121	23.59	0	0	2.94	0	oz=28.2|steak=344
169471	Beef, round, top round steak, boneless, separable lean only, trimmed to 0" fat, choice, cooked, grilled	166	30.24	0	0	4.11	0	oz=28.3|steak=284
171758	Beef, round, top round steak, boneless, separable lean only, trimmed to 0" fat, choice, raw	124	23.59	0	0	3.26	0	oz=28.2|steak=344
169472	Beef, round, top round steak, boneless, separable lean only, trimmed to 0" fat, select, cooked, grilled	158	29.81	0	0	3.37	0	oz=28.3|steak=269
171759	Beef, round, top round steak, boneless, separable lean only, trimmed to 0" fat, select, raw	116	23.59	0	0	2.45	0	oz=28.2|steak=344
169531	Beef, round, top round steak, separable lean and fat, trimmed to 1/8" fat, all grades, cooked, broiled	204	30.67	0	0	9	0	oz=28.3|piece, cooked, excluding refuse (yield from 1 lb raw meat with refuse)=326
170638	Beef, round, top round, separable lean and fat, trimmed to 0" fat, all grades, cooked, braised	209	35.62	0	0	6.31	0	oz=28.3|piece, cooked, excluding refuse (yield from 1 lb raw meat with refuse)=267
170639	Beef, round, top round, separable lean and fat, trimmed to 0" fat, choice, cooked, braised	216	35.62	0	0	7.09	0	oz=28.3|piece, cooked, excluding refuse (yield from 1 lb raw meat with refuse)=267
170234	Beef, round, top round, separable lean and fat, trimmed to 0" fat, select, cooked, braised	200	35.62	0	0	5.33	0	oz=28.3|piece, cooked, excluding refuse (yield from 1 lb raw meat with refuse)=267
169530	Beef, round, top round, separable lean and fat, trimmed to 1/8" fat, all grades, cooked, braised	238	34.34	0	0	10.13	0	oz=28.3|piece, cooked, excluding refuse (yield from 1 lb raw meat with refuse)=286
168709	Beef, round, top round, separable lean and fat, trimmed to 1/8" fat, choice, cooked, braised	250	34.09	0	0	11.61	0	oz=28.3|piece, cooked, excluding refuse (yield from 1 lb raw meat with refuse)=289
168711	Beef, round, top round, separable lean and fat, trimmed to 1/8" fat, choice, cooked, pan-fried	266	32.99	0	0	13.83	0	oz=28.3|piece, cooked, excluding refuse (yield from 1 lb raw meat with refuse)=283
169534	Beef, round, top round, separable lean and fat, trimmed to 1/8" fat, prime, raw	173	22.24	0	0	8.67	0	oz=28.2|lb=453.6
168713	Beef, round, top round, separable lean and fat, trimmed to 1/8" fat, select, cooked, braised	225	34.6	0	0	8.54	0	oz=28.3|piece, cooked, excluding refuse (yield from 1 lb raw meat with refuse)=286
170235	Beef, round, top round, separable lean only, trimmed to 0" fat, choice, cooked, braised	207	36.12	0	0	5.8	0	oz=28.3|piece, cooked, excluding refuse (yield from 1 lb raw meat with refuse)=261
170236	Beef, round, top round, separable lean only, trimmed to 0" fat, select, cooked, braised	190	36.12	0	0	4	0	oz=28.3|piece, cooked, excluding refuse (yield from 1 lb raw meat with refuse)=261
168708	Beef, round, top round, separable lean only, trimmed to 1/8" fat, choice, cooked, pan-fried	228	33.93	2.03	0	8.33	0	oz=28.3|piece cooked, excluding refuse (yield from 1 lb raw meat with refuse)=283
169529	Beef, round, top round, steak, separable lean and fat, trimmed to 1/8" fat, all grades, raw	166	22.06	0	0	7.93	0	oz=28.2|lb=453.6
168710	Beef, round, top round, steak, separable lean and fat, trimmed to 1/8" fat, choice, cooked, broiled	224	30.7	0	0	10.27	0	oz=28.3|steak (yield from raw steak weighing 492 g)=347|piece, cooked, excluding refuse (yield from 1 lb raw meat with refuse)=326
169532	Beef, round, top round, steak, separable lean and fat, trimmed to 1/8" fat, choice, raw	168	21.94	0	0	8.19	0	oz=28.2|lb=453.6
169535	Beef, round, top round, steak, separable lean and fat, trimmed to 1/8" fat, prime, cooked, broiled	225	31.27	0	0	10.1	0	oz=28.3|piece, cooked, excluding refuse (yield from 1 lb raw meat with refuse)=332
169533	Beef, round, top round, steak, separable lean and fat, trimmed to 1/8" fat, select, cooked, broiled	201	30.63	0	0	7.73	0	oz=28.3|steak (yield from raw steak weighing 491g)=359|piece, cooked, excluding refuse (yield from 1 lb raw meat with refuse)=329
168712	Beef, round, top round, steak, separable lean and fat, trimmed to 1/8" fat, select, raw	164	22.18	0	0	7.68	0	oz=28.2|lb=453.6
171815	Beef, round, top round, steak, separable lean only, trimmed to 1/8" fat, all grades, cooked, broiled	185	31.82	0	0	5.45	0	oz=28.3|lb=453.6
171816	Beef, round, top round, steak, separable lean only, trimmed to 1/8" fat, all grades, raw	135	22.91	0	0	4.09	0	oz=28.2|lb=453.6
174061	Beef, round, top round, steak, separable lean only, trimmed to 1/8" fat, choice, cooked, broiled	193	32.04	0	0	6.25	0	oz=28.3|lb=453.6
171820	Beef, round, top round, steak, separable lean only, trimmed to 1/8" fat, choice, raw	140	22.69	0	0	4.78	0	oz=28.2|lb=453.6
171808	Beef, round, top round, steak, separable lean only, trimmed to 1/8" fat, select, cooked, broiled	177	31.61	0	0	4.65	0	oz=28.3|lb=453.6
173121	Beef, round, top round, steak, separable lean only, trimmed to 1/8" fat, select, raw	129	23.13	0	0	3.37	0	oz=28.2|lb=453.6
170600	Beef, sandwich steaks, flaked, chopped, formed and thinly sliced, raw	309	16.5	0	0	27	0	oz=28.2|steak=56|package=396
169442	Beef, shank crosscuts, separable lean only, trimmed to 1/4" fat, choice, cooked, simmered	201	33.68	0		6.36	0	oz=28.3|piece, cooked, excluding refuse (yield from 1 lb raw meat with refuse)=170
169441	Beef, shank crosscuts, separable lean only, trimmed to 1/4" fat, choice, raw	128	21.75	0		3.85	0	oz=28.4|lb=453.6
169459	Beef, short loin, porterhouse steak, separable lean and fat, trimmed to 0" fat, all grades, cooked, broiled	276	23.96	0	0	19.27	0	oz=28.3|lb=453.6
169460	Beef, short loin, porterhouse steak, separable lean and fat, trimmed to 0" fat, USDA choice, cooked, broiled	283	23.61	0	0	20.15	0	oz=28.3|lb=453.6
169461	Beef, short loin, porterhouse steak, separable lean and fat, trimmed to 0" fat, USDA select, cooked, broiled	267	24.47	0	0	17.98	0	oz ( 1serving )=28.3|lb=453.6
172115	Beef, short loin, porterhouse steak, separable lean and fat, trimmed to 1/8" fat, all grades, cooked, grilled	276	25.4	0	0	18.57	0	oz=28.3|steak=421
173350	Beef, short loin, porterhouse steak, separable lean and fat, trimmed to 1/8" fat, all grades, raw	214	20.49	0	0	14.06	0	oz=28.2|steak=534
168716	Beef, short loin, porterhouse steak, separable lean and fat, trimmed to 1/8" fat, choice, cooked, grilled	284	24.85	0	0	19.78	0	oz=28.3|steak=417
168715	Beef, short loin, porterhouse steak, separable lean and fat, trimmed to 1/8" fat, choice, raw	218	20.36	0	0	14.58	0	oz=28.2|steak=539
172117	Beef, short loin, porterhouse steak, separable lean and fat, trimmed to 1/8" fat, select, cooked, grilled	263	26.21	0	0	16.75	0	oz=28.3|steak=426
172116	Beef, short loin, porterhouse steak, separable lean and fat, trimmed to 1/8" fat, select, raw	208	20.69	0	0	13.27	0	oz=28.2|steak=526
168638	Beef, short loin, porterhouse steak, separable lean only, trimmed to 0" fat, all grades, cooked, broiled	212	26.07	0	0	11.18	0	oz=28.3|lb=453.6
168639	Beef, short loin, porterhouse steak, separable lean only, trimmed to 0" fat, choice, cooked, broiled	224	25.51	0	0	12.8	0	oz=28.3|serving=85|piece, cooked, excluding refuse=266
169463	Beef, short loin, porterhouse steak, separable lean only, trimmed to 0" fat, select, cooked, broiled	194	26.89	0	0	8.81	0	oz=28.3|serving=85|piece, cooked, excluding refuse=256
168637	Beef, short loin, porterhouse steak, separable lean only, trimmed to 1/8" fat, all grades, cooked, grilled	213	28.16	0	0	10.32	0	oz=28.3|steak=421
169462	Beef, short loin, porterhouse steak, separable lean only, trimmed to 1/8" fat, all grades, raw	155	22.32	0	0	6.6	0	oz=28.2|steak=534
168618	Beef, short loin, porterhouse steak, separable lean only, trimmed to 1/8" fat, choice, cooked, grilled	221	27.65	0	0	11.36	0	oz=28.3|steak=417
169443	Beef, short loin, porterhouse steak, separable lean only, trimmed to 1/8" fat, choice, raw	161	22.13	0	0	7.39	0	oz=28.2|steak=539
168641	Beef, short loin, porterhouse steak, separable lean only, trimmed to 1/8" fat, select, cooked, grilled	203	28.92	0	0	8.76	0	oz=28.3|steak=426
168640	Beef, short loin, porterhouse steak, separable lean only, trimmed to 1/8" fat, select, raw	145	22.61	0	0	5.41	0	oz=28.2|steak=526
168643	Beef, short loin, t-bone steak, bone-in, separable lean only, trimmed to 1/8" fat, all grades, cooked, grilled	212	27.86	0	0	10.37	0	oz=28.3|steak=363
168642	Beef, short loin, t-bone steak, bone-in, separable lean only, trimmed to 1/8" fat, all grades, raw	153	22.22	0	0	6.5	0	oz=28.2|steak=460
168620	Beef, short loin, t-bone steak, bone-in, separable lean only, trimmed to 1/8" fat, choice, cooked, grilled	217	27.48	0	0	11.05	0	oz=28.3|steak=360
168619	Beef, short loin, t-bone steak, bone-in, separable lean only, trimmed to 1/8" fat, choice, raw	160	22.1	0	0	7.27	0	oz=28.2|steak=461
169467	Beef, short loin, t-bone steak, bone-in, separable lean only, trimmed to 1/8" fat, select, cooked, grilled	206	28.45	0	0	9.35	0	oz=28.3|steak=368
168645	Beef, short loin, t-bone steak, bone-in, separable lean only, trimmed to 1/8" fat, select, raw	144	22.41	0	0	5.34	0	oz=28.2|steak=458
169464	Beef, short loin, t-bone steak, separable lean and fat, trimmed to 0" fat, all grades, cooked, broiled	247	24.18	0	0	15.93	0	oz=28.3|lb=453.6
169465	Beef, short loin, t-bone steak, separable lean and fat, trimmed to 0" fat, USDA choice, cooked, broiled	258	24.05	0	0	17.26	0	oz=28.3|lb=453.6
169466	Beef, short loin, t-bone steak, separable lean and fat, trimmed to 0" fat, USDA select, cooked, broiled	230	24.38	0	0	14	0	oz=28.3|lb=453.6
173351	Beef, short loin, t-bone steak, separable lean and fat, trimmed to 1/8" fat, all grades, cooked, grilled	289	24.6	0	0	20.36	0	oz=28.3|steak=363
172118	Beef, short loin, t-bone steak, separable lean and fat, trimmed to 1/8" fat, all grades, raw	223	20.11	0	0	15.18	0	oz=28.2|steak=460
169537	Beef, short loin, t-bone steak, separable lean and fat, trimmed to 1/8" fat, choice, cooked, grilled	294	24.21	0	0	21.13	0	oz=28.3|steak=360
168717	Beef, short loin, t-bone steak, separable lean and fat, trimmed to 1/8" fat, choice, raw	228	20	0	0	15.83	0	oz=28.2|steak=461
173353	Beef, short loin, t-bone steak, separable lean and fat, trimmed to 1/8" fat, select, cooked, grilled	281	25.18	0	0	19.22	0	oz=28.3|steak=368
173352	Beef, short loin, t-bone steak, separable lean and fat, trimmed to 1/8" fat, select, raw	215	20.28	0	0	14.19	0	oz=28.2|steak=458
168644	Beef, short loin, t-bone steak, separable lean only, trimmed to 0" fat, choice, cooked, broiled	198	25.98	0	0	9.61	0	oz=28.3|serving=85|piece, cooked, excluding refuse=271
169468	Beef, short loin, t-bone steak, separable lean only, trimmed to 0" fat, select, cooked, broiled	177	26	0	0	7.36	0	oz=28.3|serving=85|piece, cooked, excluding refuse=264
171814	Beef, short loin, top loin steak, separable lean only, trimmed to 1/8" fat, all grades, raw	138	22.93	0	0	5.15	0	oz=28.2|lb=453.6
169541	Beef, short loin, top loin, separable lean and fat, trimmed to 1/8" fat, prime, cooked, broiled	310	25.92	0	0	22.12	0	oz=28.3|steak, excluding refuse (yield from 1 raw steak, with refuse, weighing 242 g)=167
169538	Beef, short loin, top loin, steak, separable lean and fat, trimmed to 1/8" fat, all grades, raw	228	20.61	0	0	15.49	0	oz=28.2
168718	Beef, short loin, top loin, steak, separable lean and fat, trimmed to 1/8" fat, choice, cooked, grilled	278	26.16	0	0	18.45	0	oz=28.3|steak (yield from 270 g raw meat)=221
168721	Beef, short loin, top loin, steak, separable lean and fat, trimmed to 1/8" fat, prime, raw	281	19	0	0	22.17	0	oz=28.2|steak, excluding refuse (yield from 1 raw steak, with refuse, weighing 242 g)=227
171813	Beef, short loin, top loin, steak, separable lean only, trimmed to 1/8" fat, all grades, cooked, broiled	189	29.3	0	0	7.09	0	oz=28.3|lb=453.6
173119	Beef, short loin, top loin, steak, separable lean only, trimmed to 1/8" fat, choice, cooked, broiled	201	29.16	0	0	8.45	0	oz=28.3|lb=453.6
173116	Beef, short loin, top loin, steak, separable lean only, trimmed to 1/8" fat, choice, raw	155	22.78	0	0	6.43	0	oz=28.2|lb=453.6
171805	Beef, short loin, top loin, steak, separable lean only, trimmed to 1/8" fat, select, cooked, grilled	177	29.44	0	0	5.73	0	oz=28.3|lb=453.6
174041	Beef, short loin, top loin, steak, separable lean only, trimmed to 1/8" fat, select, raw	133	23.07	0	0	3.88	0	oz=28.2|lb=453.6
173349	Beef, shoulder pot roast or steak, boneless, separable lean and fat, trimmed to 0" fat, all grades, raw	130	21.39	0	0	4.97	0	oz=28.2|steak=369|roast=1159
170818	Beef, shoulder pot roast or steak, boneless, separable lean and fat, trimmed to 0" fat, choice, raw	133	21.17	0.07	0	5.33	0	oz=28.2|steak=361|roast=1173
170819	Beef, shoulder pot roast or steak, boneless, separable lean and fat, trimmed to 0" fat, select, raw	127	21.72	0	0	4.44	0	oz=28.2|steak=381|roast=1139
169480	Beef, shoulder pot roast or steak, boneless, separable lean only, trimmed to 0" fat, all grades, raw	123	21.64	0	0	4.09	0	oz=28.2|steak=1027|roast=1316
169481	Beef, shoulder pot roast or steak, boneless, separable lean only, trimmed to 0" fat, choice, raw	125	21.45	0.11	0	4.35	0	oz=28.2
169482	Beef, shoulder pot roast or steak, boneless, separable lean only, trimmed to 0" fat, select, raw	121	21.93	0	0	3.7	0	oz=28.2|steak=1106|roast=1320
171224	Beef, shoulder pot roast, boneless, separable lean and fat, trimmed to 0" fat, all grades, cooked, braised	204	31.03	0	0	8.92	0	oz=28.3|roast=787
171225	Beef, shoulder pot roast, boneless, separable lean and fat, trimmed to 0" fat, choice, cooked, braised	207	30.93	0	0	9.25	0	oz=28.3|roast=793
171226	Beef, shoulder pot roast, boneless, separable lean and fat, trimmed to 0" fat, select, cooked, braised	200	31.18	0	0	8.41	0	oz=28.3|roast=779
171200	Beef, shoulder pot roast, boneless, separable lean only, trimmed to 0" fat, all grades, cooked, braised	196	31.48	0	0	7.78	0	oz=28.3|roast=787
171198	Beef, shoulder pot roast, boneless, separable lean only, trimmed to 0" fat, choice, cooked, braised	200	31.32	0	0	8.3	0	oz=28.3|roast=793
171199	Beef, shoulder pot roast, boneless, separable lean only, trimmed to 0" fat, select, cooked, braised	190	31.71	0	0	7.02	0	oz=28.3|roast=779
171789	Beef, shoulder steak, boneless, separable lean and fat, trimmed to 0" fat, all grades, cooked, grilled	182	28.29	0	0	6.8	0	oz=28.3|steak=287
171785	Beef, shoulder steak, boneless, separable lean and fat, trimmed to 0" fat, choice, cooked, grilled	186	28.22	0	0	7.25	0	
171786	Beef, shoulder steak, boneless, separable lean and fat, trimmed to 0" fat, select, cooked, grilled	177	28.41	0	0	6.14	0	oz=28.3|steak=297
171781	Beef, shoulder steak, boneless, separable lean only, trimmed to 0" fat, all grades, cooked, grilled	175	28.6	0	0	5.82	0	oz=28.3
168731	Beef, shoulder steak, boneless, separable lean only, trimmed to 0" fat, choice, cooked, grilled	178	28.54	0	0	6.25	0	oz ( 1 serving )=28.3
168732	Beef, shoulder steak, boneless, separable lean only, trimmed to 0" fat, select, cooked, grilled	169	28.71	0	0	5.17	0	oz=28.3
169479	Beef, shoulder top blade steak, boneless, separable lean and fat, trimmed to 0" fat, all grades, cooked, grilled	210	27.59	0	0	11.07	0	oz=28.3|steak=186
168693	Beef, shoulder top blade steak, boneless, separable lean and fat, trimmed to 0" fat, all grades, raw	146	20.16	0	0	7.25	0	oz=28.2|steak=239
168659	Beef, shoulder top blade steak, boneless, separable lean and fat, trimmed to 0" fat, choice, cooked, grilled	220	27.51	0	0	12.26	0	oz=28.3|steak=177
168707	Beef, shoulder top blade steak, boneless, separable lean and fat, trimmed to 0" fat, choice, raw	152	20.07	0	0	7.94	0	oz=28.2|steak=231
168692	Beef, shoulder top blade steak, boneless, separable lean and fat, trimmed to 0" fat, select, cooked, grilled	194	27.7	0	0	9.29	0	oz=28.3|steak=199
169536	Beef, shoulder top blade steak, boneless, separable lean and fat, trimmed to 0" fat, select, raw	137	20.28	0	0	6.21	0	oz=28.2|steak=252
168654	Beef, shoulder top blade steak, boneless, separable lean only, trimmed to 0" fat, all grades, cooked, grilled	196	28.15	0	0	9.23	0	oz=28.3|steak=186
169477	Beef, shoulder top blade steak, boneless, separable lean only, trimmed to 0" fat, all grades, raw	139	20.36	0	0	6.42	0	oz=28.2|steak=1438
169475	Beef, shoulder top blade steak, boneless, separable lean only, trimmed to 0" fat, choice, cooked, grilled	202	28.28	0	0	9.83	0	oz=28.3|steak=177
169478	Beef, shoulder top blade steak, boneless, separable lean only, trimmed to 0" fat, choice, raw	143	20.35	0	0	6.88	0	oz=28.2|steak=1432
169476	Beef, shoulder top blade steak, boneless, separable lean only, trimmed to 0" fat, select, cooked, grilled	187	27.96	0	0	8.34	0	oz=28.3|steak=199
168655	Beef, shoulder top blade steak, boneless, separable lean only, trimmed to 0" fat, select, raw	133	20.39	0	0	5.73	0	oz=28.2|steak=1446
169544	Beef, tenderloin, roast, separable lean and fat, trimmed to 1/8" fat, all grades, cooked, roasted	324	23.9	0	0	24.6	0	oz=28.3|piece, cooked, excluding refuse (yield from 1 lb raw meat with refuse)=330
168723	Beef, tenderloin, roast, separable lean and fat, trimmed to 1/8" fat, choice, cooked, roasted	331	23.9	0	0	25.39	0	oz=28.3|piece, cooked, excluding refuse (yield from 1 lb raw meat with refuse)=329
169549	Beef, tenderloin, roast, separable lean and fat, trimmed to 1/8" fat, prime, cooked, roasted	343	24.04	0	0	26.67	0	oz=28.3|piece, cooked, excluding refuse (yield from 1 lb raw meat with refuse)=326
169546	Beef, tenderloin, roast, separable lean and fat, trimmed to 1/8" fat, select, cooked, roasted	316	23.9	0	0	23.7	0	oz=28.3|piece, cooked, excluding refuse (yield from 1 lb raw meat with refuse)=329
169547	Beef, tenderloin, separable lean and fat, trimmed to 1/8" fat, prime, raw	274	18.15	0	0	21.83	0	oz=28.4|lb=453.6
169543	Beef, tenderloin, steak, separable lean and fat, trimmed to 1/8" fat, all grades, cooked, broiled	267	26.46	0	0	17.12	0	oz=28.3|steak, excluding refuse (yield from 1 raw steak, with refuse, weighing 154 g)=104
169542	Beef, tenderloin, steak, separable lean and fat, trimmed to 1/8" fat, all grades, raw	247	19.61	0	0	18.16	0	oz=28.2|steak=164
168722	Beef, tenderloin, steak, separable lean and fat, trimmed to 1/8" fat, choice, cooked, broiled	273	26.43	0	0	17.78	0	steak (yield from 181 g raw meat)=140|oz=28.3
169545	Beef, tenderloin, steak, separable lean and fat, trimmed to 1/8" fat, choice, raw	246	19.82	0	0	17.88	0	oz=28.2|steak=177
169548	Beef, tenderloin, steak, separable lean and fat, trimmed to 1/8" fat, prime, cooked, broiled	308	25.26	0	0	22.21	0	oz=28.3|steak, excluding refuse (yield from 1 raw steak, with refuse, weighing 154 g)=106
168725	Beef, tenderloin, steak, separable lean and fat, trimmed to 1/8" fat, select, cooked, broiled	262	26.48	0	0	16.53	0	steak (yield from 1 raw steak weighing 151g)=119|oz=28.3|steak, excluding refuse (yield from 1 raw steak, with refuse, weighing 154 g)=104
168724	Beef, tenderloin, steak, separable lean and fat, trimmed to 1/8" fat, select, raw	249	19.37	0	0	18.46	0	oz=28.2|steak (yield from 1 raw steak weighing149g)=149|lb=453.6
171811	Beef, tenderloin, steak, separable lean only, trimmed to 1/8" fat, all grades, cooked, broiled	200	29.04	0	0	8.39	0	oz=28.3|lb=453.6
171812	Beef, tenderloin, steak, separable lean only, trimmed to 1/8" fat, all grades, raw	153	22.12	0	0	6.52	0	oz=28.2|lb=453.6
173117	Beef, tenderloin, steak, separable lean only, trimmed to 1/8" fat, choice, cooked, broiled	206	29.01	0	0	9.1	0	oz=28.3|lb=453.6
174762	Beef, tenderloin, steak, separable lean only, trimmed to 1/8" fat, choice, raw	158	22.17	0	0	7.07	0	oz=28.2|lb=453.6
174043	Beef, tenderloin, steak, separable lean only, trimmed to 1/8" fat, select, cooked, broiled	194	29.07	0	0	7.76	0	oz=28.3|lb=453.6
171803	Beef, tenderloin, steak, separable lean only, trimmed to 1/8" fat, select, raw	148	22.06	0	0	5.93	0	oz=28.2
173063	Beef, top loin filet, boneless, separable lean and fat, trimmed to 1/8" fat, all grades, cooked, grilled	239	27.4	0.6	0	14.1	0	oz=28.3|fillet=135
173064	Beef, top loin filet, boneless, separable lean and fat, trimmed to 1/8" fat, choice, cooked, grilled	253	26.8	0.6	0	15.9	0	oz=28.3|fillet=135
173065	Beef, top loin filet, boneless, separable lean and fat, trimmed to 1/8" fat, select, cooked, grilled	219	28.3	0.4	0	11.6	0	oz=28.3|fillet=135
174688	Beef, top loin filet, boneless, separable lean only, trimmed to 1/8" fat, all grades, cooked, grilled	195	29.33	0.3	0	8.54	0	oz=28.3|fillet=135
174689	Beef, top loin filet, boneless, separable lean only, trimmed to 1/8" fat, choice, cooked, grilled	203	28.99	0.36	0	9.48	0	oz=28.3|fillet=135
174690	Beef, top loin filet, boneless, separable lean only, trimmed to 1/8" fat, select, cooked, grilled	184	29.85	0.2	0	7.12	0	oz=28.3|fillet=135
174708	Beef, top loin petite roast, boneless, separable lean and fat, trimmed to 1/8" fat, all grades, cooked, roasted	228	27	1	0	12.9	0	oz=28.3|roast=634
174709	Beef, top loin petite roast, boneless, separable lean and fat, trimmed to 1/8" fat, choice, cooked, roasted	239	26.8	1.1	0	14.1	0	oz=28.3|roast=677
174710	Beef, top loin petite roast, boneless, separable lean and fat, trimmed to 1/8" fat, select, cooked, roasted	213	27.1	0.9	0	11.2	0	oz=28.3|roast=571
173046	Beef, top loin petite roast, boneless, separable lean only, trimmed to 1/8" fat, all grades, cooked, roasted	195	28.33	0.82	0	8.76	0	oz=28.3|roast=634
173047	Beef, top loin petite roast, boneless, separable lean only, trimmed to 1/8" fat, choice, cooked, roasted	206	28.24	0.88	0	9.97	0	oz=28.3|roast=677
173048	Beef, top loin petite roast, boneless, separable lean only, trimmed to 1/8" fat, select, cooked, roasted	179	28.48	0.74	0	6.95	0	oz=28.3|roast=571
174711	Beef, top loin petite roast/filet, boneless, separable lean and fat, trimmed to 1/8" fat, all grades, raw	187	21.1	0.3	0	11.3	0	oz=28.2|fillet=173|roast=852
173066	Beef, top loin petite roast/filet, boneless, separable lean and fat, trimmed to 1/8" fat, choice, raw	199	20.8	0.6	0	12.6	0	oz=28.2|fillet=178|roast=844
173067	Beef, top loin petite roast/filet, boneless, separable lean and fat, trimmed to 1/8" fat, select, raw	170	21.6	0	0	9.3	0	oz=28.2|fillet=166|roast=866
173049	Beef, top loin petite roast/filet, boneless, separable lean only, trimmed to 1/8" fat, all grades, raw	143	22.61	0	0	5.84	0	oz=28.2|fillet=173|roast=852
174691	Beef, top loin petite roast/filet, boneless, separable lean only, trimmed to 1/8" fat, choice, raw	149	22.5	0.23	0	6.48	0	oz=28.2|fillet=178|roast=844
174692	Beef, top loin petite roast/filet, boneless, separable lean only, trimmed to 1/8" fat, select, raw	135	22.77	0	0	4.88	0	oz=28.2|fillet=166|roast=866
169457	Beef, top sirloin, steak, separable lean and fat, trimmed to 0" fat, all grades, cooked, broiled	212	29.33	0	0	9.67	0	oz=28.3|steak (yield from 518 g raw meat)=384
169458	Beef, top sirloin, steak, separable lean and fat, trimmed to 0" fat, choice, cooked, broiled	219	29.02	0	0	10.54	0	oz=28.3|steak (yield from 532 g raw meat)=393
168633	Beef, top sirloin, steak, separable lean and fat, trimmed to 0" fat, select, cooked, broiled	206	29.65	0	0	8.8	0	oz=28.3|steak (yield from 505 g raw meat)=375
168727	Beef, top sirloin, steak, separable lean and fat, trimmed to 1/8" fat, all grades, cooked, broiled	243	26.96	0	0	14.23	0	oz=28.3|piece, cooked, excluding refuse (yield from 1 lb raw meat with refuse)=306
168726	Beef, top sirloin, steak, separable lean and fat, trimmed to 1/8" fat, all grades, raw	201	20.3	0	0	12.71	0	oz=28.2|steak=608
168729	Beef, top sirloin, steak, separable lean and fat, trimmed to 1/8" fat, choice, cooked, broiled	257	26.8	0	0	15.75	0	oz=28.3|piece, cooked, excluding refuse (yield from 1 lb raw meat with refuse)=306
169550	Beef, top sirloin, steak, separable lean and fat, trimmed to 1/8" fat, choice, cooked, pan-fried	313	28.77	0	0	21.06	0	oz=28.3|piece, cooked, excluding refuse (yield from 1 lb raw meat with refuse)=307
168728	Beef, top sirloin, steak, separable lean and fat, trimmed to 1/8" fat, choice, raw	214	19.92	0	0	14.28	0	oz=28.2|lb=453.6
169552	Beef, top sirloin, steak, separable lean and fat, trimmed to 1/8" fat, select, cooked, broiled	230	27.12	0	0	12.71	0	oz=28.3|steak (yield from 1 raw steak weighing 624g)=485
169551	Beef, top sirloin, steak, separable lean and fat, trimmed to 1/8" fat, select, raw	189	20.68	0	0	11.13	0	oz=28.2|steak=594
168634	Beef, top sirloin, steak, separable lean only, trimmed to 0" fat, all grades, cooked, broiled	183	30.55	0	0	5.79	0	oz=28.3|piece, cooked, excluding refuse (yield from 1 lb raw meat with refuse)=292
168635	Beef, top sirloin, steak, separable lean only, trimmed to 0" fat, choice, cooked, broiled	188	30.29	0	0	6.55	0	oz=28.3|steak (yield from 532 g raw meat)=393
168636	Beef, top sirloin, steak, separable lean only, trimmed to 0" fat, select, cooked, broiled	177	30.8	0	0	5.03	0	oz=28.3|steak (yield from 505 g raw meat)=375
174054	Beef, top sirloin, steak, separable lean only, trimmed to 1/8" fat, all grades, cooked, broiled	178	29.42	0	0	5.84	0	oz=28.3|lb=453.6
174055	Beef, top sirloin, steak, separable lean only, trimmed to 1/8" fat, all grades, raw	131	22.09	0	0	4.08	0	oz=28.2|lb=453.6
173118	Beef, top sirloin, steak, separable lean only, trimmed to 1/8" fat, choice, cooked, broiled	187	29.51	0	0	6.72	0	oz=28.3|lb=453.6
174763	Beef, top sirloin, steak, separable lean only, trimmed to 1/8" fat, choice, raw	135	21.91	0	0	4.62	0	oz=28.2|lb=453.6
174044	Beef, top sirloin, steak, separable lean only, trimmed to 1/8" fat, select, cooked, broiled	170	29.34	0	0	4.96	0	oz=28.3|lb=453.6
171804	Beef, top sirloin, steak, separable lean only, trimmed to 1/8" fat, select, raw	127	22.27	0	0	3.54	0	oz=28.2|lb=453.6
168623	Beef, variety meats and by-products, brain, cooked, pan-fried	196	12.57	0		15.83	0	oz=28.3|piece, cooked, excluding refuse (yield from 1 lb raw meat with refuse)=351
168624	Beef, variety meats and by-products, brain, cooked, simmered	151	11.67	1.48	0	10.53	0	oz=28.3|piece, cooked, excluding refuse=391
168622	Beef, variety meats and by-products, brain, raw	143	10.86	1.05	0	10.3	0	oz=28.4|oz=28.2
169448	Beef, variety meats and by-products, heart, cooked, simmered	165	28.48	0.15	0	4.73	0	oz=28.3
168625	Beef, variety meats and by-products, heart, raw	112	17.72	0.14	0	3.94	0	oz=28.4|oz=28.2
169450	Beef, variety meats and by-products, kidneys, cooked, simmered	158	27.27	0	0	4.65	0	oz=28.3
169449	Beef, variety meats and by-products, kidneys, raw	99	17.4	0.29	0	3.09	0	oz=28.4|oz=28.2
168626	Beef, variety meats and by-products, liver, cooked, braised	191	29.08	5.13	0	5.26	0	oz=28.3|slice=68
168627	Beef, variety meats and by-products, liver, cooked, pan-fried	175	26.52	5.16	0	4.68	0	oz=28.3|slice=81
169451	Beef, variety meats and by-products, liver, raw	135	20.36	3.89	0	3.63	0	oz=28.2
168629	Beef, variety meats and by-products, lungs, cooked, braised	120	20.4	0		3.7	0	oz=28.3|piece, cooked, excluding refuse (yield from 1 lb raw meat with refuse)=303
168628	Beef, variety meats and by-products, lungs, raw	92	16.2	0		2.5	0	oz=28.4|oz=28.2
168630	Beef, variety meats and by-products, mechanically separated beef, raw	276	14.97	0		23.52	0	oz=28.4|oz=28.4
169453	Beef, variety meats and by-products, pancreas, cooked, braised	271	27.1	0		17.2	0	oz=28.3|piece, cooked, excluding refuse (yield from 1 lb raw meat with refuse)=222
169452	Beef, variety meats and by-products, pancreas, raw	235	15.7	0		18.6	0	oz=28.4|oz=28.2
170597	Beef, variety meats and by-products, spleen, cooked, braised	145	25.1	0		4.2	0	oz=28.3|piece, cooked, excluding refuse (yield from 1 lb raw meat with refuse)=308
169454	Beef, variety meats and by-products, spleen, raw	105	18.3	0		3	0	oz=28.4|oz=28.2
170193	Beef, variety meats and by-products, suet, raw	854	1.5	0	0	94	0	oz=28.4|oz=28.2
170195	Beef, variety meats and by-products, thymus, cooked, braised	319	21.85	0		24.98	0	oz=28.3|piece, cooked, excluding refuse (yield from 1 lb raw meat with refuse)=381
170194	Beef, variety meats and by-products, thymus, raw	236	12.18	0		20.35	0	oz=28.4|oz=28.2
170598	Beef, variety meats and by-products, tongue, cooked, simmered	284	19.29	0	0	22.3	0	oz=28.3
170196	Beef, variety meats and by-products, tongue, raw	224	14.9	3.68		16.09	0	oz=28.4|oz=28.2
174769	Beef, variety meats and by-products, tripe, cooked, simmered	94	11.71	1.99	0	4.05	0	oz=28.3|serving=85
170599	Beef, variety meats and by-products, tripe, raw	85	12.07	0	0	3.69	0	oz=28.4|oz=28.2
171616	Beerwurst, beer salami, pork	238	14.24	2.06		18.8	0	slice (4" dia x 1/8" thick)=23|slice (2-3/4" dia x 1/16")=6
172011	Beerwurst, beer salami, pork and beef	277	14	3.76	0	22.53	0.9	oz=28
172961	Beerwurst, pork and beef	276	14	4.27	0	22.53	0.9	serving 2 oz=56
168508	Beet greens, cooked, boiled, drained, with salt	27	2.57	5.46	0.6	0.2	2.9	cup (1" pieces)=144
170376	Beet greens, cooked, boiled, drained, without salt	27	2.57	5.46	0.6	0.2	2.9	cup (1" pieces)=144|cup (1" pieces)=144
170375	Beet greens, raw	22	2.2	4.33	0.5	0.13	3.7	cup=38|leaf=32|cup (1" pieces)=38
169966	Beets, canned, drained solids	31	0.91	7.21	5.51	0.14	1.8	cup, diced=157|cup, shredded=195|cup slices=170|cup, whole=163|slice=8|beet=24|can (303 x 406)=294
168507	Beets, canned, no salt added, solids and liquids	28	0.8	6.57	5.38	0.07	1.2	cup=246
169147	Beets, canned, regular pack, solids and liquids	30	0.73	7.14	6.53	0.09	1.2	cup=246
169146	Beets, cooked, boiled, drained	44	1.68	9.96	7.96	0.18	2	cup slices=170|beets (2" dia, sphere)=50
168506	Beets, cooked, boiled. drained, with salt	44	1.68	9.96	7.96	0.18	2	cup slices=170|beets (2" dia, sphere)=50
170479	Beets, harvard, canned, solids and liquids	73	0.84	18.18		0.06	2.5	cup slices=246
170480	Beets, pickled, canned, solids and liquids	65	0.8	16.28	11.05	0.08	0.8	cup slices=227
169145	Beets, raw	43	1.61	9.56	6.76	0.17	2.8	cup=136|beet (2" dia)=82
169073	Beverage, instant breakfast powder, chocolate, not reconstituted	353	19.9	66.2	65.8	1.4	0.4	tbsp=7.4|envelope=37
169897	Beverage, instant breakfast powder, chocolate, sugar-free, not reconstituted	358	35.8	41	39	5.1	2	tbsp=5.6|envelope=20
174813	Beverages, ABBOTT, EAS soy protein powder	405	47.62	43.94	40.48	3.57	0	scoop=44
173167	Beverages, ABBOTT, EAS whey protein powder	385	66.67	17.95	5.13	5.13	0	scoop=19.5
167727	Beverages, ABBOTT, ENSURE PLUS, ready-to-drink	141	5.16	19.88	8.33	4.52	0	cup=252|fl oz=31.5
174823	Beverages, ABBOTT, ENSURE, Nutritional Shake, Ready-to-Drink	105	3.8	16.88	9.7	2.53	0	fl oz=31.8
173175	Beverages, Acai berry drink, fortified	62	0.83	12.83	11.1	0.83	1.2	fl oz=33.2|fl oz=30
174820	Beverages, almond milk, chocolate, ready-to-drink	50	0.63	9.38	8.75	1.25	0.4	fl oz=30|cup=240
168751	Beverages, almond milk, sweetened, vanilla flavor, ready-to-drink	38	0.42	6.59	6.25	1.04	0.4	fl oz=30|cup=240
174832	Beverages, almond milk, unsweetened, shelf stable	15	0.4	1.31	0.81	0.96	0.2	cup=262
174131	Beverages, aloe vera juice drink, fortified with Vitamin C	15	0	3.75	3.75	0	0	fl oz=30
174146	Beverages, AMBER, hard cider	56	0	5.92	5.92	0	0	fl oz=29.6
174112	Beverages, Apple juice drink, light, fortified with vitamin C	22	0	5.1	4.8	0.1	0	fl oz=30
175110	Beverages, ARIZONA, tea, ready-to-drink, lemon	39	0	9.77	9.63	0	0	fl oz=30.6|bottle 8 fl oz=28.4|bottle 12 fl oz=368|bottle 20 fl oz=613
174842	Beverages, carbonated, club soda	0	0	0	0	0	0	fl oz=29.6|can or bottle (16 fl oz)=474|can or bottle (12 fl oz)=355
175093	Beverages, carbonated, cola, fast-food cola	37	0.07	9.56	8.97	0.02	0	serving child 12 fl oz, without ice=258|serving small 16 fl oz, without ice=347|serving medium 21 fl oz, without ice=486|serving large 32 fl oz, without ice=722
174852	Beverages, carbonated, cola, regular	42	0	10.36	9.94	0.25	0	fl oz=30.7|can or bottle (12 fl oz)=370|can or bottle (16 fl oz)=492|drink, small (16 fl oz)=492|drink, medium (22 fl oz)=676|drink, large (32 fl oz)=984|drink, extra large (44 fl oz)=1353
174851	Beverages, carbonated, cola, without caffeine	41	0	10.58	10.58	0	0	fl oz=30.7|serving 12 fl oz=368|serving 16 fl oz=491
174846	Beverages, carbonated, ginger ale	34	0	8.76	8.9	0	0	fl oz=30.5|can or bottle (16 fl oz)=488|can or bottle (12 fl oz)=366
173203	Beverages, carbonated, grape soda	43	0	11.2		0	0	fl oz=31|can or bottle (12 fl oz)=372
173205	Beverages, carbonated, lemon-lime soda, no caffeine	41	0.09	10.42	10.38	0	0	fl oz=30.8|drink (12 fl oz)=368|drink, small (16 fl oz)=491|drink, medium (22 fl oz)=675|drink, large (32 fl oz)=982|drink, extra large (44 fl oz)=1351
171875	Beverages, carbonated, limeade, high caffeine	17	0	4.11	3.97	0.11	0	cup=253
175099	Beverages, carbonated, low calorie, cola or pepper-type, with aspartame, contains caffeine	2	0.11	0.29	0	0.03	0	fl oz=29.6|can can 12 fl oz=355|bottle bottle 16 fl oz=473|serving child 12 fl oz=258|serving small 16 fl oz=347|serving medium 21 fl oz=486|serving large 32 fl oz=722
174850	Beverages, carbonated, low calorie, cola or pepper-type, with aspartame, without caffeine	1	0.12	0.12	0	0	0	fl oz=29.6|can or bottle (16 fl oz)=474|can (12 fl oz)=355|drink, small (16 fl oz)=474|drink, medium (22 fl oz)=651|drink, large (32 fl oz)=947|drink, extra large (44 fl oz)=1302
171876	Beverages, carbonated, low calorie, cola or pepper-types, with sodium saccharin, contains caffeine	0	0	0.1	0	0	0	fl oz=29.6|bottle (16 fl oz)=474|can (12 fl oz)=355
173207	Beverages, carbonated, low calorie, other than cola or pepper, with aspartame, contains caffeine	0	0.1	0	0	0	0	fl oz=29.6|can (12 fl oz)=355
173204	Beverages, carbonated, low calorie, other than cola or pepper, without caffeine	0	0.1	0	0	0	0	fl oz=29.6|can (12 fl oz)=355
174854	Beverages, carbonated, orange	48	0	12.3		0	0	fl oz=31|can or bottle (16 fl oz)=496|can or bottle (12 fl oz)=372
173209	Beverages, carbonated, pepper-type, contains caffeine	41	0	10.4		0.1	0	fl oz=30.7|can or bottle (16 fl oz)=491|can or bottle (12 fl oz)=368
174853	Beverages, carbonated, reduced sugar, cola, contains caffeine and sweeteners	20	0	5.16	5.16	0	0	fl oz=29.6|can (8 fl oz)=355
171871	Beverages, carbonated, root beer	41	0	10.6	10.6	0	0	fl oz=30.8|can or bottle (16 fl oz)=493|can or bottle (12 fl oz)=370
173206	Beverages, carbonated, SPRITE, lemon-lime, without caffeine	40	0.05	10.14	8.98	0.02	0	fl oz=30.8|serving 12 fl oz=369|serving 16 fl oz=492|cup 12 fl oz 12 fl oz=258
171869	Beverages, carbonated, tonic water	34	0	8.8	8.8	0	0	fl oz=30.5|bottle (11 fl oz)=336|can or bottle (16 fl oz)=488|can or bottle (12 fl oz)=366
174114	Beverages, Carob-flavor beverage mix, powder	372	1.8	93.3		0.2	8	tbsp=12
174115	Beverages, Carob-flavor beverage mix, powder, prepared with whole milk	75	3.16	8.68		3.11	0.4	cup (8 fl oz)=256
173187	Beverages, chocolate almond milk, unsweetened, shelf-stable, fortified with vitamin D2 and E	21	0.83	1.25	0	1.46	0.4	cup=240
171873	Beverages, chocolate drink, milk and soy based, ready to drink, fortified	101	4.22	17.3	8.44	1.69	1.3	fl oz=29.6
171874	Beverages, chocolate malt powder, prepared with 1% milk, fortified	57	3.32	8.81	7.81	0.97	0	cup dry mix=98|cup prepared=251
173184	Beverages, chocolate malt, powder, prepared with fat free milk	49	3.25	8.64	7.77	0.17	0	serving=256
174824	Beverages, chocolate powder, no sugar added	350	9.09	68.31	27.27	4.5	9.1	tbsp=5.5
174117	Beverages, chocolate syrup	279	2.1	65.1	49.65	1.13	2.6	serving 2 tbsp=39|cup=300
174118	Beverages, chocolate syrup, prepared with whole milk	90	3.07	12.78	11.31	2.96	0.3	cup (8 fl oz)=282
174159	Beverages, chocolate-flavor beverage mix for milk, powder, with added nutrients	400	4.55	90.28	81.82	2.27	4.5	serving=22
174160	Beverages, chocolate-flavor beverage mix for milk, powder, with added nutrients, prepared with whole milk	89	3.27	11.87	11.59	3.17	0.4	serving=266
171879	Beverages, chocolate-flavor beverage mix, powder, prepared with whole milk	85	3.23	11.96		3.24	0.4	cup (8 fl oz)=266
167711	Beverages, Chocolate-flavored drink, whey and milk based	49	0.64	10.68	8.68	0.4	0.6	cup=244|fl oz=30.5
171912	Beverages, citrus fruit juice drink, frozen concentrate	162	1.2	40.2	28.63	0.1	0.2	fl oz=35.2|can (12 fl oz)=423
171913	Beverages, citrus fruit juice drink, frozen concentrate, prepared with water	46	0.34	11.42	8.13	0.03	0.1	fl oz=31|serving 8 fl oz=248
171882	Beverages, Clam and tomato juice, canned	48	0.6	10.95	3.31	0.2	0.4	fl oz=30.2|can (5.5 oz)=166
175108	Beverages, COCA-COLA, POWERADE, lemon-lime flavored, ready-to-drink	32	0	7.84	6.11	0.05	0	fl oz=30.5|fl oz=30.5|fl oz=30.4
167739	Beverages, Cocktail mix, non-alcoholic, concentrated, frozen	287	0.08	71.6	24.53	0.01	0	fl oz=36|serving 2 fl oz=71|can 10 fl oz=355
175114	Beverages, Cocoa mix, low calorie, powder, with added calcium, phosphorus, aspartame, without added sodium or vitamin A	359	25.1	58	55.58	3	1.1	envelope Swiss Miss (.53 oz)=15|packet (0.675 oz)=19
174124	Beverages, Cocoa mix, NESTLE, Hot Cocoa Mix Rich Chocolate With Marshmallows	400	2.8	75	65	15	3.7	serving 1 envelope=20
171886	Beverages, Cocoa mix, no sugar added, powder	377	15.49	71.93	37.65	3	7.5	envelope Alba (.675 oz)=19|envelope Swiss Miss (.53 oz)=15
174122	Beverages, Cocoa mix, powder	398	6.67	83.73	65.55	4	3.7	serving (3 heaping tsp or 1 envelope)=28
174123	Beverages, Cocoa mix, powder, prepared with water	55	0.92	11.54	9.03	0.55	0.5	fl oz=34.3|serving 6 fl oz=206
175092	Beverages, cocoa mix, with aspartame, powder, prepared with water	29	1.21	5.61	2.93	0.23	0.6	fl oz=32.1|serving dry mix with 6 fl oz water=192
174116	Beverages, coconut milk, sweetened, fortified with calcium, vitamins A, B12, D2	31	0.21	2.92	2.5	2.08	0	cup=240
174831	Beverages, Coconut water, ready-to-drink, unsweetened	18	0.22	4.24	3.92	0	0	cup=245
174127	Beverages, coffee and cocoa, instant, decaffeinated, with whitener and low calorie sweetener	440	9	71.4	34.98	13.21	4.8	tsp dry=6.4
174138	Beverages, coffee substitute, cereal grain beverage, powder	360	6.01	78.42	4.63	2.52	23.3	tsp (1 serving)=3
173648	Beverages, coffee substitute, cereal grain beverage, powder, prepared with whole milk	65	3.3	5.6		3.3	0.1	fl oz=30.8
174139	Beverages, coffee substitute, cereal grain beverage, prepared with water	6	0.1	1.3	0.08	0.04	0.4	fl oz=30.1|serving 6 fl oz=180
171881	Beverages, coffee, brewed, breakfast blend	2	0.3	0.17	0	0	0	cup=248
171891	Beverages, coffee, brewed, espresso, restaurant-prepared	9	0.12	1.67	0	0.18	0	fl oz=29.6
174125	Beverages, coffee, brewed, espresso, restaurant-prepared, decaffeinated	9	0.1	1.69	0	0.18	0	fl oz=29.6
171890	Beverages, coffee, brewed, prepared with tap water	1	0.12	0	0	0.02	0	fl oz=29.6|fl oz=29.7|cup (8 fl oz)=237
171889	Beverages, coffee, brewed, prepared with tap water, decaffeinated	0	0.1	0	0	0	0	fl oz=29.6|fl oz=29.7|cup (8 fl oz)=237
174134	Beverages, coffee, instant, chicory	3	0.09	0.75	0	0	0	fl oz=29.9|serving 6 fl oz=179
174133	Beverages, coffee, instant, decaffeinated, powder	351	11.6	76	0	0.2	0	tsp rounded=1.8
171894	Beverages, coffee, instant, decaffeinated, prepared with water	2	0.12	0.43	0	0	0	fl oz=29.9|serving 6 fl oz=179
174135	Beverages, coffee, instant, mocha, sweetened	460	5.29	74.04	58.2	15.87	1.9	serving 2 tbsp=13
174126	Beverages, coffee, instant, regular, half the caffeine	352	14.42	73.18	0	0.5	0	tsp=1|packet=2
171893	Beverages, coffee, instant, regular, powder	353	12.2	75.4	0	0.5	0	tsp=1|packet=2
174130	Beverages, coffee, instant, regular, prepared with water	2	0.1	0.34	0	0	0	fl oz=29.8|serving 6 fl oz=179
174154	Beverages, coffee, instant, vanilla, sweetened, decaffeinated, with non dairy creamer	465	0	86.28	66.67	13.33	0	serving=15
171897	Beverages, coffee, instant, with chicory	355	9.3	78.9		0.2	0.5	tsp, rounded=1.8
168122	Beverages, coffee, instant, with whitener, reduced calorie	509	1.96	59.94	59	29.1	0.5	tsp dry=1.7
174119	Beverages, coffee, ready to drink, iced, mocha, milk based	60	1.48	11.42	9.23	0.98	0	cup=265
171880	Beverages, coffee, ready to drink, milk based, sweetened	71	1.98	12.6	10.67	1.38	0	cup=262
171877	Beverages, coffee, ready to drink, vanilla, light, milk based, sweetened	36	2.14	4.27	3.91	1.07	0	fl oz=29.6
173214	Beverages, Cranberry juice cocktail	52	0	12.25	11.41	0.34		cup=271
174140	Beverages, cranberry-apple juice drink, bottled	63	0	15.85	14.5	0.11	0	fl oz=30.6|cup (8 fl oz)=245
168123	Beverages, cranberry-apple juice drink, low calorie, with vitamin C added	19	0.1	4.7	4.6	0	0.1	cup (8 fl oz)=240|fl oz=30
174142	Beverages, cranberry-apricot juice drink, bottled	64	0.2	16.2		0	0.1	fl oz=30.6|cup (8 fl oz)=245
171902	Beverages, cranberry-grape juice drink, bottled	56	0.2	14		0.1	0.1	fl oz=30.6|cup (8 fl oz)=245
174814	Beverages, CYTOSPORT, Muscle Milk, ready-to-drink	52	5.87	2.28	0.78	2.17	0.2	fl oz=29.6
173650	Beverages, dairy drink mix, chocolate, reduced calorie, with aspartame, powder, prepared with water and ice	29	2.19	4.51	2.89	0.23	0.8	serving=243
173649	Beverages, Dairy drink mix, chocolate, reduced calorie, with low-calorie sweeteners, powder	329	25	51.4	32.94	2.6	9.4	packet (.75 oz)=21|envelope=21
173658	Beverages, DANNON, water, bottled, non-carbonated, with Fluoride	0	0	0.03		0		fl oz=29.6|bottle 8.5 fl oz=251
173659	Beverages, drink mix, QUAKER OATS, GATORADE, orange flavor, powder	388	0	94.11	80.5	1.23	0	scoop powder=23|cup powder=207
171905	Beverages, Eggnog-flavor mix, powder, prepared with whole milk	95	2.93	14.2	12.66	3.02	0	cup (8 fl oz)=272
174821	Beverages, Energy Drink with carbonated water and high fructose corn syrup	62	0.42	15	13.75	0	0	fl oz=30
174171	Beverages, Energy drink, AMP	46	0.25	12.08	12.08	0.08	0	serving=240
171936	Beverages, Energy drink, AMP, sugar free	2	0	1.03	0	0	0	fl oz=30
174108	Beverages, Energy drink, Citrus	45	0	11.27	10.42	0	0	fl oz=30
174172	Beverages, Energy drink, FULL THROTTLE	46	0.25	12.08	12.08	0.08	0	serving 8 fluid oz=240|can=480
171935	Beverages, Energy Drink, Monster, fortified with vitamins C, B2, B3, B6, B12	47	0.47	11.28	10.93	0	0	serving=240
173210	Beverages, Energy drink, RED BULL	43	0.46	10.23	10.22	0	0	can 8.4 fl oz=258|serving 12 fl oz=369|serving 16 fl oz=492
171870	Beverages, Energy drink, RED BULL, sugar free, with added caffeine, niacin, pantothenic acid, vitamins B6 and B12	5	0.25	0.7	0	0.08	0	serving 8.3 fl oz can=250
171937	Beverages, Energy drink, ROCKSTAR	58	0.34	12.7	12.26	0.22	0	fl oz=31|fl oz=30|can=480
171938	Beverages, Energy drink, ROCKSTAR, sugar free	4	0.25	0.7	0	0.08	0	fl oz=30
174822	Beverages, Energy Drink, sugar free	4	0.42	0.42	0	0	0	fl oz=30
174177	Beverages, Energy drink, VAULT Zero, sugar-free, citrus flavor	1	0.25	0.7	0	0.08	0	serving (8 fl oz)=246|fl oz=30
171943	Beverages, Energy drink, VAULT, citrus flavor	49	0	12.99	12.99	0	0	oz=31|fl oz (1 serving)=30.8
174180	Beverages, Fruit flavored drink containing less than 3% fruit juice, with high vitamin C	27	0	6.67	5	0	0	cup (8 fl oz)=238
174179	Beverages, Fruit flavored drink, less than 3% juice, not fortified with vitamin C	64	0	16.03	15.85	0	0	cup (8 fl oz)=238
171944	Beverages, Fruit flavored drink, reduced sugar, greater than 3% fruit juice, high vitamin C, added calcium	29	0	6.67	5	0.37	0	fl oz=30|fl oz=31.1
171945	Beverages, fruit juice drink, greater than 3% fruit juice, high vitamin C and added thiamin	54	0.13	13.16	12.11	0	0.1	fl oz=29.6
171947	Beverages, fruit juice drink, greater than 3% juice, high vitamin C	46	0.13	11.35	10.69	0.11	0.1	cup (8 fl oz)=238
174176	Beverages, fruit juice drink, reduced sugar, with vitamin E added	39	0	10	9	0.07	0	container=209|ml=1
174152	Beverages, Fruit punch drink, frozen concentrate	162	0.2	41.4		0	0.4	fl oz=34.8|can (12 fl oz)=418
174153	Beverages, Fruit punch drink, frozen concentrate, prepared with water	46	0.06	11.66	0	0	0.1	fl oz=30.9|cup=247
174151	Beverages, Fruit punch drink, with added nutrients, canned	47	0	11.94	11.29	0	0.2	fl oz=31|cup (8 fl oz)=248
171914	Beverages, fruit punch drink, without added nutrients, canned	48	0	11.97	11.29	0	0	fl oz=31.1|cup (8 fl oz)=248
175094	Beverages, fruit punch juice drink, frozen concentrate	175	0.3	43.1		0.7	0.2	fl oz=35.2|can (12 fl oz)=423
175095	Beverages, fruit punch juice drink, frozen concentrate, prepared with water	42	0.07	11.4	11.4	0.17	0	fl oz=29.3|fl oz=29.2
175115	Beverages, fruit punch-flavor drink, powder, without added sodium, prepared with water	37	0	9.47	9.23	0.01	0	fl oz=32.7|fl oz=32.8
167681	Beverages, fruit-flavored drink, dry powdered mix, low calorie, with aspartame	218	0.45	87.38	0	0.04	0.1	tsp=8
167707	Beverages, fruit-flavored drink, powder, with high vitamin C with other added vitamins, low calorie	227	0.25	91	0	0.16	2.2	tsp=2
173173	Beverages, FUZE, orange mango, fortified with vitamins A, C, E, B6	38	0.68	9.2	9	0.06	0.2	bottle=500
173183	Beverages, GEROLSTEINER BRUNNEN GmbH & Co. KG (Gerolsteiner), naturally sparkling, mineral bottled water	0	0	0	0	0	0	
174827	Beverages, GEROLSTEINER BRUNNEN GmbH & Co. KG,Gerolsteiner naturally sparkling mineral water,	0	0	0	0	0	0	fl oz=30
171916	Beverages, grape drink, canned	61	0	15.72	13.06	0	0	fl oz=31.3|cup (8 fl oz)=250
173213	Beverages, grape juice drink, canned	57	0	14.55	14.11	0	0.1	fl oz=31.3|fl oz=31.3|fl oz=31.2|serving=227
171941	Beverages, Horchata, as served in restaurant	54	0.48	11.52	9.36	0.71	0	cup=228
174111	Beverages, Kiwi Strawberry Juice Drink	47	0	12.26	11.63	0	0	fl oz=29.6
171898	Beverages, KRAFT, coffee, instant, French Vanilla Cafe	481	2.5	74.6	54.3	19.2	1.4	NLEA Serving=14
171878	Beverages, Lemonade fruit juice drink light, fortified with vitamin E and C	21	0	5	5	0	0	fl oz=30
173667	Beverages, lemonade, frozen concentrate, pink, prepared with water	43	0.05	10.81	10.28	0.15	0.1	fl oz=30.9|bottle 8 fl oz=247
174858	Beverages, Lemonade, powder	376	0	97.57	94.7	1.05	0.4	serving=18|cup=218
174860	Beverages, lemonade-flavor drink, powder	380	0	97.9	97.15	1.01	0	serving=18|scoop (2 tbsp)=58
174861	Beverages, lemonade-flavor drink, powder, prepared with water	27	0	6.9	6.87	0.07	0	fl oz=31.8|cup 8 fl oz=255
175111	Beverages, LIPTON BRISK, tea, black, ready-to-drink, lemon	35	0	8.81	8.69	0	0	fl oz=30.6|bottle 8 fl oz=245|bottle 12 fl oz=367
171907	Beverages, Malt liquor beverage	40	0.35	0	0	0	0	bottle=1184
174866	Beverages, malted drink mix, chocolate, powder	411	5.1	86.94	66.67	4.76	4.8	serving (3 heaping tsp or 1 envelope)=21
174867	Beverages, Malted drink mix, chocolate, powder, prepared with whole milk	85	3.37	11.2	6.68	3.29	0.5	cup (8 fl oz)=265
174865	Beverages, Malted drink mix, chocolate, with added nutrients, powder, prepared with whole milk	87	3.29	11.19	10.49	3.26	0.4	cup (8 fl oz)=265
173220	Beverages, Malted drink mix, natural, powder, dairy based.	428	14.29	71.21	47.62	9.52	0.1	serving (3 heaping tsp or 1 envelope)=21
173221	Beverages, Malted drink mix, natural, powder, prepared with whole milk	88	3.86	10.23	9.56	3.62	0.1	cup (8 fl oz)=265
173219	Beverages, Malted drink mix, natural, with added nutrients, powder, prepared with whole milk	86	3.67	10.67	8.37	3.21	0	cup (8 fl oz)=265
171939	Beverages, Meal supplement drink, canned, peanut flavor	101	3.5	14.74		3.07		cup=158|can=391
174174	Beverages, milk beverage, reduced fat, flavored and sweetened, Ready-to-drink, added calcium, vitamin A and vitamin D	77	3.05	12.08	11.4	1.83	0.4	cup=244
173189	Beverages, MINUTE MAID, Lemonada, Limeade	50	0	13.75	12.92	0	0	fl oz=30
173197	Beverages, Mixed vegetable and fruit juice drink, with added nutrients	29	0.04	7.47	2.1	0.01	0	fl oz=30.9
173162	Beverages, MONSTER energy drink, low carb	5	0	1.38	1.38	0	0	fl oz=30
174857	Beverages, MOTTS, Apple juice light, fortified with vitamin C	22	0	5.1	4.8	0.1	0	
174847	Beverages, NESTEA, tea, black, ready-to-drink, lemon	36	0	9.09	9.09	0	0	fl oz=30.6|serving (8 fl oz)=245|serving (12 fl oz)=368|serving (16.9 fl oz)=518
173169	Beverages, NESTLE, Boost plus, nutritional drink, ready-to-drink	138	5.38	17.29	8.46	5.38	1.2	bottle=237
174181	Beverages, nutritional shake mix, high protein, powder	392	53.57	20.38	3.57	10.71	0	tbsp=10|serving=20
174147	Beverages, OCEAN SPRAY, Cran Cherry	46	0.19	12.76	12.2	0	0.6	fl oz=31
174132	Beverages, OCEAN SPRAY, Cran Grape	54	0.21	13.16	12.6	0	0.6	fl oz=30
171900	Beverages, OCEAN SPRAY, Cran Lemonade	45	0.07	11.12	10.4	0	0.6	fl oz=30.9
171909	Beverages, OCEAN SPRAY, Cran Pomegranate	47	0.07	12.56	12	0.01	0.6	fl oz=31
171899	Beverages, OCEAN SPRAY, Cran Raspberry Juice Drink	49	0.28	11.96	11.4	0	0.6	fl oz=31
174816	Beverages, OCEAN SPRAY, Cran-Energy, Cranberry Energy Juice Drink	15	0	3.75	3.75	0	0	can=250
171895	Beverages, OCEAN SPRAY, Cranberry-Apple Juice Drink, bottled	56	0.29	13.68	13.12	0	0.6	fl oz=31.1
171901	Beverages, OCEAN SPRAY, Diet Cran Cherry	4	0.21	0.7	0.22	0	0.6	fl oz=29.6
171896	Beverages, OCEAN SPRAY, Diet Cranberry Juice	4	0.07	0.8	0.25	0	0.6	fl oz=29.6
174148	Beverages, OCEAN SPRAY, Light Cranberry	19	0.22	4.72	3.97	0.01	0.7	fl oz=31
174136	Beverages, OCEAN SPRAY, Light Cranberry and Raspberry Flavored Juice	26	0.73	5.77	5.02	0	0.7	fl oz=30.2
174150	Beverages, OCEAN SPRAY, Light Cranberry, Concord Grape	23	0.36	5.78	5.02	0.02	0.7	fl oz=31
174856	Beverages, OCEAN SPRAY, Ruby Red cranberry	45	0.07	11.58	11.02	0.01	0.6	fl oz=28.4
174149	Beverages, OCEAN SPRAY, White Cranberry Peach	45	0.13	11.88	11.32	0.01	0.6	fl oz=30.9
174137	Beverages, OCEAN SPRAY, White Cranberry Strawberry Flavored Juice Drink	49	0.22	11.98	11.42	0.01	0.6	fl oz=30.9
173223	Beverages, orange and apricot juice drink, canned	51	0.3	12.7	12.06	0.1	0.1	fl oz=31.2|cup (8 fl oz)=250
175105	Beverages, orange breakfast drink, ready-to-drink, with added nutrients	53	0	13.2	8.02	0	0.1	fl oz=31.6|cup (8 fl oz)=253
175100	Beverages, Orange drink, breakfast type, with juice and pulp, frozen concentrate	153	0.4	39	38.05	0	0.1	fl oz=36.3|can=436
175101	Beverages, Orange drink, breakfast type, with juice and pulp, frozen concentrate, prepared with water	45	0.12	11.32	11.05	0	0	fl oz=31.3|fl oz=31.2
174868	Beverages, orange drink, canned, with added vitamin C	49	0	12.34	11.03	0.07	0	fl oz=31|cup (8 fl oz)=248
169044	Beverages, Orange juice drink	54	0.2	13.41	9.36	0	0.2	cup=249|fl oz=31.1|drink box (8.45 fl oz)=263
173178	Beverages, Orange juice, light, No pulp	21	0.21	5.42	4.17	0	0	fl oz=30
173237	Beverages, Orange-flavor drink, breakfast type, low calorie, powder	217	3.6	85.9	2.6	0	3.8	portion, amount of dry mix to make 8 fl oz prepared=2.5
173235	Beverages, orange-flavor drink, breakfast type, powder	386	0	98.94	92.31	0	0.4	serving 2 tbsp=26
173236	Beverages, orange-flavor drink, breakfast type, powder, prepared with water	49	0	12.65	11.8	0	0.1	fl oz=33.9|fl oz=33.8
173652	Beverages, Orange-flavor drink, breakfast type, with pulp, frozen concentrate, prepared with water	49	0.03	12.21	11.91	0.14	0	fl oz=31|fl oz=31
173651	Beverages, Orange-flavor drink, breakfast type, with pulp, frozen concentrate.	172	0.1	42.9	11.7	0.5	0.2	fl oz=35.3|can=424
173222	Beverages, OVALTINE, chocolate malt powder	372	0	92.96	72.73	0	0	cup=78|serving (4 tbsp or 1 envelope)=21
174864	Beverages, OVALTINE, Classic Malt powder	372	0	93.33	63.64	0	0	serving (4 tbsp or 1 envelope)=21|individual serving (4-5 heaping tsp or 1 envelope)=21
174178	Beverages, PEPSICO QUAKER, Gatorade G2, low calorie	8	0.05	1.94	1.3	0.01	0	fl oz=29.6
173660	Beverages, PEPSICO QUAKER, Gatorade, G performance O 2, ready-to-drink.	26	0	6.43	5.24	0	0	fl oz=30.5|fl oz=30.5|bottle=609
173224	Beverages, pineapple and grapefruit juice drink, canned	47	0.2	11.6	11.52	0.1	0.1	fl oz=31.3|cup (8 fl oz)=250
173225	Beverages, pineapple and orange juice drink, canned	50	1.3	11.8	11.59	0	0.1	fl oz=31.3|cup (8 fl oz)=250
171923	Beverages, Powerade Zero Ion4, calorie-free, assorted flavors	0	0	0	0	0	0	fl oz=29.6|fl oz=29.6
174113	Beverages, POWERADE, Zero, Mixed Berry	0	0	0.14	0	0	0	fl oz=30
175109	Beverages, Propel Zero, fruit-flavored, non-carbonated	5	0	1.14	0	0	0	fl oz=29.6|bottle 16.9 fl oz=501|bottle 12 fl oz=356|bottle 23.7 fl oz=703
173181	Beverages, Protein powder soy based	388	55.56	28.89	22.22	5.56	6.7	scoop=45
173180	Beverages, Protein powder whey based	352	78.13	6.25	0	1.56	3.1	cup=97
171942	Beverages, rice milk, unsweetened	47	0.28	9.17	5.28	0.97	0.3	fl oz (approximate weight, 1 serving)=30
173182	Beverages, rich chocolate, powder	372	0	92.96	81.82	0	0	tbsp=5.5
175102	Beverages, shake, fast food, strawberry	113	3.4	18.9		2.8	0.4	fl oz=23.5|serving small 12 fl oz=282|serving medium 16 fl oz=376|serving large 21 fl oz=494
173170	Beverages, SLIMFAST, Meal replacement, High Protein Shake, Ready-To-Drink, 3-2-1 plan	61	6.59	0.85	0.6	3.38	0.4	bottle=295
173218	Beverages, SNAPPLE, tea, black and green, ready to drink, lemon, diet	2	0.1	0.1	0	0	0	
173215	Beverages, SNAPPLE, tea, black and green, ready to drink, peach, diet	2	0.1	0.1	0	0	0	
174870	Beverages, Strawberry-flavor beverage mix, powder, prepared with whole milk	88	3	12.3		3.1	0	cup (8 fl oz)=266
174155	Beverages, tea, black, brewed, prepared with distilled water	1	0	0.3		0	0	fl oz=29.6|fl oz=29.7
173227	Beverages, tea, black, brewed, prepared with tap water	1	0	0.3	0	0	0	fl oz=29.6|fl oz=29.7|cup (8 fl oz)=237
174871	Beverages, tea, black, brewed, prepared with tap water, decaffeinated	1	0	0.3	0	0	0	fl oz=29.6|fl oz=29.7|cup (8 fl oz)=237
174144	Beverages, tea, black, ready to drink	0	0	0	0	0	0	fl oz=29.6
173212	Beverages, tea, black, ready to drink, decaffeinated	38	0	8.75	7.92	0	0	cup=240
173211	Beverages, tea, black, ready to drink, decaffeinated, diet	0	0	0.83	0	0	0	cup=240
171892	Beverages, tea, black, ready-to-drink, lemon, diet	1	0	0.22	0	0	0	cup=265
171888	Beverages, tea, black, ready-to-drink, lemon, sweetened	45	0	10.8	9.49	0.22	0	cup=271
174855	Beverages, tea, black, ready-to-drink, peach, diet	1	0	0.25	0	0	0	cup=268
171910	Beverages, tea, green, brewed, decaffeinated	0	0	0	0	0	0	ml=1
171917	Beverages, tea, green, brewed, regular	1	0.22	0	0	0	0	cup=245|fl oz=29.6
174143	Beverages, tea, green, instant, decaffeinated, lemon, unsweetened, fortified with vitamin C	378	0	94.45	0	0	0	tbsp=2.2
171883	Beverages, tea, green, ready to drink, ginseng and honey, sweetened	30	0	7.16	6.87	0.18	0	cup=260
171911	Beverages, tea, green, ready to drink, unsweetened	0	0	0	0	0	0	fl oz=29.6
174121	Beverages, tea, green, ready-to-drink, citrus, diet, fortified with vitamin C	1	0	0.31	0	0	0	cup=265
171885	Beverages, tea, green, ready-to-drink, diet	4	0	0.93	0.93	0	0	cup=269
174128	Beverages, tea, green, ready-to-drink, sweetened	27	0	6.2	5.32	0.22	0	cup=270
174156	Beverages, tea, herb, brewed, chamomile	1	0	0.2	0	0	0	fl oz=29.6|fl oz=29.7|cup (8 fl oz)=237
173232	Beverages, tea, herb, other than chamomile, brewed	1	0	0.2	0	0	0	fl oz=29.6|fl oz=29.7|cup (8 fl oz)=237
171946	Beverages, tea, hibiscus, brewed	0	0	0	0	0	0	fl oz=29.6
173228	Beverages, tea, instant, decaffeinated, lemon, diet	338	3.3	85.4	1.88	0.6	0	tsp=0.8
173229	Beverages, tea, instant, decaffeinated, lemon, sweetened	401	0.12	98.55	95.29	0.73	0	serving (3 heaping tsp)=23|cup=182
174872	Beverages, tea, instant, decaffeinated, unsweetened	315	20.21	58.66	5.53	0	8.5	serving 2 tsp=0.7
173231	Beverages, tea, instant, lemon, diet	2	0.02	0.44	0.01	0	0	fl oz=29.8|serving 6 fl oz=179|serving 8 fl oz=238
175089	Beverages, tea, instant, lemon, sweetened, powder	401	0.12	98.55	95.29	0.73	0.7	serving (3 heaping tsp)=23|cup=182
175090	Beverages, tea, instant, lemon, sweetened, prepared with water	35	0.01	8.61	8.33	0.06	0.1	cup (8 fl oz)=259
175088	Beverages, tea, instant, lemon, unsweetened	345	7.4	78.52	4.52	0.18	5	tsp, rounded=1.4|tbsp, rounded=5.7
171918	Beverages, tea, instant, lemon, with added ascorbic acid	385	0.6	97.6		0.3	0	serving (3 heaping tsp)=23|cup=182
175091	Beverages, tea, instant, sweetened with sodium saccharin, lemon-flavored, powder	338	3.3	85.4	1.88	0.6	0	tsp=0.8|tbsp (1/4 cup)=3.6
173230	Beverages, tea, instant, unsweetened, powder	315	20.21	58.66	5.53	0	8.5	serving 1 tsp=0.7
174873	Beverages, tea, instant, unsweetened, prepared with water	1	0.06	0.17	0.02	0	0	fl oz=29.7|serving 6 fl oz=178|serving 8 fl oz=238
174120	Beverages, tea, Oolong, brewed	1	0	0.15	0	0	0	
174129	Beverages, tea, ready-to-drink, lemon, diet	2	0	0.41	0	0	0	cup=266|fl oz=29.6
175104	Beverages, The COCA-COLA company, DASANI, water, bottled, non-carbonated	0	0	0		0		fl oz=29.6|bottle 16.9 fl oz=500|bottle 12 fl oz=355|bottle 20 fl oz=591
173188	Beverages, The COCA-COLA company, Glaceau Vitamin Water, Revive Fruit Punch, fortified	0	0	0	0	0	0	fl oz=29.6
173179	Beverages, The COCA-COLA company, Hi-C Flashin' Fruit Punch	45	0	12.5	12.5	0	0	fl oz=29.6
171884	Beverages, The COCA-COLA company, Minute Maid, Lemonade	46	0	12.08	11.67	0	0	fl oz=30
173165	Beverages, THE COCA-COLA COMPANY, NOS energy drink, Original, grape, loaded cherry, charged citrus, fortified with vitamins B6 and B12	44	0	11.25	11.25	0	0	fl oz=30
174809	Beverages, THE COCA-COLA COMPANY, NOS Zero, energy drink, sugar-free with guarana, fortified with vitamins B6 and B12	4	0	1.03	0	0	0	fl oz=30
171915	Beverages, Tropical Punch, ready-to-drink	10	0	2.5	2.5	0	0	NLEA Serving=210|ml=1
173174	Beverages, UNILEVER, SLIMFAST Shake Mix, high protein, whey powder, 3-2-1 Plan,	433	27.87	50	20.59	13.46	18.2	scoop=26
173172	Beverages, UNILEVER, SLIMFAST Shake Mix, powder, 3-2-1 Plan	448	8.13	73.92	38.02	13.34	18.1	scoop=26
173171	Beverages, UNILEVER, SLIMFAST, meal replacement, regular, ready-to-drink, 3-2-1 Plan	57	3.32	7.74	5.95	1.93	1.6	bottle=295
171928	Beverages, V8 SPLASH Juice Drinks, Berry Blend	29	0	7.41	7.41	0		serving 8 oz=243
174162	Beverages, V8 SPLASH Juice Drinks, Diet Berry Blend	4	0	1.23	0.41	0		fl oz=30.4
174163	Beverages, V8 SPLASH Juice Drinks, Diet Fruit Medley	4	0	1.26	0.84	0		serving 8 oz=238
174164	Beverages, V8 SPLASH Juice Drinks, Diet Strawberry Kiwi	4	0	1.26	0.84	0		serving=238
171927	Beverages, V8 SPLASH Juice Drinks, Diet Tropical Blend	4	0	1.26	0.42	0		serving 8 oz=238
171929	Beverages, V8 SPLASH Juice Drinks, Fruit Medley	33	0	7.82	7.82	0		serving 8 oz=243
171930	Beverages, V8 SPLASH Juice Drinks, Guava Passion Fruit	33	0	7.82	7.82	0		serving 8 oz=243
174165	Beverages, V8 SPLASH Juice Drinks, Mango Peach	33	0	8.23	8.23	0		serving 8 oz=243
174166	Beverages, V8 SPLASH Juice Drinks, Orange Pineapple	29	0	7.41	7.41	0		serving 8 oz=243
174167	Beverages, V8 SPLASH Juice Drinks, Orchard Blend	33	0	7.82	7.82	0		serving 8 oz=243
174168	Beverages, V8 SPLASH Juice Drinks, Strawberry Banana	29	0	7.41	7.41	0		serving 8 oz=243
171931	Beverages, V8 SPLASH Juice Drinks, Strawberry Kiwi	29	0	7.41	7.41	0		serving 8 oz=243
171932	Beverages, V8 SPLASH Juice Drinks, Tropical Blend	29	0	7.41	7.41	0		serving 8 oz=243
173186	Beverages, V8 SPLASH Smoothies, Peach Mango	37	1.22	7.76	7.35	0	0	serving 8 oz=245
174829	Beverages, V8 SPLASH Smoothies, Strawberry Banana	37	1.22	8.16	7.35	0	0	serving 8 oz=245
174830	Beverages, V8 SPLASH Smoothies, Tropical Colada	41	1.22	8.54	7.32	0	0.4	serving 8 oz=246
174170	Beverages, V8 V- FUSION Juices, Acai Berry	45	0	10.98	10.57	0	0	serving 8 oz=246
171933	Beverages, V8 V-FUSION Juices, Peach Mango	49	0.41	11.38	10.57	0	0	serving 8 oz=246
171934	Beverages, V8 V-FUSION Juices, Strawberry Banana	49	0.41	11.79	10.16	0	0	serving 8 oz=246
174169	Beverages, V8 V-FUSION Juices, Tropical	49	0.41	11.38	10.16	0	0	serving 8 oz=246
174175	Beverages, vegetable and fruit juice blend, 100% juice, with added vitamins A, C, E	46	0.3	11.15	10.37	0.01	0	serving 8 oz=246
174173	Beverages, Vegetable and fruit juice drink, reduced calorie, with low-calorie sweetener, added vitamin C	4	0	1.1	0.63	0	0	serving=238
174161	Beverages, Water with added vitamins and minerals, bottles, sweetened, assorted fruit flavors	22	0	5.49	5.49	0	0	fl oz (1 NLEA serving)=29.6|serving=237
175106	Beverages, water, bottled, non-carbonated, CALISTOGA	0	0	0		0		fl oz=29.6|bottle 16.9 fl oz=500|bottle 24 fl oz=710
175107	Beverages, water, bottled, non-carbonated, CRYSTAL GEYSER	0	0	0		0		fl oz=29.6|bottle 8 fl oz=237|bottle 500 ml=500
173655	Beverages, water, bottled, non-carbonated, DANNON	0	0	0		0		fl oz=29.6|bottle 11.2 fl oz=331|bottle 500 ml=500|bottle 25 fl oz=739
171922	Beverages, water, bottled, non-carbonated, EVIAN	0	0	0		0		fl oz=29.6|bottle 11.2 fl oz=331|bottle 16.9 fl oz=500
173656	Beverages, water, bottled, non-carbonated, PEPSI, AQUAFINA	0	0	0		0		fl oz=29.6|bottle 16.9 fl oz i=500|bottle 24 fl oz=710
173233	Beverages, water, bottled, PERRIER	0	0	0		0	0	fl oz=29.6|bottle 6.5 fl oz=192|bottle 11 fl oz=325|cup 8 fl oz=237
173234	Beverages, water, bottled, POLAND SPRING	0	0	0		0	0	fl oz=29.6|bottle 16.9 fl oz=500|bottle 24 fl oz=710|bottle 8 fl oz=237
173166	Beverages, water, bottled, yumberry, pomegranate with anti-oxidants, zero calories	5	0	1.25	0	0	0	fl oz=30
173647	Beverages, water, tap, drinking	0	0	0	0	0	0	fl oz=29.6|serving 8 fl oz=237|liter=1000
175103	Beverages, water, tap, municipal	0	0	0	0	0	0	fl oz=29.6|bottle 8 fl oz=237|liter=1000|ice cube (3/4 fl oz)=21.3
175096	Beverages, water, tap, well	0	0	0		0	0	fl oz=29.6|serving 8 fl oz 8 fl oz=237|liter=1000
171924	Beverages, WENDY'S, tea, ready-to-drink, unsweetened	1	0.22	0		0		fl oz=29.6
173177	Beverages, Whey protein powder isolate	359	58.14	29.07	1.16	1.16	0	scoop=28.7
174811	Beverages, Whiskey sour mix, bottled	87	0.1	21.4	21.4	0.1	0	fl oz=32.3|fl oz=32.5
173163	Beverages, Whiskey sour mix, powder	383	0.6	97.3	97.3	0.1	0	packet=17
174157	Beverages, Wine, non-alcoholic	6	0.5	1.1	1.1	0	0	fl oz=29
174828	Beverages, yellow green colored citrus soft drink with caffeine	49	0	12.83	12.9	0	0	fl oz=29.6
174825	Beverages, ZEVIA, cola	0	0	1.13	0	0	0	can=355
174826	Beverages, ZEVIA, cola, caffeine free	0	0	1.13	0	0	0	can=355
172671	Biscuits, mixed grain, refrigerated dough	263	6.1	47.4		5.6		oz=28.4|biscuit (2-1/2" dia)=44
174902	Biscuits, plain or buttermilk, dry mix	428	8	63.4	11.65	15.4	2.1	cup, purchased=120|cup, homemade=114|cup, poured from box=128|cup, spooned into cup=120|cup (NLEA serving size)=121.2|oz=28.4
174903	Biscuits, plain or buttermilk, dry mix, prepared	335	7.3	48.4		12.1	1.8	oz=28.4
172667	Biscuits, plain or buttermilk, frozen, baked	338	6.2	53.87	3.48	11.03	1.3	oz=28.4|large=77|medium=51|small=35|biscuit (2-1/2" dia)=35
172670	Biscuits, plain or buttermilk, prepared from recipe	353	7	44.6	2.18	16.3	1.5	oz=28.4|biscuit (4" dia)=101|small (1-1/2" dia)=14|biscuit (2-1/2" dia)=60
172668	Biscuits, plain or buttermilk, refrigerated dough, higher fat	307	6.66	46.32	7.4	10.58	0.7	biscuit=58|biscuit=43|package=398|oz=28.4
172669	Biscuits, plain or buttermilk, refrigerated dough, higher fat, baked	324	6.79	49.05	8.19	11.22	2.8	biscuit=51|biscuit (2-1/2" dia)=27|oz=28.4
174904	Biscuits, plain or buttermilk, refrigerated dough, lower fat	270	6.7	43.7	7.18	7.83	2	serving 1 biscuit=58|oz=28.4
174905	Biscuits, plain or buttermilk, refrigerated dough, lower fat, baked	319	7.8	51.6	8.14	9.1	2.3	oz=28.4|biscuit (2-1/4" dia)=21
173847	Bison, ground, grass-fed, cooked	179	25.45	0	0	8.62	0	oz=28.3
175293	Bison, ground, grass-fed, raw	146	20.23	0.05	0	7.21	0	patty (cooked from 4 oz raw)=85|oz=28.4
171709	Blackberries, canned, heavy syrup, solids and liquids	92	1.31	23.1	19.7	0.14	3.4	cup=256
171710	Blackberries, frozen, unsweetened	64	1.18	15.67	10.67	0.43	5	cup, unthawed=151|package (18 oz)=510
173946	Blackberries, raw	43	1.39	9.61	4.88	0.49	5.3	cup=144
168982	Blackberries, wild, raw (Alaska Native)	52	0.84	9.84	3.65	1.07	3.2	cup=157
173947	Blackberry juice, canned	38	0.3	7.8	7.7	0.6	0.1	cup=250
171618	Blood sausage	379	14.6	1.29	1.29	34.5	0	slices=25
173948	Blueberries, canned, heavy syrup, solids and liquids	88	0.65	22.06	20.46	0.33	1.6	cup=256
168179	Blueberries, canned, light syrup, drained	88	1.04	22.66	17.45	0.4	2.6	cup=244
168158	Blueberries, dried, sweetened	317	2.5	80	67.5	2.5	7.5	cup=160
173951	Blueberries, frozen, sweetened	85	0.4	21.95	19.72	0.13	2.2	cup, thawed=230|package (10 oz)=284
173950	Blueberries, frozen, unsweetened (Includes foods for USDA's Food Distribution Program)	51	0.42	12.17	8.45	0.64	2.7	cup, unthawed=155|package (20 oz)=567
171711	Blueberries, raw	57	0.74	14.49	9.96	0.33	2.4	cup=148|berries=1.4
168180	Blueberries, wild, canned, heavy syrup, drained	107	0.56	28.32	19.28	0.34	4.9	cup=319
169799	Blueberries, wild, frozen (Alaska Native)	44	0.7	10.4		0		
173949	Blueberries, wild, frozen (Includes foods for USDA's Food Distribution Program)	57	0	13.85		0.16	4.4	cup, frozen=140
167640	Blueberries, wild, raw (Alaska Native)	61	1.22	12.31	6.46	0.76	2.6	
171619	Bockwurst, pork, veal, raw	301	14.03	2.95	1.33	25.87	1	sausage=91
172012	Bologna, beef	299	10.91	4.29	2.05	26.13	0	slice=30|serving=28
172013	Bologna, beef and pork	308	15.2	5.49	4.42	24.59	0	oz=28.4
167685	Bologna, beef and pork, low fat	230	11.5	2.6	0	19.3	0	cup pieces=138|cubic inch=14|slice, medium=28|slice, thick=43|slice, thin=14
168101	Bologna, beef, low fat	204	11.8	5.2	0	14.8	0	slice=28|cubic inch=14|slice, medium=28|slice, thick=43|slice, thin=14
173873	Bologna, chicken, pork	336	10.31	4.19	0	30.61	0	serving=28|slice=28
173872	Bologna, chicken, pork, beef	272	11.33	5.61	0	22.73	0	serving=28|slice=28
172970	Bologna, chicken, turkey, pork	298	9.88	5.65	0	26.18	0	serving=28|slice=28
171637	Bologna, meat and poultry	281	10.34	6.31	1.97	23.77	0	slice=33
173856	Bologna, pork	247	15.3	0.73	0	19.87	0	slice, medium (4-1/2" dia x 1/8" thick) (1 oz)=28|slice (4" dia x 1/8" thick)=23
174609	Bologna, pork and turkey, lite	211	13.06	3.45	0	16.06	0	serving 2 oz=56
174610	Bologna, pork, turkey and beef	336	11.56	6.66	1.35	29.25	0	oz=28.4
173857	Bologna, turkey	209	11.42	4.68	2.9	16.05	0.5	oz 1 serving=28.3|serving=28|package=454
168509	Borage, cooked, boiled, drained, with salt	25	2.09	3.55		0.81		
170482	Borage, cooked, boiled, drained, without salt	25	2.09	3.55		0.81		
170481	Borage, raw	21	1.8	3.06		0.7		cup (1" pieces)=89
171712	Boysenberries, canned, heavy syrup	88	0.99	22.31		0.12	2.6	cup=256
171713	Boysenberries, frozen, unsweetened	50	1.1	12.19	6.89	0.26	5.3	cup, unthawed=132|package (10 oz)=284
172956	Bratwurst, beef and pork, smoked	297	12.2	2	0	26.34	0	serving 2.33 oz=66
172957	Bratwurst, chicken, cooked	176	19.44	0	0	10.35	0	serving 2.96 oz=84
172958	Bratwurst, pork, beef and turkey, lite, smoked	186	14.45	1.62	1.57	13.53	0	serving 2.33 oz=66
171622	Bratwurst, pork, beef, link	323	14.3	2.98	2.98	27.8	0	link=70
171620	Bratwurst, pork, cooked	333	13.72	2.85	0	29.18	0	link cooked=85
174595	Bratwurst, veal, cooked	341	13.99	0	0	31.7	0	serving 2.96 oz=84
171621	Braunschweiger (a liver sausage), pork	327	14.5	3.1	0	28.5	0	oz=28.4|slice (2-1/2" dia x 1/4" thick)=18
174906	Bread, banana, prepared from recipe, made with margarine	326	4.3	54.6		10.5	1.1	oz=28.4|individual loaf (include Keebler Elfin Loaves)=57|slice=60
169830	Bread, blue corn, somiviki (Hopi)	186	3.1	39.84	12.94	1.53	3.6	
174907	Bread, boston brown, canned	195	5.2	43.3	2.42	1.5	4.7	oz=28.4|slice=45
171844	Bread, chapati or roti, plain, commercially prepared	297	11.25	46.36	2.72	7.45	4.9	piece=68
174075	Bread, chapati or roti, whole wheat, commercially prepared, frozen	299	7.85	46.13	2.93	9.2	9.7	piece=43
167944	Bread, cheese	408	10.42	44.83	2.08	20.83	2.1	slice=48
171849	Bread, cinnamon	253	7.05	44.38	14.11	5.29	3.5	slice 1 serving=28
174908	Bread, cornbread, dry mix, enriched (includes corn muffin mix)	418	7	69.5	20.34	12.2	6.5	oz=28.4|package (8.5 oz)=241
174909	Bread, cornbread, dry mix, prepared with 2% milk, 80% margarine, and eggs	330	6.59	54.46	16.05	9.58	2.3	muffin=51|piece=60|oz=28.4
172815	Bread, cornbread, dry mix, unenriched (includes corn muffin mix)	418	7	69.5		12.2	6.5	oz=28.4|package (8.5 oz)=241
174910	Bread, cornbread, prepared from recipe, made with low fat (2%) milk	266	6.7	43.5		7.1		oz=28.4|piece=65
172672	Bread, cracked-wheat	260	8.7	49.5		3.9	5.5	oz=28.4|cubic inch=3.2|slice, large or thick=30|slice, regular=25|slice regular, crust not eaten=12.2|slice=25|slice, thin=20|slice thin, crust not eaten=9.4
174928	Bread, crumbs, dry, grated, plain	395	13.35	71.98	6.2	5.3	4.5	oz=28.4|cup=108
172806	Bread, crumbs, dry, grated, seasoned	383	14.13	68.49	5.74	5.48	4.9	oz=28.4|cup=120
172673	Bread, egg	287	9.5	47.8	1.78	6	2.3	oz=28.4|slice (5" x 3" x 1/2")=40
172674	Bread, egg, toasted	315	10.5	52.6	1.94	6.6	2.5	oz=28.4|slice (5" x 3" x 1/2")=37
172675	Bread, french or vienna (includes sourdough)	272	10.75	51.88	4.62	2.42	2.2	oz=28.4|slice=139
174911	Bread, french or vienna, toasted (includes sourdough)	319	13	61.93	3.59	2.14	3.1	oz=28.4|slice, small=29|slice, medium=59|slice, large=88
174091	Bread, french or vienna, whole wheat	239	8.33	49.1	0	1.04	4.2	slice 1 serving=48
174099	Bread, gluten-free, white, made with potato extract, rice starch, and rice flour	320	3.13	52.83	8.36	10.7	3.5	slice=34
174100	Bread, gluten-free, white, made with rice flour, corn starch, and/or tapioca	248	4.31	45.78	3.53	5.24	4.3	slice=35
174101	Bread, gluten-free, white, made with tapioca starch and brown rice flour	298	5.4	51.15	11.3	8.02	5.5	slice=28
174102	Bread, gluten-free, whole grain, made with tapioca starch and brown rice flour	309	7.25	49.09	9.81	9.34	4.9	slice=25
174912	Bread, irish soda, prepared from recipe	290	6.6	56		5	2.6	oz=28.4
174913	Bread, Italian	259	9.49	48.11	4.69	2.73	2.1	oz=28.4|slice=29
167633	Bread, kneel down (Navajo)	195	4.29	39.47	3.74	2.21		oz=28.4
168013	Bread, multi-grain (includes whole-grain)	265	13.36	43.34	6.39	4.23	7.4	oz=28.4|slice regular=26|slice large=41
174914	Bread, multi-grain, toasted (includes whole-grain)	288	14.52	47.11	6.94	4.6	8.1	oz=28.4|slice regular=24|slice large=38
171845	Bread, naan, plain, commercially prepared, refrigerated	291	9.62	50.43	3.55	5.65	2.2	piece=90
174077	Bread, naan, whole wheat, commercially prepared, refrigerated	286	10.2	46.21	3.4	6.7	4.8	piece=106
172676	Bread, oat bran	236	10.4	39.8	7.7	4.4	4.5	oz=28.4|slice=30
172677	Bread, oat bran, toasted	259	11.4	43.7	8.46	4.8	4.9	oz=28.4|slice=27
172678	Bread, oatmeal	269	8.4	48.5	8.14	4.4	4	oz=28.4|slice=27
172679	Bread, oatmeal, toasted	292	9.2	52.7	8.84	4.8	4.3	oz=28.4|slice=25
167935	Bread, pan dulce, sweet yeast bread	367	9.42	56.38	12.5	11.58	2.3	slice (average weight of 1 slice)=63
174076	Bread, paratha, whole wheat, commercially prepared, frozen	326	6.36	45.35	4.15	13.2	9.6	piece=79
174915	Bread, pita, white, enriched	275	9.1	55.7	1.3	1.2	2.2	pita, large (6-1/2" dia)=60|pita, small (4" dia)=28
172816	Bread, pita, white, unenriched	275	9.1	55.7		1.2	2.2	oz=28.4|pita, large (6-1/2" dia)=60
174916	Bread, pita, whole-wheat	262	9.8	55.89	2.87	1.71	6.1	pita, large (6-1/2" dia)=64|pita, small (4" dia)=28
167943	Bread, potato	266	12.5	47.07	9.38	3.13	6.3	slice=32
167527	Bread, pound cake type, pan de torta salvadoran	390	7.06	51.29	18.1	17.45	1.7	serving=55|cake square=622
174917	Bread, protein (includes gluten)	245	12.1	43.8	1.44	2.2	3	oz=28.4|slice=19
172809	Bread, protein, (includes gluten), toasted	270	13.2	48.1	1.44	2.4	3.3	oz=28.4|slice=17
174918	Bread, pumpernickel	250	8.7	47.5	0.53	3.1	6.5	oz=28.4|slice, regular=26|slice, snack-size=7|slice, thin=20|slice (5" x 4" x 3/8")=32
172680	Bread, raisin, enriched	274	7.9	52.3	5.68	4.4	4.3	oz=28.4|slice, large=32|slice=26|slice, thin=23
172681	Bread, raisin, enriched, toasted	297	8.6	56.9	6.18	4.8	4.7	oz=28.4|slice, large=29|slice=24|slice, thin=21
172817	Bread, raisin, unenriched	274	7.9	52.3		4.4	4.3	oz=28.4|slice, large=32|slice=26|slice, thin=23
172682	Bread, reduced-calorie, oat bran	201	8	41.3	3.52	3.2	12	oz=28.4|slice=23
172683	Bread, reduced-calorie, oat bran, toasted	239	9.5	49.2	4.2	3.8	14.3	oz=28.4|slice=19
174919	Bread, reduced-calorie, oatmeal	210	7.6	43.3		3.5		oz=28.4|slice=23
174920	Bread, reduced-calorie, rye	203	9.1	40.5	2.29	2.9	12	oz=28.4|slice=23|slice, thick=32|slice, thin=20
174921	Bread, reduced-calorie, wheat	217	13.32	42.47	3.71	2.92	11.1	oz=28.4|slice=21
174922	Bread, reduced-calorie, white	207	8.7	44.3	4.76	2.5	9.7	oz=28.4|slice=23
174923	Bread, rice bran	243	8.9	43.5	4.67	4.6	4.9	oz=28.4|slice=27
175044	Bread, rice bran, toasted	264	9.7	47.3	5.08	5	5.3	oz=28.4|slice=25
174078	Bread, roll, Mexican, bollilo	318	10.65	55.77	3.55	5.8	2.2	piece=98
172684	Bread, rye	259	8.5	48.3	3.85	3.3	5.8	oz=28.4|slice, regular=32|slice, snack-size=7|slice, thin=25
172685	Bread, rye, toasted	284	9.4	53.1	4.23	3.6	6.4	oz=28.4|slice, large=29|slice, regular=24|slice, thin=18
167526	Bread, salvadoran sweet cheese (quesadilla salvadorena)	374	7.12	47.84	24.9	17.12	0.7	serving (approximate serving size)=55|cake square (average weight of whole item)=399
174929	Bread, sticks, plain	412	12	68.4	1.26	9.5	3	cup, small pieces=46|stick, small (approx 4-1/4" long)=5|stick (7-5/8" x 5/8")=10|stick (9-1/4" x 3/8")=6
172692	Bread, stuffing, cornbread, dry mix	389	10	76.7	13.16	4.2	14.3	oz=28.4|package (6 oz)=170
172693	Bread, stuffing, cornbread, dry mix, prepared	179	2.9	21.9	0	8.8	2.9	oz=28.4|cup=200
174930	Bread, stuffing, dry mix	386	11	76.2	8.27	3.4	3.2	oz=28.4|package (6 oz)=170
174931	Bread, stuffing, dry mix, prepared	195	2.73	18.84	2.04	12.05	0.8	oz=28.4|cup=200
172686	Bread, wheat	274	10.67	47.54	5.73	4.53	4	slice=29
171850	Bread, wheat, sprouted	188	13.16	33.88	2.63	0	5.3	slice 1 serving=38
171851	Bread, wheat, sprouted, toasted	205	14.3	36.82	2.86	0	5.7	slice 1 serving=38
172687	Bread, wheat, toasted	313	12.96	55.77	6.42	4.27	4.7	oz=28.4|slice=24
167532	Bread, white wheat	238	10.66	43.91	5	2.15	9.2	slice=28
174924	Bread, white, commercially prepared (includes soft bread crumbs)	266	8.85	49.42	5.67	3.33	2.7	slice=29|oz=28.4|cup, crumbs=45|cup, cubes=35|slice, large=30|slice=25|slice crust not eaten=12|slice, thin=20|slice thin, crust not eaten=9|slice, very thin=15
172818	Bread, white, commercially prepared, low sodium, no salt	267	8.2	49.6	4.31	3.6	2.3	oz=28.4|cup, crumbs=45|cup, cubes=35|slice, large=30|slice=25|slice, thin=20
174925	Bread, white, commercially prepared, toasted	290	9	54.5	6.2	4	2.9	oz=28.4|cup, crumbs=45|cup, cubes=42|slice, large=27|slice crust not eaten=11|slice, thin=17|slice thin, crust not eaten=8|slice, very thin=13|slice=22
172826	Bread, white, commercially prepared, toasted, low sodium no salt	293	9	54.4		4		oz=28.4|slice=23
174927	Bread, white, prepared from recipe, made with low fat (2%) milk	285	7.9	49.6		5.7	2	oz=28.4|slice=42|slice, thin (3-3/4" x 5" x 3/8")=33
174926	Bread, white, prepared from recipe, made with nonfat dry milk	274	7.7	53.6		2.6	2	oz=28.4|slice=44
172688	Bread, whole-wheat, commercially prepared	252	12.45	42.71	4.34	3.5	6	slice=32|oz=28.4
172689	Bread, whole-wheat, commercially prepared, toasted	306	16.27	51.16	5.77	4.07	7.5	oz=28.4|slice=25
172690	Bread, whole-wheat, prepared from recipe	278	8.4	51.4	3.84	5.4	6	oz=28.4|slice, regular (4" x 5" x 3/4")=46|slice, thin (3-3/4" x 5" x 3/8")=33
172691	Bread, whole-wheat, prepared from recipe, toasted	305	9.2	56.4	4.22	5.9	6.7	oz=28.4|slice=42|slice, thin (3-3/4" x 5" x 3/8")=30
171714	Breadfruit, raw	103	1.07	27.12	11	0.23	4.9	cup=220|fruit, small=384
167734	Breakfast bar, corn flake crust with fruit	376	4.4	72.8	35.1	7.5	2.1	oz=28.4|bar=37
169063	Breakfast bars, oats, sugar, raisins, coconut (include granola bar)	464	9.8	66.7	27.52	17.6	3.1	bar=43
173754	Broadbeans (fava beans), mature seeds, canned	71	5.47	12.41		0.22	3.7	cup=256
173798	Broadbeans (fava beans), mature seeds, cooked, boiled, with salt	110	7.6	19.65	1.82	0.4	5.4	cup=170
173753	Broadbeans (fava beans), mature seeds, cooked, boiled, without salt	110	7.6	19.65	1.82	0.4	5.4	cup=170
175205	Broadbeans (fava beans), mature seeds, raw	341	26.12	58.29	5.7	1.53	25	cup=150|tbsp=9.4
169328	Broadbeans, immature seeds, cooked, boiled, drained, with salt	62	4.8	10.1		0.5		
170378	Broadbeans, immature seeds, cooked, boiled, drained, without salt	62	4.8	10.1		0.5	3.6	
170377	Broadbeans, immature seeds, raw	72	5.6	11.7		0.6	4.2	cup=109|broadbean=8
170382	Broccoli raab, cooked	25	3.83	3.12	0.62	0.52	2.8	NLEA serving=85|bunch cooked=437
170381	Broccoli raab, raw	22	3.17	2.85	0.38	0.49	2.7	cup chopped=40|stalk=19
169392	Broccoli, chinese, cooked	22	1.14	3.81	0.84	0.72	2.5	cup=88
169404	Broccoli, chinese, raw	26	1.2	4.67	0.88	0.76	2.6	
168510	Broccoli, cooked, boiled, drained, with salt	35	2.38	7.18	1.39	0.41	3.3	cup, chopped=156|stalk, large (11"-12" long)=280|stalk, medium (7-1/2" - 8" long)=180|stalk, small (5" long)=140|spear (about 5" long)=37
169967	Broccoli, cooked, boiled, drained, without salt	35	2.38	7.18	1.39	0.41	3.3	cup, chopped=156|stalk, large (11"-12" long)=280|stalk, medium (7-1/2" - 8" long)=180|stalk, small (5" long)=140|spear (about 5" long)=37
169330	Broccoli, flower clusters, raw	28	2.98	5.06	1.48	0.35	2.3	cup flowerets=71|floweret=11
168511	Broccoli, frozen, chopped, cooked, boiled, drained, with salt	28	3.1	5.35	1.47	0.12	3	cup=184
169969	Broccoli, frozen, chopped, cooked, boiled, drained, without salt	28	3.1	5.35	1.47	0.12	3	cup=184
169968	Broccoli, frozen, chopped, unprepared	26	2.81	4.78	1.35	0.29	3	cup=156|package (10 oz)=284
168512	Broccoli, frozen, spears, cooked, boiled, drained, with salt	28	3.1	5.35	1.44	0.11	3	cup=184|package (10 oz) yields=250
170380	Broccoli, frozen, spears, cooked, boiled, drained, without salt	28	3.1	5.36	1.47	0.11	3	cup=184|package (10 oz) yields=250
169970	Broccoli, frozen, spears, unprepared (Includes foods for USDA's Food Distribution Program)	29	3.06	5.35	1.47	0.34	3	package (10 oz)=287.9|package (10 oz)=284|package (2 lb)=907
169329	Broccoli, leaves, raw	28	2.98	5.06	1.48	0.35	2.3	
170379	Broccoli, raw	34	2.82	6.64	1.7	0.37	2.6	cup chopped=91|bunch=608|spear (about 5" long)=31|stalk=151|cup, chopped or diced=88|NLEA serving=148
169331	Broccoli, stalks, raw	28	2.98	5.24		0.35		stalk=114
168513	Brussels sprouts, cooked, boiled, drained, with salt	36	2.55	7.1	1.74	0.5	2.6	sprout=21|cup=156
169971	Brussels sprouts, cooked, boiled, drained, without salt	36	2.55	7.1	1.74	0.5	2.6	sprout=21|cup=156
169332	Brussels sprouts, frozen, cooked, boiled, drained, with salt	42	3.64	8.32	2.08	0.39	4.1	cup=155
169973	Brussels sprouts, frozen, cooked, boiled, drained, without salt	42	3.64	8.32	2.08	0.39	4.1	cup=155
169972	Brussels sprouts, frozen, unprepared	41	3.78	7.86	2.03	0.41	3.8	package (10 oz)=287.9|package (10 oz)=284|package (2 lb)=907
170383	Brussels sprouts, raw	43	3.38	8.95	2.2	0.3	3.8	cup=88|sprout=19
170286	Buckwheat	343	13.25	71.5		3.4	10	cup=170
170687	Buckwheat flour, whole-groat	335	12.62	70.59	2.6	3.1	10	cup=120
170686	Buckwheat groats, roasted, cooked	92	3.38	19.94	0.9	0.62	2.7	cup=168
170685	Buckwheat groats, roasted, dry	346	11.73	74.95		2.71	10.3	cup=164
167651	Buffalo, free range, top round steak, cooked (Shoshone Bannock)	146	32.51	0		1.8		
167649	Buffalo, free range, top round steak, raw (Shoshone Bannock)	97	21.44	0		1.3		
170287	Bulgur, cooked	83	3.08	18.58	0.1	0.24	4.5	cup=182|tbsp=8.4
170688	Bulgur, dry	342	12.29	75.87	0.41	1.33	12.5	cup=140
169333	Burdock root, cooked, boiled, drained, with salt	88	2.09	21.15	3.55	0.14	1.8	cup (1" pieces)=125|root=166
170384	Burdock root, cooked, boiled, drained, without salt	88	2.09	21.15	3.55	0.14	1.8	cup (1" pieces)=125|root=166
169974	Burdock root, raw	72	1.53	17.34	2.9	0.15	3.3	cup (1" pieces)=118|root=156
170329	BURGER KING, Cheeseburger	286	14.57	23.71	4.49	14.81	1	item=133
170731	BURGER KING, Chicken Strips	292	18.2	20.49	0	15.25	1.3	strip=36|serving 5 pieces=173
172076	BURGER KING, CROISSAN'WICH with Egg and Cheese	283	10.35	24.79	4.03	15.78	0.7	item=110
173316	BURGER KING, CROISSAN'WICH with Sausage and Cheese	376	13.73	23	3.36	25.45	0.7	item=131
173315	BURGER KING, CROISSAN'WICH with Sausage, Egg and Cheese	308	12.09	15.9	3.12	21.78	1.8	sandwich=171
170374	BURGER KING, Double Cheeseburger	282	16.83	17.43	4.17	16.13		sandwich=162
170729	BURGER KING, DOUBLE WHOPPER, no cheese	252	13.94	13.74	3.52	15.66	1.4	item=374
170730	BURGER KING, DOUBLE WHOPPER, with cheese	266	14.47	13.52	3.61	17.06	1.6	item=399
170327	BURGER KING, french fries	280	3.23	38.7	0.51	12.48	2.9	small serving=74|medium serving=117|large serving=160
172077	BURGER KING, french toast sticks	349	6	41.21	9.89	17.74	1.4	stick=21|serving 5 sticks=107
170328	BURGER KING, Hamburger	261	14.85	26.76	5.6	10.55	1	sandwich=99
172078	BURGER KING, Hash Brown Rounds	302	2.8	29.37	0.63	19.3	2.3	piece=5.6|serving=160
170771	BURGER KING, Onion Rings	417	3.86	43.58	5.43	25.23	2.7	small=91|medium=117|large=142
170331	BURGER KING, Original Chicken Sandwich	286	12.14	26.22	3.02	14.69	2.4	sandwich=199
170330	BURGER KING, Premium Fish Sandwich	260	10.29	26.69	3.53	12.45	0.9	sandwich=220
170700	BURGER KING, Vanilla Shake	168	3.19	19.03	11.67	8.74	0	fl oz=24.8|small 12 fl oz=298|medium 16 fl oz=397
170727	BURGER KING, WHOPPER, no cheese	233	10.74	18.55	4.22	12.84	1.8	item=291
170728	BURGER KING, WHOPPER, with cheese	250	11.19	16.7	4.11	15.33	1	item=316
173336	Burrito, bean and cheese, frozen	221	7.07	34.01	3.21	6.3	3.4	burrito=129
173335	Burrito, beef and bean, frozen	239	7.26	30.84	0.7	9.61	4.2	burrito frozen=139|oz=28.4
172102	Burrito, beef and bean, microwaved	298	8.73	38.95	1.36	11.94	6.9	burrito cooked=116|oz=28.4
173412	Butter oil, anhydrous	876	0.28	0	0	99.48	0	tbsp=12.8|cup=205
169894	Butter replacement, without fat, powder	373	2	89	5.3	1	0	cup=80
171314	Butter, Clarified butter (ghee)	900	0	0	0	100	0	
173581	Butter, light, stick, with salt	499	3.3	0	0	55.1	0	tablespoon=14
172344	Butter, light, stick, without salt	499	3.3	0	0	55.1	0	tablespoon=14
173410	Butter, salted	717	0.85	0.06	0.06	81.11	0	pat (1" sq, 1/3" high)=5|tbsp=14.2|cup=227|stick=113
173411	Butter, whipped, with salt	731	0.49	0	0.06	78.3	0	pat (1" sq, 1/3" high)=3.8|tbsp=9.4|cup=151|stick=76
173430	Butter, without salt	717	0.85	0.06	0.06	81.11	0	pat (1" sq, 1/3" high)=5|tbsp=14.2|cup=227|stick=113
170385	Butterbur, (fuki), raw	14	0.39	3.61		0.04		cup=94|petiole=5
170387	Butterbur, canned	3	0.11	0.38		0.13		cup, chopped=124|stalks=15
169334	Butterbur, cooked, boiled, drained, with salt	8	0.23	2.16		0.02		
170386	Butterbur, cooked, boiled, drained, without salt	8	0.23	2.16		0.02		
168517	Cabbage, chinese (pak-choi), cooked, boiled, drained, with salt	12	1.56	1.78	0.83	0.16	1	cup, shredded=170
170391	Cabbage, chinese (pak-choi), cooked, boiled, drained, without salt	12	1.56	1.78	0.83	0.16	1	cup, shredded=170
170390	Cabbage, chinese (pak-choi), raw	13	1.5	2.18	1.18	0.2	1	cup, shredded=70|head=840|leaf=14
169337	Cabbage, chinese (pe-tsai), cooked, boiled, drained, with salt	14	1.5	2.41		0.17	1.7	cup, shredded=119|leaf=14
169980	Cabbage, chinese (pe-tsai), cooked, boiled, drained, without salt	14	1.5	2.41		0.17	1.7	cup, shredded=119|leaf=14
169979	Cabbage, chinese (pe-tsai), raw	16	1.2	3.23	1.41	0.2	1.2	cup, shredded=76
169335	Cabbage, common (danish, domestic, and pointed types), freshly harvest, raw	24	1.21	5.37		0.18	2.3	cup, shredded=70|head=908
169336	Cabbage, common (danish, domestic, and pointed types), stored, raw	24	1.21	5.37		0.18	2.3	cup, shredded=70|head=908
168514	Cabbage, common, cooked, boiled, drained, with salt	23	1.27	5.51	2.79	0.06	1.9	cup, shredded=150|head=1262
169976	Cabbage, cooked, boiled, drained, without salt	23	1.27	5.51	2.79	0.06	1.9	cup, shredded=150|head=1262
169890	Cabbage, japanese style, fresh, pickled	30	1.6	5.67	1.3	0.1	3.1	cup=150
170392	Cabbage, kimchi	15	1.1	2.4	1.06	0.5	1.6	cup=150
169891	Cabbage, mustard, salted	28	1.1	5.63	1.4	0.1	3.1	cup=128
168572	Cabbage, napa, cooked	12	1.1	2.23		0.17		cup=109
169975	Cabbage, raw	25	1.28	5.8	3.2	0.1	2.5	cup, chopped=89|cup, shredded=70|head, large (about 7" dia)=1248|leaf, large=33|head, medium (about 5-3/4" dia)=908|leaf, medium=23|head, small (about 4-1/2" dia)=714|leaf=15
168515	Cabbage, red, cooked, boiled, drained, with salt	29	1.51	6.94	3.32	0.09	2.6	leaf=22|cup, shredded=150
169978	Cabbage, red, cooked, boiled, drained, without salt	29	1.51	6.94	3.32	0.09	2.6	leaf=22|cup, shredded=150
169977	Cabbage, red, raw	31	1.43	7.37	3.83	0.16	2.1	cup, chopped=89|cup, shredded=70|head, large (about 5-1/2" dia)=1134|leaf=23|head, medium (about 5" dia)=839|head, small (4" dia)=567
168516	Cabbage, savoy, cooked, boiled, drained, with salt	24	1.8	5.41		0.09	2.8	cup, shredded=145
170389	Cabbage, savoy, cooked, boiled, drained, without salt	24	1.8	5.41		0.09	2.8	cup, shredded=145
170388	Cabbage, savoy, raw	27	2	6.1	2.27	0.1	3.1	cup, shredded=70
172694	Cake, angelfood, commercially prepared	258	5.9	57.8		0.8	1.5	piece (1/12 of 12 oz cake)=28|cake (9" dia x 4")=340
172695	Cake, angelfood, dry mix, prepared	257	6.1	58.7	30.51	0.3	0.2	piece (1/12 of 10" dia)=50|tube cake (10" dia, 4-3/8" high)=596
172696	Cake, boston cream pie, commercially prepared	252	2.4	42.9	36.11	8.5	1.4	oz=28.4|piece (1/6 of pie)=92
172711	Cake, cheesecake, commercially prepared	321	5.5	25.5	21.8	22.5	0.4	oz=28.4|piece (1/6 of 17 oz cake)=80|piece (1 NLEA serving)=125
172712	Cake, cheesecake, prepared from mix, no-bake type	274	5.5	35.5		12.7	1.9	oz=28.4|piece (1/12 of 9" dia)=99
174933	Cake, cherry fudge with chocolate frosting	264	2.4	38	32.94	12.5	0.5	oz=28.4|piece (1/8 cake)=71
174934	Cake, chocolate, commercially prepared with chocolate frosting, in-store bakery	389	3.48	52.84	39.96	20.05	2.2	piece (1/12 of a cake)=138|cake=1660|piece (1/8 of 18 oz cake)=64|oz=28.4
172697	Cake, chocolate, prepared from recipe without frosting	371	5.3	53.4		15.1	1.6	piece (1/12 of 9" dia)=95|cake, 2-layer (8" or 9" dia)=1137
172699	Cake, coffeecake, cheese	339	7	44.3		15.2	1	oz=28.4|piece (1/6 of 16 oz cake)=76
172700	Cake, coffeecake, cinnamon with crumb topping, commercially prepared, enriched	418	6.8	46.7		23.3	2	oz=28.4|individual cake=57|piece (1/9 of 20 oz cake)=63
175052	Cake, coffeecake, cinnamon with crumb topping, commercially prepared, unenriched	418	6.8	46.7		23.3	2	oz=28.4|individual cake=57|piece (1/9 of 20 oz cake)=63
174938	Cake, coffeecake, cinnamon with crumb topping, dry mix, prepared	318	5.5	52.8	29.53	9.6	1.2	oz=28.4|piece (1/8 of 8" x 5-3/4" cake)=56
174936	Cake, coffeecake, creme-filled with chocolate frosting	331	5	53.8		10.8	2	oz=28.4|piece (1/6 of 19 oz cake)=90
174937	Cake, coffeecake, fruit	311	5.2	51.5		10.2	2.5	oz=28.4|piece (1/8 cake)=50
174939	Cake, fruitcake, commercially prepared	324	2.9	61.6	27.42	9.1	3.7	oz=28.4|piece=43
172701	Cake, gingerbread, dry mix	437	4.4	74.6	46.62	13.8	1.7	oz=28.4|package (14.5 oz)=411
172702	Cake, gingerbread, prepared from recipe	356	3.9	49.2		16.4		oz=28.4|piece (1/9 of 8" square)=74
172703	Cake, pineapple upside-down, prepared from recipe	319	3.5	50.5		12.1	0.8	oz=28.4|piece (1/9 of 8" square)=115
167937	Cake, pound, Bimbo Bakeries USA, Panque Casero, home baked style	418	6.62	48.94	28.77	21.7	1	slice=39|loaf=311
172704	Cake, pound, commercially prepared, butter (includes fresh and frozen)	353	5	53.64	33.36	13.96	0.6	loaf 1/6 of the loaf=381.2|piece individually wrapped cake=49
173243	Cake, pound, commercially prepared, fat-free	283	5.4	61	34.34	1.2	1.1	oz=28.4|cake=340
174940	Cake, pound, commercially prepared, other than all butter, enriched	389	5.2	52.5		17.9	1	piece (1/10 of 10.6 oz cake)=30|piece (1/12 of 12 oz cake)=28|snack cake (2.5 oz)=71
175053	Cake, pound, commercially prepared, other than all butter, unenriched	389	5.2	52.5		17.9	1	piece (1/10 of 10.6 oz cake)=30|piece (1/12 of 12 oz cake)=28|snack cake (2.5 oz)=71
174932	Cake, pudding-type, carrot, dry mix	415	5.1	79.2		9.8		oz=28.4|package (18 oz)=510
174935	Cake, pudding-type, chocolate, dry mix	391	4.6	80.16	39.53	8.14	2.3	oz=28.4|package (18.25 oz)=517
172708	Cake, pudding-type, white, enriched, dry mix	423	3.9	80.9	48.95	9.5	0.7	oz=28.4|package (18.50 oz)=524
175054	Cake, pudding-type, white, unenriched, dry mix	423	3.9	81		9.5	0.7	oz=28.4|package (18.50 oz)=524
174946	Cake, pudding-type, yellow, dry mix	423	4	80	44.21	9.8	0.7	oz=28.4|package (18.50 oz)=524
174941	Cake, shortcake, biscuit-type, prepared from recipe	346	6.1	48.5		14.2		oz=28.4
174942	Cake, snack cakes, creme-filled, chocolate with frosting	399	3.63	60.31	37.76	15.93	3.2	oz=28.4|cupcake=50
174082	Cake, snack cakes, creme-filled, chocolate with frosting, low-fat, with added fiber	409	3.71	69.37	33.42	13	14.9	cake 1 serving=27
174943	Cake, snack cakes, creme-filled, sponge	374	3.47	64.03	37.3	11.54	1	oz=28.4|cake=42
171839	Cake, snack cakes, not chocolate, with icing or filling, low-fat, with added fiber	412	3.71	74.3	29.71	11.14	14.9	cake 1 serving=27
172706	Cake, sponge, commercially prepared	290	5.4	61	36.66	2.7	0.5	oz=28.4|piece (1/12 of 16 oz cake)=38
172707	Cake, sponge, prepared from recipe	297	7.3	57.7		4.3		oz=28.4|piece (1/12 of 10 inch cake)=63
172705	Cake, white, dry mix, special dietary (includes lemon-flavored)	397	3	79.6		8.4		oz=28.4|package (8 oz)=227
172698	Cake, white, prepared from recipe with coconut frosting	356	4.4	63.2	57.39	10.3	1	oz=28.4|piece (1/12 of 9" dia)=112
172709	Cake, white, prepared from recipe without frosting	357	5.4	57.2	35.49	12.4	0.8	piece (1/12 of 9" dia)=74|cake, 2-layer (8" or 9" dia)=887
174944	Cake, yellow, commercially prepared, with chocolate frosting, in-store bakery	379	3.16	55.36	39.22	17.75	1.5	piece (1/12 of a cake)=144|cake=1729|piece (1/8 of 18 oz cake)=64|oz=28.4
174945	Cake, yellow, commercially prepared, with vanilla frosting	391	2.99	56.2	41.79	17.91	0.3	serving=67|oz=28.4
174947	Cake, yellow, enriched, dry mix	374	3.7	81.92	43.29	3.5	1.2	serving=43|package (18.50 oz)=524|oz=28.4
173244	Cake, yellow, light, dry mix	404	4.7	84.1		5.5	1.3	oz=28.4|package (18.50 oz)=524
172710	Cake, yellow, prepared from recipe without frosting	361	5.3	53		14.6	0.7	piece (1/12 of 8" dia)=68|cake, 2-layer (8" dia)=817
175055	Cake, yellow, unenriched, dry mix	432	4.4	78.1		11.6	1.1	oz=28.4|package (18.50 oz)=524
174548	CAMPBELL'S CHUNKY, Classic Chicken Noodle Soup	47	3.41	5.41	0.41	1.3	1	cup=243|can=526
174552	CAMPBELL'S CHUNKY, Hearty Beef Barley Soup	56	2.89	8.98	1.17	0.92	1	cup=206|can=527
174556	CAMPBELL'S CHUNKY, New England Clam Chowder	81	2.46	9.01	0	3.85	1.2	cup=251|can=519
172912	CAMPBELL'S CHUNKY, Old Fashioned Vegetable Beef Soup	49	3.16	6.24	1.15	1.23	1.3	cup=247|can=529
171556	CAMPBELL'S, Chicken Noodle Soup, condensed	47	2.37	5.97	0	1.53		cup=246
172901	CAMPBELL'S, Cream of Mushroom Soup, condensed	81	1.29	6.59	0.4	5.5	0.6	cup condensed=258
174547	CAMPBELL'S, Tomato Soup, condensed	71	1.46	15.22	8.23	0.44	1.1	cup condensed=248
173634	Canada Goose, breast meat only, skinless, raw	133	24.31	0	0	4.02	0	oz=28.3|breast=635|bird=4405
168383	Canadian bacon, cooked, pan-fried	146	28.31	1.8	1.2	2.78	0	slice=13.8
167869	Canadian bacon, unprepared	110	20.31	1.34	0.9	2.62	0	oz=28.3|slices (6 per 6-oz pkg.)=28.5|package (6 oz)=170
167781	Candied fruit	322	0.34	82.74	80.68	0.07	1.6	
167985	Candies, 5TH AVENUE Candy Bar	482	8.78	62.68	47.19	23.98	3.1	bar 2 oz=56|bar snack size=16
167562	Candies, ALMOND JOY Candy Bar	479	4.13	59.51	48.34	26.93	5	package 1.76 oz=49|bar snack size=19
167972	Candies, butterscotch	391	0.03	90.4	80.46	3.3	0	oz=28.4|pieces=5.3
167975	Candies, CARAMELLO Candy Bar	462	6.19	63.81	56.92	21.19	1.2	bar 1.25 oz=35|bar 1.6 oz=45|blocks=7.2
167974	Candies, caramels	382	4.6	77	65.5	8.1	0	package (2.5 oz)=71|piece=10.1
167566	Candies, caramels, chocolate-flavor roll	387	1.59	87.73	56.32	3.31	0.1	piece=6.6|bar 2.25 oz=64|serving 6 pieces=40
167973	Candies, carob, unsweetened	540	8.15	56.29	34.11	31.36	3.8	oz=28.4|bar (3 oz)=87
169059	Candies, chocolate covered, caramel with nuts	470	9.5	60.67	41.35	21	4.3	piece=14
169881	Candies, chocolate covered, low sugar or low calorie	590	12.39	37.68	14.63	43.27	3.5	serving=36
170274	Candies, chocolate, dark, NFS (45-59% cacao solids 90%; 60-69% cacao solids 5%; 70-85% cacao solids 5%)	550	5.09	59.97	46.14	32.2	7.2	oz=28.4|bar=127
170282	Candies, coconut bar, not chocolate covered	481	2.13	55.87	36.16	27.65	6.4	bar=47
167980	Candies, confectioner's coating, butterscotch	539	2.2	67.1	67.1	29.05	0	cup chips=170|oz=28.4
167570	Candies, confectioner's coating, peanut butter	529	18.3	46.88	38.3	29.8	5	cup chips=168|oz=28.4
167569	Candies, confectioner's coating, yogurt	522	5.87	63.94	62.36	27	0	cup chips=170
170275	Candies, crispy bar with peanut butter filling	542	9.53	55.53	40.33	31.34	3.3	serving 1.5 oz=42
169634	Candies, dark chocolate coated coffee beans	540	7.5	59.95	42.5	30	7.5	serving 28 pieces=40
168846	Candies, divinity, prepared-from-recipe	364	1.32	89.05	78.96	0.06	0	piece=11
167986	Candies, fondant, prepared-from-recipe	373	0	93.18	88.9	0.02	0	oz=28.4
170279	Candies, fruit snacks, with high vitamin C	352	0.08	87.97	68.18	0	0	serving=44
169669	Candies, fudge, chocolate marshmallow, prepared-from-recipe	453	2.26	71.34	64.06	17.48	1.7	piece=20|recipe yield (60 pieces)=1229
168817	Candies, fudge, chocolate marshmallow, with nuts, prepared-by-recipe	474	3.24	67.69		21.11	2.1	oz=28.4
167987	Candies, fudge, chocolate, prepared-from-recipe	410	2.39	76.7	73.12	10.41	1.7	piece=17
167988	Candies, fudge, chocolate, with nuts, prepared-from-recipe	460	4.38	68.15	63.37	18.93	2.5	oz=28.4
167578	Candies, fudge, peanut butter, prepared-from-recipe	387	3.78	77.75	73.36	6.59	0.7	piece=16
167580	Candies, fudge, vanilla with nuts	435	3	74.61	71	13.69	0.9	oz=28.4
167579	Candies, fudge, vanilla, prepared-from-recipe	383	1.05	82.15	79.77	5.45	0	oz=28.4
169061	Candies, gum drops, no sugar or low calorie (sorbitol)	354	0	88.1	70	0.2	0	cup=182|piece=5
167989	Candies, gumdrops, starch jelly pieces	396	0	98.9	58.97	0	0.1	cup gumdrops=182|gumdrops=3.6|gummy bears=2.2|gummy dinosaurs=6.3|gummy fish=5|gummy worms=7.4|spice stick=9.5|spice drop=24|gumdrop, small (1/2" dia)=3.2|gumdrop, medium (3/4" dia)=4.2|gumdrop, large (1" dia)=11.6|jelly ring (1-1/4" dia)=10
167996	Candies, halavah, plain	469	12.49	60.49		21.52	4.5	oz=28.4
167990	Candies, hard	394	0	98	62.9	0.2	0	oz=28.4|piece=6|piece, small=3
169880	Candies, hard, dietetic or low calorie (sorbitol)	394	0	98.6	0	0	0	piece=3
168801	Candies, HEATH BITES	530	3.94	63.39	60.02	30.38	2	pieces=2.6
167979	Candies, HERSHEY'S GOLDEN ALMOND SOLITAIRES	569	11.97	46.85	37.13	37.13	4.4	pieces=3.2
169622	Candies, HERSHEY'S MILK CHOCOLATE WITH ALMOND BITES	568	9.76	51.72	44.59	35.73	3.6	pieces=2.3
169579	Candies, HERSHEY'S POT OF GOLD Almond Bar	577	12.82	44.89	38.46	38.46	3.8	bar 2.8 oz=78
168757	Candies, HERSHEY'S SKOR Toffee Bar	541	3.13	63.73	59.89	30.37	1.3	bar 1.4 oz=39
169627	Candies, HERSHEY'S, ALMOND JOY BITES	563	5.58	57.54	51.71	34.5	4.3	pieces=2.2
169629	Candies, HERSHEY, KIT KAT BIG KAT Bar	520	6.24	63.64	53.96	27.84	1.9	bar 1.94 oz=55|bar king size 2.8 oz=79
169628	Candies, HERSHEY, REESESTICKS crispy wafers, peanut butter, milk chocolate	521	9.53	55.38	40.33	31.34	3.3	serving 1.5 oz=42
170680	Candies, HERSHEYS, PAYDAY Bar	490	13.44	52.88	40.32	25	3.8	serving=52
167546	Candies, honey-combed, with peanut butter	473	8.72	67.41	62.68	20.18	1.9	serving=40
167991	Candies, jellybeans	375	0	93.55	70	0.05	0.2	small=1.1|large (1 oz)=2.8
167992	Candies, KIT KAT Wafer Bar	518	6.51	64.59	48.68	25.99	1	bar (1.5 oz)=42|bar, miniature (.35 oz)=10|bar (1.625 oz)=46|bar (2.8 oz)=78|bar (3.375 oz)=96
167993	Candies, KRACKEL Chocolate Bar	523	6.62	64.34	52.53	26.58	2.2	bar 1.45 oz=41|bar 2 oz=56|blocks=12.3
170676	Candies, M&M MARS 3 MUSKETEERS Truffle Crisp	538	6.41	63.15	57.69	28.85	0	serving=31
170678	Candies, M&M MARS Pretzel Chocolate Candies	447	5	72.94	50	15	2.5	cup=160
168767	Candies, MARS SNACKFOOD US, 3 MUSKETEERS Bar	436	2.6	77.77	66.89	12.75	1.5	serving 2.13 oz bar=60|serving 2 fun size bars=28
169652	Candies, MARS SNACKFOOD US, COCOAVIA Blueberry and Almond Chocolate Bar	525	6.35	60.37	38.99	28.68	9.1	serving 0.78 oz bar=22
169651	Candies, MARS SNACKFOOD US, COCOAVIA Chocolate Bar	539	5.81	62.99	39.19	29.3	8.7	serving 0.78 oz bar=22
170670	Candies, MARS SNACKFOOD US, COCOAVIA Chocolate Covered Almonds	573	9.51	50.22	26.92	37.07	10.4	serving 1oz pack=28
169653	Candies, MARS SNACKFOOD US, COCOAVIA Crispy Chocolate Bar	517	8.21	62.06	34.96	26.23	7.8	serving 0.7 oz bar=20
168805	Candies, MARS SNACKFOOD US, DOVE Dark Chocolate	520	5.19	59.4	46.27	32.45	7.6	serving 1.3 oz bar=37|serving 7 pieces=42
168804	Candies, MARS SNACKFOOD US, DOVE Milk Chocolate	546	5.94	59.78	55.45	31.72	2.4	serving 1.30 oz bar=37|serving 5 pieces=40
168108	Candies, MARS SNACKFOOD US, M&M's Almond Chocolate Candies	522	7.53	60.5	49.22	27.76	5.6	serving 1.31 oz bag=37|serving about 1/4 cup=42|cup=195|piece=3.4
168814	Candies, MARS SNACKFOOD US, M&M's Crispy Chocolate Candies	475	4.28	72.4	58.94	19.32	2	serving 1.6 oz bag=47
169583	Candies, MARS SNACKFOOD US, M&M's Milk Chocolate Candies	492	4.33	71.19	63.68	21.13	2.8	package (1.69 oz)=48|box (1.48 oz)=42|cup=208|serving=21|pieces=0.7
169591	Candies, MARS SNACKFOOD US, M&M's MINIs Milk Chocolate Candies	502	4.78	68.4	62.54	23.36	2.7	serving 1.0 oz tube=30|serving 0.50 oz box=15|serving 1 1.94 oz tube=55
167689	Candies, MARS SNACKFOOD US, M&M's Peanut Butter Chocolate Candies	529	10.16	56.89	47.15	29.32	4	serving 1.63 oz singles bag=46|cup=203|piece=2.2
169582	Candies, MARS SNACKFOOD US, M&M's Peanut Chocolate Candies	515	9.57	60.48	50.75	26.13	3.7	serving 1 singles bag=54|package fun size=18|pieces=2|cup=170
167994	Candies, MARS SNACKFOOD US, MARS Almond Bar	467	8.1	62.7	52.1	23	2	bar (1.76 oz)=50
168756	Candies, MARS SNACKFOOD US, MILKY WAY Bar	456	4.01	71.17	59.69	17.23	1	serving 2.05 oz bar=58|bar fun size=17|piece miniature 5 pieces - serving=8.2|bar king size=103
168806	Candies, MARS SNACKFOOD US, MILKY WAY Caramels, milk chocolate covered	463	4.28	68.49	58.65	19.17	0.7	serving 5 pieces=44
168807	Candies, MARS SNACKFOOD US, MILKY WAY Caramels. dark chocolate covered	458	3.82	67.56	54.08	20.42	2.8	serving 5 pieces=44
167701	Candies, MARS SNACKFOOD US, MILKY WAY Midnight Bar	443	3.2	71.22	57.81	17.5	2.9	serving 1.76 oz bar=50|bar fun size=19|serving 5 miniatures=41
169645	Candies, MARS SNACKFOOD US, POP'ABLES 3 MUSKETEERS Brand Bite Size Candies	443	2.59	75.94	67	15.17	1.3	serving 15 pieces=41
169644	Candies, MARS SNACKFOOD US, POP'ABLES MILKY WAY Brand Bite Size Candies	463	3.3	71.85	61.08	18	1	serving 13 pieces=39
169643	Candies, MARS SNACKFOOD US, POP'ABLES SNICKERS Brand Bite Size Candies	480	7.15	61.07	51.69	24.32	2.3	serving 13 pieces=39
168843	Candies, MARS SNACKFOOD US, SKITTLES Original Bite Size Candies	405	0.19	90.78	75.84	4.37	0	serving 2.17 oz pack=62|cup=205|pieces=1.1|package fun size=20
168842	Candies, MARS SNACKFOOD US, SKITTLES Sours Original	401	0.18	91.02	73.16	4	0	serving 1.80 oz bag=51
169667	Candies, MARS SNACKFOOD US, SKITTLES Tropical Bite Size Candies	405	0.19	90.77	75.76	4.34	0	serving 2.1 oz bag=62|serving fun size bag=20
168840	Candies, MARS SNACKFOOD US, SKITTLES Wild Berry Bite Size Candies	402	0.19	90.76	75.92	4.25	0	serving 2.1 oz bag=62|serving fun size bag=20
168818	Candies, MARS SNACKFOOD US, SNICKERS Almond bar	472	5.4	64.67	53.93	22.4	2.6	serving 1.76 oz bar=50
169589	Candies, MARS SNACKFOOD US, SNICKERS Bar	491	7.53	61.51	50.47	23.85	2.3	bar (2 oz)=57|bar, fun size=15|bar, king size (4 oz)=113
169663	Candies, MARS SNACKFOOD US, SNICKERS CRUNCHER	488	6.86	62.85	46.54	24.38	1.9	serving 1.66 oz bar=47|bar fun size=15|serving 1.56 oz bar=44
169639	Candies, MARS SNACKFOOD US, SNICKERS MUNCH bar	536	15.25	43.64	30.87	36.22	4.7	serving 1.42 oz bar=40
169646	Candies, MARS SNACKFOOD US, STARBURST Fruit Chews, Fruit and Creme	408	0.41	82.43	57.98	8.36	0	serving fun size (8 chews)=40
169590	Candies, MARS SNACKFOOD US, STARBURST Fruit Chews, Original fruits	408	0.41	82.57	58.12	8.21	0	serving fun size (8 chews)=40|serving 2.07 oz pack=59|piece=5
168823	Candies, MARS SNACKFOOD US, STARBURST Fruit Chews, Tropical fruits	409	0.41	82.76	58.18	8.31	0	serving fun size (8 chews)=40|serving 2.07 oz pack=59|piece=5
169647	Candies, MARS SNACKFOOD US, STARBURST Sour Fruit Chews	400	0.39	79.73	56.1	7.78	0	serving 2.07 oz pack=59
168768	Candies, MARS SNACKFOOD US, TWIX Caramel Cookie Bars	502	4.91	64.8	48.25	24.85	1.1	package (2 oz)=57|package (2.06 oz, 2 bars)=58|package, king size (3.35 oz, 4 bars)=95|package (11 oz)=312
168102	Candies, MARS SNACKFOOD US, TWIX chocolate fudge cookie bars	553	7.3	56	53	33.3	3	cookie 2011 label=25.5
168769	Candies, MARS SNACKFOOD US, TWIX Peanut Butter Cookie Bars	547	9.18	54.14	36.13	32.67	3.1	package (1.89 oz, 2 bars)=54|package (2.06 oz, 2 bars)=58|package (1.77 oz)=50|package (9.43 oz)=267
167995	Candies, marshmallows	318	1.8	81.3	57.56	0.2	0.1	cup of miniature=50|miniatures=0.7|regular=7.2
167587	Candies, milk chocolate	535	7.65	59.4	51.5	29.66	3.4	bar, miniature=7|bar (1.55 oz)=44|cup chips=168
169637	Candies, milk chocolate coated coffee beans	549	7.41	55.25	50.75	33.18	5.7	oz=28.4
168001	Candies, milk chocolate coated peanuts	519	13.1	49.7	37.59	33.5	4.7	cup=149|pieces=4
169576	Candies, milk chocolate coated raisins	390	4.1	68.4	62.22	14.8	3.1	cup=180|pieces=1
168754	Candies, milk chocolate, with almonds	526	9	53.4	43.9	34.4	6.2	bar (1.45 oz)=41|bar (1.55 oz)=44
168755	Candies, milk chocolate, with rice cereal	511	7.64	59.67	51.06	29.37	3.3	bar (1.4 oz)=40|bar (1.45 oz)=45|bar (1.65 oz)=47|bar, miniature=10|bar (1.55 oz)=44
168759	Candies, MOUNDS Candy Bar	493	4.6	58.88	46.19	26.6	3.7	bar snack size=19|package 1.9 oz=53
168760	Candies, MR. GOODBAR Chocolate Bar	538	10.22	54.34	47.22	33.21	3.8	bar (1.75 oz)=49|bar (2.6 oz)=73
168761	Candies, NESTLE, 100 GRAND Bar	468	2.5	70.97	51.9	19.33	1	bar (1.5 oz)=43|bar, miniature=21|serving 1.5 oz bar=43
168766	Candies, NESTLE, AFTER EIGHT Mints	432	1.67	79.53	66.6	11.9	2.4	serving 5 mints=42|piece=8.4
167582	Candies, NESTLE, BABY RUTH Bar	475	5.4	64.8	54	21.6	2	serving 2.1 oz bar=60|serving fun size bar 0.65 oz=18
167564	Candies, NESTLE, BIT-O'-HONEY Candy Chews	388	2	80.89	48	7.5	0.2	serving 6 pieces=40
167565	Candies, NESTLE, BUTTERFINGER Bar	459	5.4	72.9	45.9	18.9	2	serving 2.1 oz bar=60|serving 1 fun size bar 0.65 oz=18|serving 0.75 oz bar=21|bar bite size=7|bar king size=108|Butterfinger BB's=2.6|tbsp=12.5|cup BB's=174
170278	Candies, NESTLE, BUTTERFINGER Crisp	465	6.67	68.45	48.33	18.33	1.7	piece=60
167586	Candies, NESTLE, CHUNKY Bar	519	7.5	60.4	52.5	27.5	2.5	serving 1.4 oz bar=40
168762	Candies, NESTLE, CRUNCH Bar and Dessert Topping	500	5	67	55	26	1.9	bar 1.55 oz=44|bar 0.5 oz=14.2|serving 4 fun size bars=41|tbsp=12
167581	Candies, NESTLE, GOOBERS Chocolate Covered Peanuts	512	9.7	53	43	34	9.7	package 1.375 oz=39|serving 0.25 cup=41|serving fun size=48
167997	Candies, NESTLE, OH HENRY! Bar	462	7.7	65.5	46.2	23	1.9	bar 2 oz=57|serving fun size bar=26
169587	Candies, NESTLE, RAISINETS Chocolate Covered Raisins	422	4.4	71	59	17	2.2	serving 1.58 oz bag=45|serving fun size=48|serving 0.25 cup=45
169060	Candies, nougat, with almonds	398	3.33	92.39	44.97	1.67	3.3	piece=14
169585	Candies, peanut bar	522	15.5	47.4	42.22	33.7	4.1	oz=28.4|bar (1.4 oz)=40|bar (1.6 oz)=45|bar (1.75 fl oz)=50
169586	Candies, peanut brittle, prepared-from-recipe	486	7.57	71.24	51.33	18.98	2.5	oz=28.4
168791	Candies, praline, prepared-from-recipe	485	3.3	59.59	55.79	25.9	3.5	piece=39|recipe yield=907
169623	Candies, REESE'S BITES	521	11.34	55.18	48.03	29.85	3.1	pieces=2.4
170669	Candies, REESE's Fast Break, milk chocolate, peanut butter, soft nougats, candy bar	495	8.93	63.9	53.57	23.21	3.6	serving 1 bar=56
169624	Candies, REESE'S NUTRAGEOUS Candy Bar	517	11.28	52.8	40.22	32.09	3.9	bar 1.92 oz=54|bars=17
168763	Candies, REESE'S Peanut Butter Cups	515	10.24	55.36	47.17	30.53	3.6	package 0.6 oz 1 cup=17|package 1.6 oz 2 cups=45|miniature=7
168764	Candies, REESE'S PIECES Candy	497	12.46	59.86	53.25	24.77	3	cup=188|pieces=0.8|package 1.63 oz=46|package (1.6 oz)=46
169630	Candies, REESE'S, FAST BREAK, milk chocolate peanut butter and soft nougats	474	8.66	61.6	53.08	23.42	2.9	oz bar=28
168765	Candies, ROLO Caramels in Milk Chocolate	474	5.08	67.95	63.93	20.93	0.9	package 1 package=48|pieces=6
167976	Candies, semisweet chocolate	480	4.2	63.9	54.5	30	5.9	serving=14.5|cup large chips=182|cup mini chips=173|oz (approx 60 pcs)=28.4|cup chips (6 oz package)=168
169690	Candies, semisweet chocolate, made with butter	477	4.2	63.4		29.7	5.9	cup chips (6 oz package)=170|cup large chips=182|cup mini chips=173|oz (approx 60 pcs)=28.4
169588	Candies, sesame crunch	516	11.6	50.3	31.17	33.3	7.7	oz=28.4|piece=1.8|pieces=1.8
170658	Candies, soft fruit and nut squares	390	2.31	73.81	45.95	9.52	2.4	pieces=14
169592	Candies, SPECIAL DARK Chocolate Bar	556	5.54	60.49	47.56	32.4	6.5	bar 1.45 oz=41|bar 2.6 oz=73|blocks=14|bar=17
170656	Candies, sugar-coated almonds	465	10	68.26	62.5	17.93	2.5	piece=3.5
167977	Candies, sweet chocolate	507	3.9	60.4	51.48	34.2	5.5	oz=28.4|bar (1.45 oz)=41
167978	Candies, sweet chocolate coated fondant	366	2.2	80.4	71.42	9.3	2.1	patty, large=43|patty, small=11
167984	Candies, SYMPHONY Milk Chocolate Bar	531	8.51	58.01	53.96	30.57	1.7	bar 1.5 oz=42|bar 2.4 oz=68
169670	Candies, taffy, prepared-from-recipe	397	0.03	91.56	68.48	3.33	0	piece=15
170281	Candies, Tamarind	331	0	91.96	78.57	0	2.5	serving=14
167947	Candies, TOBLERONE, milk chocolate with honey and almond nougat	489	5.71	61.21	55.74	28.57	2.5	bar=35
169671	Candies, toffee, prepared-from-recipe	560	1.07	64.72	63.47	32.75	0	piece=12
167971	Candies, TOOTSIE ROLL, chocolate-flavor roll	387	1.59	87.73	56.32	3.31	0.1	serving 6 pieces=40|piece=6.6
169580	Candies, truffles, prepared-from-recipe	510	6.21	44.88	38.31	33.76	2.5	piece=12|recipe yield, recipe makes 49 1 " x 1" pieces=612
167563	Candies, TWIZZLERS CHERRY BITES	338	2.97	79.38		1.7	0.1	pieces=2.2
167983	Candies, TWIZZLERS NIBS CHERRY BITS	347	2.3	79.37	51.35	2.64	0.6	pieces=1.5
167583	Candies, TWIZZLERS Strawberry Twists Candy	348	2.56	79.16	39.64	2.32	0	pieces 1.6oz=11.2
168770	Candies, WHATCHAMACALLIT Candy Bar	494	8.04	63.23	48.86	23.68	1.9	bar 1.7 oz=48
167571	Candies, white chocolate	539	5.87	59.24	59	32.09	0.2	bar (3 oz)=85|tbsp=14|cup chips=170
168776	Candies, YORK BITES	394	1.78	81.64	75	7.32	2	pieces=2.6
167982	Candies, YORK Peppermint Pattie	384	2.19	80.99	63.78	7.17	2	patty 1.5 oz=43
172238	Capers, canned	23	2.36	4.89	0.41	0.86	3.2	tbsp, drained=8.6
171715	Carambola, (starfruit), raw	31	1.04	6.73	3.98	0.33	2.8	cup, cubes=132|cup, sliced=108|large (4-1/2" long)=124|medium (3-5/8" long)=91|small (3-1/8" long)=70
171921	Carbonated beverage, chocolate-flavored soda	42	0	10.7	10.7	0	0	fl oz=31|can or bottle (16 fl oz)=492|can (12 fl oz)=369
173199	Carbonated beverage, cream soda	51	0	13.3	13.3	0	0	fl oz=30.9|can or bottle (16 fl oz)=494|can or bottle (12 fl oz)=371
175113	Carbonated beverage, low calorie, other than cola or pepper, with sodium saccharin, without caffeine	0	0	0.1		0	0	fl oz=29.6|can (12 fl oz)=355
169338	Cardoon, cooked, boiled, drained, with salt	20	0.76	4.74		0.11	1.7	
169982	Cardoon, cooked, boiled, drained, without salt	22	0.76	5.33		0.11	1.7	
169981	Cardoon, raw	17	0.7	4.07		0.1	1.6	cup, shredded=178
169800	Caribou, bone marrow, raw (Alaska Native)	786	6.7	0		84.4		
169801	Caribou, eye, raw (Alaska Native)	326	10.8	0		31.4		
168050	Caribou, hind quarter meat, raw (Alaska Native)	122	22.63	0	0	3.37	0	
169822	Caribou, hind quarter, meat, cooked (Alaska Native)	159	28.81	0	0	4.82	0	cup=132|piece=102
168983	Caribou, liver, raw (Alaska Native)	122	15	6.8		3.9		
167644	Caribou, rump meat, half dried (Alaska Native)	255	52.06	0	0	5.23	0	
168049	Caribou, shoulder meat, dried (Alaska Native)	271	59.38	0	0	3.67	0	
168985	Caribou, tongue, raw (Alaska Native)	260	13.7	0		22.8		
173952	Carissa, (natal-plum), raw	62	0.5	13.63		1.3		cup slices=150|fruit without skin and seeds=20
173755	Carob flour	222	4.62	88.88	49.08	0.65	39.8	cup=103|tbsp=6
169036	CARRABBA'S ITALIAN GRILL, cheese ravioli with marinara sauce	156	7.96	17.62	4.15	6	1.4	serving varied from 8 to 10 ravioli per serving=365
169857	CARRABBA'S ITALIAN GRILL, chicken parmesan without cavatappi pasta	206	19	7.8	2.89	10.95	0.9	serving=339
169030	CARRABBA'S ITALIAN GRILL, lasagne	191	10.48	12.36	2.77	11.06	1.3	serving=437
168086	CARRABBA'S ITALIAN GRILL, spaghetti with meat sauce	122	5.87	15.71	1.96	3.92	1.5	serving=537
169853	CARRABBA'S ITALIAN GRILL, spaghetti with pomodoro sauce	104	3.42	18.63	1.87	1.75	1.7	serving=489
170491	Carrot juice, canned	40	0.95	9.28	3.91	0.15	0.8	cup=236|fl oz=29.5
170500	Carrot, dehydrated	341	8.1	79.57	38.82	1.49	23.6	cup=74
168568	Carrots, baby, raw	35	0.64	8.24	4.76	0.13	2.9	large=15|medium=10|NLEA serving=85
168518	Carrots, canned, no salt added, drained solids	25	0.64	5.54	2.48	0.19	1.5	cup, sliced=146|cup, mashed=228|slice=2.8|can (303 x 406)=284
169340	Carrots, canned, no salt added, solids and liquids	23	0.59	5.36	2.46	0.14	1.8	cup slices=246|can (303 x 406)=454
170396	Carrots, canned, regular pack, drained solids	25	0.64	5.54	2.48	0.19	1.5	cup, sliced=146|cup, mashed=228|slice=2.8|can (303 x 406)=284
170395	Carrots, canned, regular pack, solids and liquids	23	0.58	5.37	2.46	0.14	1.8	cup slices=246|can (303 x 406)=454
169339	Carrots, cooked, boiled, drained, with salt	35	0.76	8.22	3.45	0.18	3	tbsp=9.7|cup slices=156|carrot=46
170394	Carrots, cooked, boiled, drained, without salt	35	0.76	8.22	3.45	0.18	3	tbsp=9.7|cup slices=156|carrot=46
168519	Carrots, frozen, cooked, boiled, drained, with salt	37	0.58	7.73	4.08	0.68	3.3	cup slices=146
169984	Carrots, frozen, cooked, boiled, drained, without salt	37	0.58	7.73	4.08	0.68	3.3	cup, sliced=146
169983	Carrots, frozen, unprepared (Includes foods for USDA's Food Distribution Program)	36	0.78	7.9	4.76	0.46	3.3	cup slices=128|package (10 oz)=284
170393	Carrots, raw	41	0.93	9.58	4.74	0.24	2.8	cup chopped=128|cup grated=110|cup strips or slices=122|large (7-1/4" to 8-/1/2" long)=72|medium=61|small (5-1/2" long)=50|slice=3|strip large (3" long)=7|strip medium=4
169985	Cassava, raw	160	1.36	38.06	1.7	0.28	1.8	cup=206|root=408
168556	Catsup	101	1.04	27.4	21.27	0.1	0.3	tbsp=17|packet=9|cup=240
169381	Catsup, low sodium	101	1.04	27.4	21.27	0.1	0.3	tbsp=17|packet=9|cup=240
168994	Cattail, Narrow Leaf Shoots (Northern Plains Indians)	25	1.18	5.14	0.22	0	4.5	shoot=19
168520	Cauliflower, cooked, boiled, drained, with salt	23	1.84	4.11	1.86	0.45	2.3	cup (1" pieces)=124|flowerets=18
170397	Cauliflower, cooked, boiled, drained, without salt	23	1.84	4.11	2.08	0.45	2.3	cup (1" pieces)=124|flowerets=18
168521	Cauliflower, frozen, cooked, boiled, drained, with salt	17	1.61	3.16	0.46	0.22	2.7	cup (1" pieces)=180
170399	Cauliflower, frozen, cooked, boiled, drained, without salt	19	1.61	3.75	1.05	0.22	2.7	cup (1" pieces)=180
170398	Cauliflower, frozen, unprepared	24	2.01	4.68	2.22	0.27	2.3	cup (1" pieces)=132|package (10 oz)=284
169390	Cauliflower, green, cooked, no salt added	32	3.04	6.28	3.12	0.31	3.3	head=450
169391	Cauliflower, green, cooked, with salt	32	3.04	6.28		0.31	3.3	cup (1" pieces)=124
169389	Cauliflower, green, raw	31	2.95	6.09	3.03	0.3	3.2	cup=64|floweret=25|head, large (6-7" dia)=511|head, medium (5-6" dia)=431|head, small (4" dia)=325
169986	Cauliflower, raw	25	1.92	4.97	1.91	0.28	2	cup chopped (1/2" pieces)=107|floweret=13|head large (6-7" dia.)=840|head medium (5-6" dia.)=588|head small (4" dia.)=265
169341	Celeriac, cooked, boiled, drained, with salt	27	0.96	5.9		0.19		cup pieces=155
169987	Celeriac, cooked, boiled, drained, without salt	27	0.96	5.9		0.19	1.2	cup pieces=155
170400	Celeriac, raw	42	1.5	9.2	1.6	0.3	1.8	cup=156
169342	Celery, cooked, boiled, drained, with salt	18	0.83	4	2.37	0.16	1.6	cup, diced=150|stalks=37.5
169989	Celery, cooked, boiled, drained, without salt	18	0.83	4	2.37	0.16	1.6	cup, diced=150|stalks=37.5
169988	Celery, raw	14	0.69	2.97	1.34	0.17	1.6	cup chopped=101|NLEA serving=110|tbsp=7.5|stalk, large (11"-12" long)=64|stalk, medium (7-1/2" - 8" long)=40|stalk, small (5" long)=17|strip (4" long)=4
169990	Celtuce, raw	18	0.85	3.65		0.3	1.7	leaf=8
169075	Cereals ready-to-eat, ALPEN	352	11.2	75.7	20	3.3	9.1	cup (1 NLEA serving)=82.1
173018	Cereals ready-to-eat, BARBARA'S PUFFINS, original	333	7.41	84	18.52	3.7	18.5	cup (1 NLEA serving)=36
172973	Cereals ready-to-eat, chocolate-flavored frosted puffed corn	405	3.34	87.2	43.7	3.5	3.8	cup=30
169076	Cereals ready-to-eat, FAMILIA	388	9.5	73.8	23.2	6.3	8.5	cup=122
169039	Cereals ready-to-eat, frosted oat cereal with marshmallows	400	7.1	84.7	36.13	3.33	4.3	cup (1 NLEA serving)=40
173884	Cereals ready-to-eat, GENERAL MILLS, CHEERIOS	372	12.4	73.2	4.5	6.6	10.1	cup (1 NLEA serving)=28
171646	Cereals ready-to-eat, granola, homemade	489	13.67	53.88	19.8	24.31	8.9	cup=122|oz=28.4
172981	Cereals ready-to-eat, HEALTH VALLEY, FIBER 7 Flakes	353	14.44	78.15	20	1.41	14.1	cup (1 NLEA serving)=41.3
174645	Cereals ready-to-eat, MALT-O-MEAL, Apple ZINGS	390	4.51	87.3	44.61	2.71	2.3	cup (1 NLEA serving)=33
172982	Cereals ready-to-eat, MALT-O-MEAL, BERRY COLOSSAL CRUNCH	396	4.19	86.55	41.66	4.17	1.8	cup (1 NLEA serving)=40
172997	Cereals ready-to-eat, MALT-O-MEAL, Blueberry MUFFIN TOPS Cereal	443	4.9	79.91	35.36	11.48	4.7	cup (1 NLEA serving)=40
174664	Cereals ready-to-eat, MALT-O-MEAL, CHOCOLATE MARSHMALLOW MATEYS	392	3.5	88.18	55.45	3.67	2.5	cup (1 NLEA serving)=40
174646	Cereals ready-to-eat, MALT-O-MEAL, CINNAMON TOASTERS	425	3.32	78.33	32.86	12.06	5	cup (1 NLEA serving)=40
174619	Cereals ready-to-eat, MALT-O-MEAL, COCO-ROOS	389	3.41	86.75	48.11	4.61	3.3	cup (1 NLEA serving)=40
174647	Cereals ready-to-eat, MALT-O-MEAL, Cocoa DYNO-BITES	397	4.15	87.93	43.15	3.43	1.1	cup (1 NLEA serving)=38.7
174631	Cereals ready-to-eat, MALT-O-MEAL, COLOSSAL CRUNCH	401	3.64	81.59	42.5	5.28	1.7	cup (1 NLEA serving)=40
173895	Cereals ready-to-eat, MALT-O-MEAL, CORN BURSTS	385	3.32	90.59	46.88	0.35	1.9	cup (1 NLEA serving)=31
172983	Cereals ready-to-eat, MALT-O-MEAL, Crispy Rice	346	6.07	86.4	7.82	1.12	0.4	cup (1 NLEA serving)=26.4
172990	Cereals ready-to-eat, MALT-O-MEAL, Frosted Flakes	389	4.25	90.2	39.27	0.87	1.2	cup (1 NLEA serving)=41.3
173000	Cereals ready-to-eat, MALT-O-MEAL, Frosted Mini SPOONERS	354	9.09	81.81	20	1.94	10.9	cup (1 NLEA serving)=55
173001	Cereals ready-to-eat, MALT-O-MEAL, Fruity DYNO-BITES	404	3.9	90.1	42.6	3.15	1	cup=36
174643	Cereals ready-to-eat, MALT-O-MEAL, GOLDEN PUFFS	370	5.77	89.72	51.34	0.89	2.6	cup (1 NLEA serving)=36|cup=37
174642	Cereals ready-to-eat, MALT-O-MEAL, Honey BUZZERS	379	3.45	89.66	37.93	1.72	3.4	cup=21.8
172995	Cereals ready-to-eat, MALT-O-MEAL, HONEY GRAHAM SQUARES	398	4.46	74.68	32.7	9.97	4.4	cup (1 NLEA serving)=40
171681	Cereals ready-to-eat, MALT-O-MEAL, Honey Nut SCOOTERS	387	8.59	79.62	29.97	4.51	6.3	cup (1 NLEA serving)=30
173909	Cereals ready-to-eat, MALT-O-MEAL, MARSHMALLOW MATEYS	387	6.94	82.77	40.91	3.53	4.9	cup=30
171679	Cereals ready-to-eat, MALT-O-MEAL, OAT BLENDERS with honey	396	6.78	84.94	21.62	4.17	5	cup (1 NLEA serving)=40
171680	Cereals ready-to-eat, MALT-O-MEAL, OAT BLENDERS with honey & almonds	379	7.8	77.26	20.26	4.88	6.1	cup (1 NLEA serving)=40
172996	Cereals ready-to-eat, MALT-O-MEAL, Raisin Bran Cereal	342	7.63	80.37	33.04	1.87	10.2	cup (1 NLEA serving)=59
172984	Cereals ready-to-eat, MALT-O-MEAL, TOOTIE FRUITIES	391	4.69	85.94	45.31	3.2	2.2	cup (1 NLEA serving)=32
174644	Cereals ready-to-eat, MOM'S BEST, Honey Nut TOASTY O'S	388	8.6	79.84	30.17	4.51	6.3	cup (1 NLEA serving)=30
173927	Cereals ready-to-eat, MOM'S BEST, Sweetened WHEAT-FULS	373	8.18	80.91	20.29	1.83	10	cup (1 NLEA serving)=55
173017	Cereals ready-to-eat, NATURE'S PATH, Organic FLAX PLUS flakes	350	11.91	75.27	12.25	5.46	16.6	cup (1 NLEA serving)=40
174654	Cereals ready-to-eat, NATURE'S PATH, Organic FLAX PLUS, Pumpkin Granola	467	11.23	66.1	18.17	18.33	8.4	cup (1 NLEA serving)=73.3
167725	Cereals ready-to-eat, OAT BRAN FLAKES, HEALTH VALLEY	380	10	78	22	3	8	cup (1 NLEA serving)=50
173888	Cereals ready-to-eat, POST Bran Flakes	328	9.9	80.5	18.6	2.1	18.3	cup (1 NLEA serving)=40
169870	Cereals ready-to-eat, POST GREAT GRAINS Banana Nut Crunch	390	9.8	70.9	17.5	8.8	11.2	cup (1 NLEA serving)=59
173005	Cereals ready-to-eat, POST GREAT GRAINS Cranberry Almond Crunch	384	8.9	76.6	25.5	5.9	11.1	cup (1 NLEA serving)=64
173020	Cereals ready-to-eat, POST HONEY BUNCHES OF OATS with cinnamon bunches	400	7.1	82.8	20.4	5	5.8	cup (1 NLEA serving)=40
171650	Cereals ready-to-eat, POST Raisin Bran Cereal	324	7.6	78.9	32.9	1.6	13.7	cup (1 NLEA serving)=59
173919	Cereals ready-to-eat, POST SELECTS Blueberry Morning	395	6.5	81.6	29.2	5.3	4.7	cup (1 NLEA serving)=44
174653	Cereals ready-to-eat, POST SELECTS Maple Pecan Crunch	413	8.5	77.4	22.5	8.7	7.4	cup (1 NLEA serving)=69.3
171641	Cereals ready-to-eat, POST, ALPHA-BITS	389	10	80.3	21	4.6	7.1	cup (1 NLEA serving for adults)=30|cup (1 serving for children under 4 years)=29.9
173885	Cereals ready-to-eat, POST, COCOA PEBBLES	397	4.8	85.7	35.8	4.1	1.6	cup (1 NLEA serving)=38.7
171645	Cereals ready-to-eat, POST, FRUITY PEBBLES	402	4.62	86.1	34.28	4.02	0.8	cup (1 NLEA serving)=36
171652	Cereals ready-to-eat, POST, GOLDEN CRISP	380	5.5	90.1	53.6	1.7	5	cup (1 NLEA serving)=36
171647	Cereals ready-to-eat, POST, GRAPE-NUTS Cereal	361	11.22	80.49	8.86	1.81	13	cup (1 NLEA serving)=116
171648	Cereals ready-to-eat, POST, GRAPE-NUTS Flakes	376	9.4	82	15.2	3.7	10.2	cup (1 NLEA serving)=38.7
169862	Cereals ready-to-eat, POST, GREAT GRAINS Crunchy Pecan Cereal	403	9	73	15.4	10.5	9.7	cup (1 NLEA serving)=69.3
169041	Cereals ready-to-eat, POST, GREAT GRAINS, Raisin, Date & Pecan	378	7.9	74.3	24.1	7.1	9.3	cup (1 NLEA serving)=73.3
173015	Cereals ready-to-eat, POST, HONEY BUNCHES OF OATS with vanilla bunches	394	7.9	81.8	20.7	5.1	7.8	cup (1 NLEA serving)=56
168138	Cereals ready-to-eat, POST, HONEY BUNCHES OF OATS, honey roasted	401	7.12	81.19	19.79	5.46	4.2	cup (1 NLEA serving)=40
174663	Cereals ready-to-eat, POST, HONEY BUNCHES OF OATS, pecan bunches	399	7	82	21.9	5.4	5.2	cup (1 NLEA serving)=38.7
169859	Cereals ready-to-eat, POST, HONEY BUNCHES OF OATS, with almonds	409	7.7	79.6	20	7.3	5.5	cup (1 NLEA serving)=42.7
173019	Cereals ready-to-eat, POST, HONEY BUNCHES OF OATS, with real strawberries	399	6.7	83.3	24	4.9	5.4	cup (1 NLEA serving)=41.3
173894	Cereals ready-to-eat, POST, Honey Nut Shredded Wheat	373	8.5	83.6	20.7	2.9	10.7	cup (1 NLEA serving)=59
173889	Cereals ready-to-eat, POST, Honeycomb Cereal	394	6.01	86.63	31.51	2.93	3.2	cup (1 NLEA serving)=21.3
167715	Cereals ready-to-eat, POST, Shredded Wheat n' Bran, spoon-size	339	10.93	80.65	0.75	2.06	14.7	cup (1 NLEA serving)=47.2
173918	Cereals ready-to-eat, POST, Shredded Wheat, lightly frosted, spoon-size	352	7.8	83.8	22.3	1.9	9.6	cup (1 NLEA serving)=52
173910	Cereals ready-to-eat, POST, Shredded Wheat, original big biscuit	337	11.37	78.96	0.94	2.01	12.4	biscuits (1 NLEA serving)=23.5
173911	Cereals ready-to-eat, POST, Shredded Wheat, original spoon-size	351	11.8	81.4	0.9	2.1	12.4	cup (1 NLEA serving)=49
174628	Cereals ready-to-eat, Post, Waffle Crisp	390	6.6	83	34.7	5	4.4	cup (1 NLEA serving)=30
173014	Cereals ready-to-eat, QUAKER Oatmeal Squares, Golden Maple	380	11.3	78.04	16.82	4.83	8.3	cup (1 NLEA serving)=56
173921	Cereals ready-to-eat, QUAKER WHOLE HEARTS oat cereal	376	7.63	80.1	21.53	5.61	9.1	cup (1 NLEA serving)=37.3
173892	Cereals ready-to-eat, QUAKER, 100% Natural Granola, Oats, Wheat and Honey	421	10.55	73.65	20.34	11.62	10.2	cup (1 NLEA serving)=96
171642	Cereals ready-to-eat, QUAKER, CAP'N CRUNCH	398	4.39	85.51	44.32	5.12	2.5	cup (1 NLEA serving)=36
171643	Cereals ready-to-eat, QUAKER, CAP'N CRUNCH with CRUNCHBERRIES	397	4.45	85.93	44.2	4.83	2.6	cup (1 NLEA serving)=34.7
174657	Cereals ready-to-eat, QUAKER, CAP'N CRUNCH'S Halloween Crunch	402	4.41	85.14	43.82	5.66	2.5	cup (1 NLEA serving)=34.7
173013	Cereals ready-to-eat, QUAKER, Cap'n Crunch's OOPS! All Berries Cereal	395	4.6	87.1	44.18	3.99	2.6	cup (1 NLEA serving)=32
171644	Cereals ready-to-eat, QUAKER, CAP'N CRUNCH'S PEANUT BUTTER CRUNCH	417	7.1	78.65	33.36	9.23	2.7	cup (1 NLEA serving)=36
174652	Cereals ready-to-eat, QUAKER, Christmas Crunch	397	4.44	85.92	44.31	4.83	2.6	cup (1 NLEA serving)=34.7
174621	Cereals ready-to-eat, QUAKER, HONEY GRAHAM OH!S	412	3.92	83.65	43.23	7.63	2.1	cup (1 NLEA serving)=36
173890	Cereals ready-to-eat, QUAKER, KING VITAMAN	381	6.41	83.85	20.27	3.44	3.4	cup (1 NLEA serving)=20.7
172976	Cereals ready-to-eat, QUAKER, Low Fat 100% Natural Granola with Raisins	388	8.42	80.57	25.65	5.52	9.6	cup (1 NLEA serving)=83.3
174659	Cereals ready-to-eat, QUAKER, Maple Brown Sugar LIFE Cereal	373	9.17	78.86	24.9	4.06	6.3	cup (1 NLEA serving)=42.7
174632	Cereals ready-to-eat, QUAKER, MOTHER'S Cinnamon Oat Crunch	382	10.6	79.79	25.37	4.56	8.1	cup (1 NLEA serving)=60
174634	Cereals ready-to-eat, QUAKER, MOTHER'S COCOA BUMPERS	382	4.21	89.91	43.12	1.61	2.7	cup (1 NLEA serving)=33
174633	Cereals ready-to-eat, QUAKER, MOTHER'S GRAHAM BUMPERS	379	4.55	88.89	44.33	1.45	2.6	cup (1 NLEA serving)=37.3
172985	Cereals ready-to-eat, QUAKER, MOTHER'S PEANUT BUTTER BUMPERS Cereal	407	7.62	79.68	29.29	7.33	2.5	cup (1 NLEA serving)=33
172986	Cereals ready-to-eat, QUAKER, MOTHER'S Toasted Oat Bran cereal	372	11.45	75.41	15.57	5.04	8.6	cup (1 NLEA serving)=42.7
174658	Cereals ready-to-eat, QUAKER, Natural Granola Apple Cranberry Almond	418	9.21	74.73	27.43	11.06	9.9	cup (1 NLEA serving)=98
174622	Cereals ready-to-eat, QUAKER, Oatmeal Squares	379	11.38	77.77	16.69	4.83	8.3	cup (1 NLEA serving)=56
174623	Cereals ready-to-eat, QUAKER, Oatmeal Squares, cinnamon	379	11.23	78.09	16.67	4.88	8.7	cup (1 NLEA serving)=56
172975	Cereals ready-to-eat, QUAKER, QUAKER 100% Natural Granola with Oats, Wheat, Honey, and Raisins	412	9.66	74.67	24.63	10.38	9.4	cup (1 NLEA serving)=102
173886	Cereals ready-to-eat, QUAKER, QUAKER CRUNCHY BRAN	331	6.37	83.68	20.66	4.06	15.3	cup (1 NLEA serving)=36
173007	Cereals ready-to-eat, QUAKER, QUAKER Honey Graham LIFE Cereal	373	9.33	78.56	23.12	4.14	6.3	cup (1 NLEA serving)=42.7
174620	Cereals ready-to-eat, QUAKER, QUAKER OAT CINNAMON LIFE	374	9.14	79.02	25.18	4.1	6.3	cup (1 NLEA serving)=42.7
173891	Cereals ready-to-eat, QUAKER, QUAKER OAT LIFE, plain	374	9.98	77.74	19.43	4.43	6.6	cup (1 NLEA serving)=42.7|cup=42
171651	Cereals ready-to-eat, QUAKER, QUAKER Puffed Rice	383	7.01	87.78	0	0.9	1.4	cup (1 NLEA serving)=18.7
171669	Cereals ready-to-eat, QUAKER, QUAKER Puffed Wheat	366	16.26	76.39	1.37	2.15	9.4	cup (1 NLEA serving)=15
172987	Cereals ready-to-eat, QUAKER, Shredded Wheat, bagged cereal	348	11.24	81.01	0.81	2.01	11.8	biscuits (1 NLEA serving)=21
171649	Cereals ready-to-eat, QUAKER, SWEET CRUNCH/QUISP	406	4.51	85.03	43.36	6.08	2.3	cup (1 NLEA serving)=27
172974	Cereals ready-to-eat, QUAKER, Toasted Multigrain Crisps	372	12.38	74.9	16.34	5.11	10.2	cup (1 NLEA serving)=45.6
173003	Cereals ready-to-eat, RALSTON Corn Biscuits	376	5.83	85.79	9.51	1.05	2.6	cup (NLEA serving)=30
174648	Cereals ready-to-eat, RALSTON Corn Flakes	384	5.9	88.01	7.84	0.91	2.7	cup (1 NLEA serving)=28
173887	Cereals ready-to-eat, RALSTON CRISP RICE	383	6.69	86.22	12.12	1.26	0.7	cup (1 NLEA serving)=26.4|cup=28
174649	Cereals ready-to-eat, RALSTON Crispy Hexagons	379	5.94	86.78	13.79	0.95	1.5	cup (1 NLEA serving)=29
173002	Cereals ready-to-eat, RALSTON Enriched Wheat Bran flakes	390	10.21	79.77	17.17	3.36	16.9	serving (NLEA serving size - 0.75 cup)=29|cup=42
173893	Cereals ready-to-eat, RALSTON TASTEEOS	395	10.71	75.96	3.57	5.36	10.7	cup (1 NLEA serving)=28
173912	Cereals ready-to-eat, rice, puffed, fortified	402	6.3	89.8		0.5	1.7	cup=14|oz=28.4
171653	Cereals ready-to-eat, SUN COUNTRY, KRETSCHMER Honey Crunch Wheat Germ	372	26.55	58.11	21.43	7.78	10.2	tbsp (1 NLEA serving)=7
174635	Cereals ready-to-eat, SUN COUNTRY, KRETSCHMER Toasted Wheat Bran	200	17.56	59.51		5.16	41.3	cup (1 NLEA serving)=64
172988	Cereals ready-to-eat, SUN COUNTRY, KRETSCHMER Wheat Germ, Regular	366	31.43	49.38	7.14	9.56	11.9	tbsp (1 NLEA serving)=7
174639	Cereals ready-to-eat, UNCLE SAM CEREAL	346	15.98	65.78	1.56	11.6	20.3	cup (1 NLEA serving)=73.3
169040	Cereals ready-to-eat, WEETABIX whole grain cereal	371	11.43	81.5	5.71	2.86	11.4	biscuits (1 NLEA serving)=17.5|cup=57
169077	Cereals ready-to-eat, wheat and bran, presweetened with nuts and fruits	385	7.1	76.2	23.6	5.6	9.7	cup (1 NLEA serving)=55
173896	Cereals ready-to-eat, wheat germ, toasted, plain	382	29.1	49.6	7.8	10.7	15.1	oz=28.4|cup=113
173913	Cereals ready-to-eat, wheat, puffed, fortified	364	14.7	79.6		1.2	4.4	cup=12|oz=28.4
171671	Cereals, corn grits, white, regular and quick, enriched, cooked with water, with salt	71	1.71	14.76	0.12	0.46	0.8	cup=257|tablespoon=16
171655	Cereals, corn grits, white, regular and quick, enriched, cooked with water, without salt	71	1.71	14.76	0.12	0.46	0.8	cup=257|tbsp=16
171654	Cereals, corn grits, white, regular and quick, enriched, dry	370	7.65	79.09	0.57	1.75	4.6	tbsp=9.7|cup=156
171672	Cereals, corn grits, yellow, regular and quick, enriched, cooked with water, without salt	65	1.23	13.86	0.09	0.39	0.7	cup=233
171670	Cereals, corn grits, yellow, regular and quick, unenriched, dry	371	8.8	79.6	0.64	1.2	1.6	tbsp=9.7|cup=156
171673	Cereals, corn grits, yellow, regular, quick, enriched, cooked with water, with salt	65	1.23	13.86	0.09	0.39	0.7	cup=233
173914	Cereals, CREAM OF RICE, cooked with water, with salt	52	0.9	11.5	0.04	0.1	0.1	cup=244|cup=244
173900	Cereals, CREAM OF RICE, dry	370	6.3	82.4	0.3	0.5	0.7	cup (1 NLEA serving)=180
173012	Cereals, CREAM OF WHEAT, 1 minute cook time, cooked with water, microwaved, without salt	55	1.95	10.67	2.98	0.37	1.5	cup=237
173011	Cereals, CREAM OF WHEAT, 1 minute cook time, cooked with water, stove-top, without salt	56	1.65	11.16	0.07	0.42	0.4	cup=245
173010	Cereals, CREAM OF WHEAT, 1 minute cook time, dry	359	11.77	72.63	0.51	1.47	4.4	tablespoon (1 serving)=11|tbsp=13.7|cup=194
173009	Cereals, CREAM OF WHEAT, 2 1/2 minute cook time, cooked with water, microwaved, without salt	52	1.88	10.1	0.34	0.37	0.7	cup=231
173008	Cereals, CREAM OF WHEAT, 2 1/2 minute cook time, cooked with water, stove-top, without salt	56	1.44	11.74	0.07	0.2	0.7	cup=244
174655	Cereals, CREAM OF WHEAT, 2 1/2 minute cook time, dry	355	11.61	71.79	0.47	1.41	4.4	tablespoon (1 NLEA serving)=11|tbsp=13.8|cup=174
171660	Cereals, CREAM OF WHEAT, instant, dry	366	10.6	75.5	0.4	1.4	3.3	tbsp=11.5|cup=178
173902	Cereals, CREAM OF WHEAT, instant, prepared with water, without salt	62	1.84	13.08	0.07	0.24	0.6	cup=241|tbsp=15|cup=241.3
173915	Cereals, CREAM OF WHEAT, regular (10 minute), cooked with water, with salt	50	1.46	10.66	0.03	0.21	0.5	cup (1 serving)=251
171657	Cereals, CREAM OF WHEAT, regular (10 minute), cooked with water, without salt	50	1.44	10.52	0.03	0.21	0.5	cup (1 serving)=251|tbsp=16
173901	Cereals, CREAM OF WHEAT, regular, 10 minute cooking, dry	370	10.5	76.5	0.2	1.5	3.8	tbsp=10.6|tbsp (1 NLEA serving)=11|cup=173
171659	Cereals, farina, enriched, assorted brands including CREAM OF WHEAT, quick (1-3 minutes), cooked with water, without salt	55	1.82	10.92	0.76	0.34	0.8	cup=240|tbsp=14.9|cup=238.7
171658	Cereals, farina, enriched, assorted brands including CREAM OF WHEAT, quick (1-3 minutes), dry	360	11.6	73.19	0.56	1.41	4.2	tbsp=11|cup=176
173917	Cereals, farina, enriched, cooked with water, with salt	53	1.82	10.92	0.76	0.34	0.8	cup=233
173916	Cereals, farina, unenriched, dry	369	10.6	78		0.5	1.9	tbsp=10.9|cup=176
171674	Cereals, MALT-O-MEAL, chocolate, dry	363	10.6	79.55	16.63	0.82	2.8	tbsp (1 NLEA serving)=11.7
173004	Cereals, MALT-O-MEAL, chocolate, prepared with water, without salt	47	1.37	9.22	2.17	0.1	0.4	serving (3 T dry cereal plus 1 cup water)=268
172998	Cereals, MALT-O-MEAL, Farina Hot Wheat Cereal, dry	365	10.48	77.2	0.7	0.49	2.9	tbsp (1 NLEA serving)=11.7
172999	Cereals, MALT-O-MEAL, Maple & Brown Sugar Hot Wheat Cereal, dry	368	8.82	80.52	28	0.47	1.8	cup (1 NLEA serving)=180
173903	Cereals, MALT-O-MEAL, original, plain, dry	365	11.8	77.25	0	0.7	2.1	tbsp (1 NLEA serving)=11.7
174651	Cereals, MALT-O-MEAL, original, plain, prepared with water, without salt	48	1.67	10.09	0.13	0.09	0.3	serving (3 T dry cereal plus 1 cup water)=268
172978	Cereals, Oat Bran, QUAKER, QUAKER/MOTHER'S Oat Bran, prepared with water, salt	43	2.03	7.49		0.95	1.7	
173920	Cereals, oats, instant, fortified, maple and brown sugar, dry	386	9.25	76.67	30.28	4.73	7.2	packet=43
171661	Cereals, oats, instant, fortified, plain, dry	362	11.92	69.52	1.5	6.9	10	packet=28
171662	Cereals, oats, instant, fortified, plain, prepared with water (boiling water added or microwaved)	68	2.37	11.67	0.46	1.36	1.7	cup, cooked=234|cup, dry, yields=501|oz, dry, yields=177|packet, dry, yields=177
171664	Cereals, oats, instant, fortified, with cinnamon and spice, dry	369	9.53	76.08	25.33	4.84	8	packet=45
173906	Cereals, oats, instant, fortified, with cinnamon and spice, prepared with water	96	2.37	18.95	6.31	1.21	2	cup=240|tbsp=15|packet, prepared=161
173908	Cereals, oats, instant, fortified, with raisins and spice, prepared with water	88	1.98	17.91	8.71	0.95	1.3	cup=240|tbsp=15|packet, prepared=158
171675	Cereals, oats, regular and quick and instant, unenriched, cooked with water (includes boiling and microwaving), with salt	71	2.54	12	0.27	1.52	1.7	cup=234|cup=233.3
173904	Cereals, oats, regular and quick, not fortified, dry	379	13.15	67.7	0.99	6.52	10.1	cup=81|cup=81.8
173905	Cereals, oats, regular and quick, unenriched, cooked with water (includes boiling and microwaving), without salt	71	2.54	12	0.27	1.52	1.7	cup=234|tbsp=14.6|cup=233.3
173898	Cereals, QUAKER, corn grits, instant, cheddar cheese flavor, dry	363	8.98	72.96	2.76	5.46	4.2	packet (1 NLEA serving)=28
171656	Cereals, QUAKER, corn grits, instant, plain, dry	343	7.31	78.42	1.51	2.14	4.2	packet=29|tbsp=7
173897	Cereals, QUAKER, corn grits, instant, plain, prepared (microwaved or boiling water added), without salt	74	1.58	15.95	0.1	0.49	1.1	cup=219
174629	Cereals, QUAKER, hominy grits, white, quick, dry	348	8.8	79.6	0.3	1.2	4.8	cup=148
174630	Cereals, QUAKER, hominy grits, white, regular, dry	361	8.8	79.2	0.64	1.6	1.6	cup (1 NLEA serving)=164
172993	Cereals, QUAKER, Instant Grits Product with American Cheese Flavor, dry	360	8.8	74.18	2.02	4.67	4.3	packet (1 NLEA serving)=28
172977	Cereals, QUAKER, Instant Grits, Butter flavor, dry	369	8.12	74.83	0.88	5.64	4.7	packet (1 NLEA serving)=28
173899	Cereals, QUAKER, Instant Grits, Country Bacon flavor, dry	340	9.93	75.39	0.38	1.73	5.1	packet (1 NLEA serving)=28
172994	Cereals, QUAKER, Instant Grits, Ham 'n' Cheese flavor, dry	355	10.73	71.08	2.69	4.68	4.2	packet (1 NLEA serving)=28
172992	Cereals, QUAKER, Instant Grits, Redeye Gravy & Country Ham flavor, dry	342	9.83	75.86	0.71	1.58	4.6	packet (1 NLEA serving)=28
174660	Cereals, QUAKER, Instant Oatmeal Organic, Regular	367	16	67	1	6.3	9.8	packet=41
174662	Cereals, QUAKER, Instant Oatmeal, Apple and Cinnamon, reduced sugar	358	10.29	72.17	17.78	5.64	9.7	packet (1 NLEA serving)=31
171663	Cereals, QUAKER, Instant Oatmeal, apples and cinnamon, dry	366	8.62	76.74	28.87	4.61	8.3	packet (1 NLEA serving)=43
174638	Cereals, QUAKER, Instant Oatmeal, Banana Bread, dry	368	8.97	75.7	29.45	4.85	6.7	packet (1 NLEA serving)=41
173016	Cereals, QUAKER, Instant Oatmeal, Cinnamon Spice, reduced sugar	358	11.26	69.45	11.91	6.11	8.8	packet (1 NLEA serving)=34
171682	Cereals, QUAKER, Instant Oatmeal, Cinnamon Swirl, high fiber	366	8.79	75.67	14.7	4.8	22.3	packet (1 NLEA serving)=45
174636	Cereals, QUAKER, Instant Oatmeal, Cinnamon-Spice, dry	369	10.39	74.52	21.14	5.1	8.2	packet (1 NLEA serving)=43
174637	Cereals, QUAKER, Instant Oatmeal, DINOSAUR EGGS, Brown Sugar, dry	384	8.69	73.68	28.91	7.59	6.4	packet (1 NLEA serving)=50
174624	Cereals, QUAKER, Instant Oatmeal, fruit and cream variety, dry	379	8.3	75.42	31.27	6.37	6	packet=35
174661	Cereals, QUAKER, Instant Oatmeal, fruit and cream, variety of flavors, reduced sugar	376	10.16	71.57	17.66	7.46	8.3	packet=33
173907	Cereals, QUAKER, Instant Oatmeal, maple and brown sugar, dry	368	9.2	76.91	30.02	4.63	7.2	packet=43
172991	Cereals, QUAKER, Instant Oatmeal, Raisin and Spice, dry	360	9.11	75.68	35.65	4	5.8	packet (1 NLEA serving)=43
174625	Cereals, QUAKER, Instant Oatmeal, raisins, dates and walnuts, dry	371	8.82	72.41	30.85	6.98	6.9	packet=37
173926	Cereals, QUAKER, Instant Oatmeal, weight control, cinnamon	361	16.5	64.21	1.27	6.28	13	packet (1 NLEA serving)=45
174626	Cereals, QUAKER, Oat Bran, QUAKER/MOTHER'S Oat Bran, dry	364	17.03	62.94	1.43	7.97	14.3	cup (1 NLEA serving)=80
174627	Cereals, QUAKER, Oat Bran, QUAKER/MOTHER'S Oat Bran, prepared with water, no salt	43	2.03	7.49		0.95	1.7	
171684	Cereals, QUAKER, oatmeal, REAL MEDLEYS, apple walnut, dry	390	8.18	70.53	29.36	10.36	7	package (1 NLEA serving)=75
171683	Cereals, QUAKER, oatmeal, REAL MEDLEYS, blueberry hazelnut, dry	386	9.81	69.47	18.71	9.8	7.7	package (1 NLEA serving)=70
173925	Cereals, QUAKER, oatmeal, REAL MEDLEYS, cherry pistachio, dry	394	12.02	66.73	26.34	11.02	7.1	package (1 NLEA serving)=73
173924	Cereals, QUAKER, oatmeal, REAL MEDLEYS, peach almond, dry	387	10.1	68.61	24.85	9.84	7.4	package (1 NLEA serving)=75
171685	Cereals, QUAKER, oatmeal, REAL MEDLEYS, summer berry, dry	353	11.31	72.58	20.43	4.4	8.5	package (1 NLEA serving)=70
172972	Cereals, QUAKER, QUAKER MultiGrain Oatmeal, dry	334	12.64	72.62	2.46	2.73	11.9	cup (1 NLEA serving)=80
172979	Cereals, QUAKER, QUAKER MultiGrain Oatmeal, prepared with water, no salt	61	2.08	13.49		0.47	2.2	
172980	Cereals, QUAKER, QUAKER MultiGrain Oatmeal, prepared with water, salt	61	2.07	13.47		0.47	2.2	
174640	Cereals, QUAKER, Quick Oats with Iron, Dry	371	13.7	68.18	1.42	6.87	9.4	cup=80
172989	Cereals, QUAKER, Quick Oats, Dry	371	13.7	68.18	1.42	6.87	9.4	cup=80
173923	Cereals, QUAKER, Weight Control Instant Oatmeal, banana bread	361	16.5	64.42	1.29	6.16	12.6	packet (1 NLEA serving)=45
173922	Cereals, QUAKER, Weight Control Instant Oatmeal, maple and brown sugar	361	16.37	64.25	1.25	6.2	13	packet (1 NLEA serving)=45
174641	Cereals, QUAKER, Whole Wheat Natural Cereal, dry	333	11.8	74.8	2	2	9.9	cup=80
171678	Cereals, ready-to-eat, MALT-O-MEAL, Blueberry Mini SPOONERS	350	8.81	79.4	18.44	1.92	10.3	cup (1 NLEA serving)=55
171666	Cereals, WHEATENA, cooked with water	56	2	11.8		0.5	2.7	cup=243|cup=242.7
171676	Cereals, WHEATENA, cooked with water, with salt	59	2.03	11.74	0.25	0.45	2	cup=243|cup=242.7
171665	Cereals, WHEATENA, dry	357	13.1	75.6	1.6	2.9	12.8	cup (1 NLEA serving)=121.2|cup=141|cup=140
171677	Cereals, whole wheat hot natural cereal, cooked with water, with salt	62	2	13.7	0.08	0.4	1.6	cup=242|cup=242.7
171668	Cereals, whole wheat hot natural cereal, cooked with water, without salt	62	2	13.7	0.08	0.4	1.6	cup=242|cup=242.7
171667	Cereals, whole wheat hot natural cereal, dry	342	11.2	75.2	0.42	2	9.5	cup=94|cup=93.9
169343	Chard, swiss, cooked, boiled, drained, with salt	20	1.88	4.13	1.1	0.08	2.1	cup, chopped=175
170401	Chard, swiss, cooked, boiled, drained, without salt	20	1.88	4.13	1.1	0.08	2.1	cup, chopped=175
169991	Chard, swiss, raw	19	1.8	3.74	1.1	0.2	1.6	cup=36|leaf=48
169344	Chayote, fruit, cooked, boiled, drained, with salt	22	0.62	4.5	1.89	0.48	2.8	cup (1" pieces)=160
170403	Chayote, fruit, cooked, boiled, drained, without salt	24	0.62	5.09	1.89	0.48	2.8	cup (1" pieces)=160
170402	Chayote, fruit, raw	19	0.82	4.51	1.66	0.13	1.7	cup (1" pieces)=132|chayote (5-3/4")=203
170856	Cheese food, cold pack, American	331	19.66	8.32		24.46	0	oz=28.4|package (8 oz)=227
171252	Cheese food, pasteurized process, American, vitamin D fortified	330	16.86	8.56	5.59	25.63	0	cup=113|oz=28.4|slice (3/4 oz)=21|package (8 oz)=227
171291	Cheese food, pasteurized process, American, without added vitamin D	330	16.86	8.56	5.59	25.63	0	cup=113|oz=28.4|slice (3/4 oz)=21|package (8 oz)=227
171253	Cheese food, pasteurized process, swiss	323	21.92	4.5		24.14	0	oz=28.4|package (8 oz)=227
173455	Cheese product, pasteurized process, American, reduced fat, fortified with vitamin D	240	17.6	10.6	8.02	14.1	0	slice 3/4 oz=21|slice 2/3 oz=19
171289	Cheese product, pasteurized process, American, vitamin D fortified	307	16.09	8.85	6.24	23.06	0	slice (2/3 oz)=19|slice (3/4 oz)=21
168860	Cheese puffs and twists, corn based, baked, low fat	432	8.5	72.35	7.29	12.1	3.6	oz=28.4
172200	Cheese sauce, prepared from recipe	197	10.33	5.48	0.19	14.92	0.1	tbsp=15|cup=243
170896	Cheese spread, American or Cheddar cheese base, reduced fat	176	13.41	10.71	7.06	8.88	0	piece=21|package=566
169081	Cheese spread, cream cheese base	295	7.1	3.5	3.5	28.6	0	oz=28.4|cup=240
171254	Cheese spread, pasteurized process, American	290	16.41	8.73	7.32	21.23	0	cup, diced=140|cup=244|jar (5 oz)=128|cubic inch=18|jar (5 oz)=142|slice=34|slice, thin=14
172198	Cheese substitute, mozzarella	248	11.47	23.67	23.67	12.22	0	cup, shredded=113|oz=28.4|cubic inch=18|slice=28|oz=28.3
169901	Cheese, american cheddar, imitation	239	16.7	11.6	7.74	14	0	slice=21|cubic inch=18|cup=224
170863	Cheese, American, nonfat or fat free	126	21.05	10.53	5.26	0	0	serving=19
172175	Cheese, blue	353	21.4	2.34	0.5	28.74	0	oz=28.4|cubic inch=17|cup, crumbled, not packed=135
172176	Cheese, brick	371	23.24	2.79	0.51	29.68	0	cup, diced=132|cup, shredded=113|oz=28.4|cubic inch=17|slice (1 oz)=28
172177	Cheese, brie	334	20.75	0.45	0.45	27.68	0	oz=28.4|cup, sliced=144|cup, melted=240|cubic inch=17|package (4.5 oz)=128
172178	Cheese, camembert	300	19.8	0.46	0.46	24.26	0	oz=28.4|cup=246|cubic inch=17|wedge (1.33 oz)=38
173413	Cheese, caraway	376	25.18	3.06		29.2	0	oz=28.4
173414	Cheese, cheddar (Includes foods for USDA's Food Distribution Program)	403	22.87	3.37	0.48	33.31	0	cup, diced=132|cup, melted=244|cup, shredded=113|oz=28.4|cubic inch=17|slice (1 oz)=28
171295	Cheese, cheddar, nonfat or fat free	157	32.14	7.14	0	0	0	serving=28
171292	Cheese, cheddar, reduced fat (Includes foods for USDA's Food Distribution Program)	316	27.35	2.67	0.26	20.41	0	slice=21
170899	Cheese, cheddar, sharp, sliced	410	24.25	2.13	0.27	33.82	0	slice (2/3 oz)=19|slice (3/4 oz)=21|slice (1 oz)=28
173415	Cheese, cheshire	387	23.37	4.78		30.6	0	oz=28.4
173416	Cheese, colby	394	23.76	2.57	0.52	32.11	0	cup, diced=132|cup, shredded=113|oz=28.4|cubic inch=17|slice (1 oz)=28
172179	Cheese, cottage, creamed, large or small curd	98	11.12	3.38	2.67	4.3	0	oz=28.2|cup, large curd (not packed)=210|cup, small curd (not packed)=225
172180	Cheese, cottage, creamed, with fruit	97	10.69	4.61	2.38	3.85	0.2	oz=28.2|cup (not packed)=226
173417	Cheese, cottage, lowfat, 1% milkfat	72	12.39	2.72	2.72	1.02	0	oz=28.2|cup (not packed)=226
167703	Cheese, cottage, lowfat, 1% milkfat, lactose reduced	74	12.4	3.2	2.6	1	0.6	oz=28.2|cup=227
168114	Cheese, cottage, lowfat, 1% milkfat, no sodium added	72	12.4	2.7	2.7	1	0	oz=28.2|cup=226
167716	Cheese, cottage, lowfat, 1% milkfat, with vegetables	67	10.9	3	3	1	0	oz=28.2|cup=226
172182	Cheese, cottage, lowfat, 2% milkfat	81	10.45	4.76	4	2.27	0	oz=28.2|cup (not packed)=226
172181	Cheese, cottage, nonfat, uncreamed, dry, large or small curd	72	10.34	6.66	1.85	0.29	0	cup (not packed)=145|oz=28.2
169078	Cheese, cottage, with vegetables	95	10.9	3	0.37	4.2	0.1	oz=28.2|cup=226
173418	Cheese, cream	350	6.15	5.52	3.76	34.44	0	tbsp=14.5|cup=232|tbsp, whipped=10|oz=28.4|cubic inch=16|package, small (3 oz)=85
172207	Cheese, cream, fat free	105	15.69	7.66	5.48	1	0	tbsp=18
169079	Cheese, cream, low fat	208	7.85	6.73	3.3	16.67	0	tbsp=15|cup=240|tbsp, whipped=10
172222	Cheese, dry white, queso seco	325	24.51	2.04	0.55	24.35		cup grated=97
173419	Cheese, edam	357	24.99	1.43	0	28.57	0	oz=28.4|package (7 oz)=198
173420	Cheese, feta	265	14.21	3.88	0	21.49	0	cup, crumbled=150|oz=28.4|cubic inch=17|wedge (1.33 oz)=38
170843	Cheese, fontina	389	25.6	1.55	1.55	31.14	0	cup, diced=132|cup, shredded=108|oz=28.4|cubic inch=15|slice (1 oz)=28|package (8 oz)=227
172223	Cheese, fresh, queso fresco	299	18.09	2.98	2.32	23.82	0	cup, crumbled=122
171240	Cheese, gjetost	466	9.65	42.65		29.51	0	oz=28.4|package (8 oz)=227
172197	Cheese, goat, hard type	452	30.52	2.17	2.17	35.59	0	oz=28.4
173433	Cheese, goat, semisoft type	364	21.58	0.12	0.12	29.84	0	oz=28.4
173435	Cheese, goat, soft type	264	18.52	0	0	21.08	0	oz=28.4
171241	Cheese, gouda	356	24.94	2.22	2.22	27.44	0	oz=28.4|package (7 oz)=198
171242	Cheese, gruyere	413	29.81	0.36	0.36	32.34	0	oz=28.4|slice (1 oz)=28|cubic inch=15|cup, diced=132|cup, shredded=108|package (6 oz)=170
171243	Cheese, limburger	327	20.05	0.49	0.49	27.25	0	cup=134|oz=28.4|cubic inch=18|box=113|package (8 oz)=227
173439	Cheese, low fat, cheddar or colby	173	24.35	1.91	0.52	7	0	cup, diced=132|cup, shredded=113|oz=28.4|cubic inch=17|slice (1 oz)=28
173440	Cheese, low-sodium, cheddar or colby	398	24.35	1.91	0.49	32.62	0	cup, diced=132|cup, shredded=113|oz=28.4|cubic inch=17|slice (1 oz)=28
171288	Cheese, Mexican blend	384	23.54	0.13	0	32.14	0	cup shredded=112
172216	Cheese, Mexican, blend, reduced fat	282	24.69	3.41	0.56	19.4	0	oz=28.4|cup=112
172201	Cheese, mexican, queso anejo	373	21.44	4.63	4.63	29.98	0	cup, crumbled=132|oz=28.4
173437	Cheese, mexican, queso asadero	356	22.6	4.13	0	25	0	cup, diced=132|cup, shredded=113|oz=28.4|cubic inch=18|slice (1 oz)=28
173438	Cheese, mexican, queso chihuahua	374	21.56	5.56	5.56	29.68	0	cup, diced=132|cup, shredded=113|oz=28.4|cubic inch=17|slice (1 oz)=28
170898	Cheese, mexican, queso cotija	366	20	3.97	0	30	0	tsp=2.5
170844	Cheese, monterey	373	24.48	0.68	0.5	30.28	0	cup, diced=132|cup, shredded=113|oz=28.4|cubic inch=17|slice (1 oz)=28|package (6 oz)=170
168098	Cheese, monterey, low fat	313	28.2	0.7	0.56	21.6	0	cup, diced=132|cup, shredded=113|cubic inch=17|slice (1 oz)=28
171244	Cheese, mozzarella, low moisture, part-skim	295	23.75	5.58	1.9	19.78	0	cup, diced=132|cup, shredded=113|oz=28.4|cubic inch=18|slice (1 oz)=28
170900	Cheese, mozzarella, low moisture, part-skim, shredded	304	23.63	8.06	2.24	19.72	0	cup=86
167735	Cheese, mozzarella, low sodium	280	27.5	3.1	1.23	17.1	0	cup, diced=132|cup, shredded=113|cubic inch=18|slice (1 oz)=28
169051	Cheese, mozzarella, nonfat	141	31.7	3.5	1.48	0	1.8	cup, shredded=113
170847	Cheese, mozzarella, part skim milk	254	24.26	2.77	1.13	15.92	0	oz=28.4
170845	Cheese, mozzarella, whole milk	299	22.17	2.4	0	22.14	0	cup, shredded=112|oz=28.4|slices=28.3
170846	Cheese, mozzarella, whole milk, low moisture	318	21.6	2.47	1.01	24.64	0	oz=28.4|cubic inch=18
171245	Cheese, muenster	368	23.41	1.12	1.12	30.04	0	cup, diced=132|cup, shredded=113|oz=28.4|cubic inch=18|slice (1 oz)=28|package (6 oz)=170
169050	Cheese, muenster, low fat	271	24.7	3.5	3.5	17.6	0	cup, shredded=113|cubic inch=18|slice=28
171246	Cheese, neufchatel	253	9.15	3.59	3.19	22.78	0	oz=28.4|package (3 oz)=85
173452	Cheese, parmesan, dry grated, reduced fat	265	20	1.37	0	20	0	cup=100|tbsp=5|oz=28.4
171247	Cheese, parmesan, grated	420	28.42	13.91	0.07	27.84	0	cup=100|tbsp=5|oz=28.4
170848	Cheese, parmesan, hard	392	35.75	3.22	0.11	25	0	oz=28.4|cubic inch=10.3|package (5 oz)=28.4
167705	Cheese, parmesan, low sodium	451	41.6	3.7	0.85	29.99	0	cup, grated=100|tbsp=5
173431	Cheese, parmesan, shredded	415	37.86	3.41	0.9	27.34	0	tbsp=5
170853	Cheese, pasteurized process, American, fortified with vitamin D	366	18.13	4.78	2.26	30.71	0	oz=28.4|slice (1 oz)=28|slice (3/4 oz)=21|cubic inch=18|cup, shredded=113|cup, diced=140|cup, melted=244
169080	Cheese, pasteurized process, American, low fat	180	24.6	3.5	0.59	7	0	cup, diced=140|cup, shredded=113|cubic inch=18|slice (3/4 oz)=21
171290	Cheese, pasteurized process, American, without added vitamin D	371	18.13	3.7	2.26	31.79	0	oz=28.4|slice (3/4 oz)=21|slice (1 oz)=28|cubic inch=18|cup, diced=140|cup, shredded=113|cup, melted=244
168121	Cheese, pasteurized process, cheddar or American, low sodium	376	22.2	1.6	0.45	31.19	0	cup, diced=140|cup, shredded=113|cubic inch=18|slice=21
170854	Cheese, pasteurized process, pimento	375	22.13	1.73	0.62	31.2	0.1	cup, diced=140|cup, melted=244|cup, shredded=113|oz=28.4|cubic inch=18|slice (3/4 oz)=21
170855	Cheese, pasteurized process, swiss	334	24.73	2.1	1.23	25.01	0	cup, diced=140|cup, shredded=113|oz=28.4|cubic inch=18|slice (3/4 oz)=21
170849	Cheese, port de salut	352	23.78	0.57	0.57	28.2	0	cup, diced=132|cup, shredded=113|oz=28.4|cubic inch=17|slice (1 oz)=28|package (6 oz)=170
170850	Cheese, provolone	351	25.58	2.14	0.56	26.62	0	cup, diced=132|oz=28.4|cubic inch=17|slice (1 oz)=28|package (6 oz)=170
172215	Cheese, provolone, reduced fat	274	24.7	3.5	0.55	17.6	0	cup, diced=132|oz=28.4|cup, shredded=113|cubic inch=14.3|slice (1 oz)=28|package (6 oz)=170
171248	Cheese, ricotta, part skim milk	138	11.39	5.14	0.31	7.91	0	cup=248|oz=28.4|cup=246
170851	Cheese, ricotta, whole milk	150	7.54	7.27	0.27	10.18	0	cup=248|cup=246
171249	Cheese, romano	387	31.8	3.63	0.73	26.94	0	oz=28.4|package (5 oz)=28.4
171250	Cheese, roquefort	369	21.54	2		30.64	0	oz=28.4|package (3 oz)=85
171251	Cheese, swiss	393	26.96	1.44	0	30.99	0	cup, diced=132|cup, melted=244|cup, shredded=108|oz=28.4|cubic inch=15|slice (1 oz)=28
168141	Cheese, swiss, low fat	179	28.4	3.4	1.33	5.1	0	slice (1 oz)=28|cubic inch=15|cup, shredded=108|cup, diced=132
168124	Cheese, swiss, low sodium	374	28.4	3.4	1.31	27.4	0	slice=28|cubic inch=15|cup, shredded=108|cup, diced=132
170897	Cheese, Swiss, nonfat or fat free	127	28.4	3.4	1.33	0	0	serving=28
170852	Cheese, tilsit	340	24.41	1.88		25.98	0	oz=28.4|package (6 oz)=170
172224	Cheese, white, queso blanco	310	20.38	2.53	1.76	24.31		cup, crumbled=118
171623	Cheesefurter, cheese smokie, pork, beef	328	14.1	1.51	1.51	29	0	links=42.9
173953	Cherimoya, raw	75	1.57	17.71	12.87	0.68	3	cup, pieces=160|fruit without skin and seeds=235
167769	Cherries, sour, canned, water pack, drained	42	0.69	10.45	6.99	0.21	1.2	cup=168
171717	Cherries, sour, red, canned, extra heavy syrup pack, solids and liquids	114	0.71	29.23		0.09	0.8	cup=261
171716	Cherries, sour, red, canned, heavy syrup pack, solids and liquids	91	0.73	23.27	22.17	0.1	1.1	cup=256
173956	Cherries, sour, red, canned, light syrup pack, solids and liquids	75	0.74	19.3		0.1	0.8	cup=252
173955	Cherries, sour, red, canned, water pack, solids and liquids	36	0.77	8.94	7.6	0.1	1.1	cup=244
171718	Cherries, sour, red, frozen, unsweetened (Includes foods for USDA's Food Distribution Program)	46	0.92	11.02	9.02	0.44	1.6	cup, unthawed=155|package (18 oz)=510
173954	Cherries, sour, red, raw	50	1	12.18	8.49	0.3	1.6	cup, without pits=155|cup, with pits, yields=103
171720	Cherries, sweet, canned, extra heavy syrup pack, solids and liquids	102	0.59	26.23		0.15	1.5	cup, pitted=261
173958	Cherries, sweet, canned, juice pack, solids and liquids	54	0.91	13.81	12.31	0.02	1.5	cup, pitted=250
173959	Cherries, sweet, canned, light syrup pack, solids and liquids	67	0.61	17.29	15.79	0.15	1.5	cup, pitted=252
173960	Cherries, sweet, canned, pitted, heavy syrup pack, solids and liquids	83	0.6	21.27	16.18	0.15	1.4	cup=253
167770	Cherries, sweet, canned, pitted, heavy syrup, drained	83	0.73	21.07	16.18	0.21	2.3	cup=179
173957	Cherries, sweet, canned, water pack, solids and liquids	46	0.77	11.76	10.26	0.13	1.5	cup, pitted=248
171719	Cherries, sweet, raw	63	1.06	16.01	12.82	0.2	2.1	cup, with pits, yields=138|cup, without pits=154|cherry=8.2|NLEA serving=140
171708	Cherries, tart, dried, sweetened (Includes foods for USDA's Food Distribution Program)	333	1.25	80.45	67.15	0.73	2.5	cup=160
167807	Cherry juice, tart	59	0.31	13.7	12.21	0.54		cup=269|fl oz=31.5
168771	Chewing gum	360	0	96.7	66.08	0.3	2.4	stick=3|Chiclets=1.6|block=8
169882	Chewing gum, sugarless	268	0	94.8	0	0.4	2.4	piece=2
170303	CHICK-FIL-A, Chick-n-Strips	228	21.4	10.39	1.24	11.2	0.9	strip=50|serving 4 pieces=201
170790	CHICK-FIL-A, chicken sandwich	249	16.28	20.89	3.64	11.19	1.4	sandwich=187
170304	CHICK-FIL-A, hash browns	301	3	30.51	0.54	18.5	3.2	piece=5.5|serving=77
171514	Chicken breast tenders, breaded, cooked, microwaved	252	16.35	17.56	0	12.89	0	oz=28.3|piece=15|pieces=15.5
171515	Chicken breast tenders, breaded, uncooked	263	14.73	15.01	0.37	15.75	1.1	oz=28.3|piece=15|pieces=15.5
173874	Chicken breast, deli, rotisserie seasoned, sliced, prepackaged	98	17.4	2.92	0.75	1.86	0	slice=12
172962	Chicken breast, fat-free, mesquite flavor, sliced	80	16.8	2.25	0.2	0.39	0	serving 2 slices=42
172963	Chicken breast, oven-roasted, fat-free, sliced	79	16.79	2.17	0.1	0.39	0	serving 2 slices=42
174608	Chicken breast, roll, oven-roasted	134	14.59	1.79	0.43	7.65	0	serving 2 oz=56
171513	Chicken patty, frozen, cooked	287	14.85	12.84	0	19.58	0.3	oz=28.3|patty=60
171512	Chicken patty, frozen, uncooked	292	14.33	13.61	0	20.04	1.2	oz=28.3|patty=60
173331	Chicken pot pie, frozen entree, prepared	204	5.11	19.21	2.26	11.85	1.1	pie=302
173858	Chicken spread	158	18.01	4.05	0.47	17.56	0.3	serving (1 serving)=56
173346	Chicken tenders, breaded, frozen, prepared	240	14.62	14.86	0.57	13.58	1.7	piece=21
171140	Chicken, broiler or fryers, breast, skinless, boneless, meat only, cooked, braised	157	32.06	0	0	3.24	0	oz=28.3|piece=181
171534	Chicken, broiler or fryers, breast, skinless, boneless, meat only, cooked, grilled	151	30.54	0	0	3.17	0	oz=28.3|piece=196
171077	Chicken, broiler or fryers, breast, skinless, boneless, meat only, raw	120	22.5	0	0	2.62	0	oz=28.2|piece=272|package=926
171535	Chicken, broiler or fryers, breast, skinless, boneless, meat only, with added solution, cooked, braised	145	28.24	0	0	3.61	0	oz=28.3|piece=195
171536	Chicken, broiler or fryers, breast, skinless, boneless, meat only, with added solution, cooked, grilled	148	29.5	0	0	3.39	0	oz=28.3|piece=192
174506	Chicken, broiler, rotisserie, BBQ, back meat only	212	21.85	0.31	0.31	13.87	0	oz=28.3|back=182
171124	Chicken, broiler, rotisserie, BBQ, back, meat and skin	251	20.29	0.4	0.4	18.86	0	oz=28.3|back=182
171125	Chicken, broiler, rotisserie, BBQ, breast, meat and skin	175	26.37	0.09	0.09	7.67	0	oz=28.3|breast=384
171445	Chicken, broiler, rotisserie, BBQ, breast, meat only	144	28.04	0	0	3.57	0	oz=28.3|breast=384
171126	Chicken, broiler, rotisserie, BBQ, drumstick, meat and skin	206	25.65	0.12	0.12	11.46	0	oz=28.3|drumstick=71
171114	Chicken, broiler, rotisserie, BBQ, drumstick, meat only	172	27.71	0	0	6.76	0	oz=28.3|drumstick=71
171524	Chicken, broiler, rotisserie, BBQ, skin	378	15.19	0.7	0.7	35.15	0	serving=85
171127	Chicken, broiler, rotisserie, BBQ, thigh, meat and skin	226	22.51	0.12	0.12	15.08	0	oz=28.3|thigh=95
171118	Chicken, broiler, rotisserie, BBQ, thigh, meat only	193	24.09	0	0	10.74	0	oz=28.3|thigh=95
172830	Chicken, broiler, rotisserie, BBQ, wing, meat and skin	257	23.42	0.6	0.6	18.04	0	oz=28.3|wing=51
171516	Chicken, broiler, rotisserie, BBQ, wing, meat only	186	28.34	0.54	0.53	7.79	0	oz=28.3|wing=51
171470	Chicken, broilers or fryers, back, meat and skin, cooked, fried, batter	331	21.97	10.25		21.91		unit (yield from 1 lb ready-to-cook chicken)=72|back, bone removed=240
171471	Chicken, broilers or fryers, back, meat and skin, cooked, fried, flour	331	27.79	6.5		20.74		unit (yield from 1 lb ready-to-cook chicken)=44|back, bone removed=144
171071	Chicken, broilers or fryers, back, meat and skin, cooked, roasted	300	25.95	0	0	20.97	0	unit (yield from 1 lb ready-to-cook chicken)=32|back, bone removed=106
171072	Chicken, broilers or fryers, back, meat and skin, cooked, stewed	258	22.18	0	0	18.14	0	oz=28.3|unit (yield from 1 lb ready-to-cook chicken)=36|cup, chopped or diced=160
171469	Chicken, broilers or fryers, back, meat and skin, raw	319	14.05	0	0	28.74	0	unit (yield from 1 lb ready-to-cook chicken)=59|back, bone removed=198
171074	Chicken, broilers or fryers, back, meat only, cooked, fried	288	29.99	5.68		15.32	0	unit (yield from 1 lb ready-to-cook chicken)=35|back, bone and skin removed=116
171472	Chicken, broilers or fryers, back, meat only, cooked, roasted	239	28.19	0	0	13.16	0	oz=28.3|unit (yield from 1 lb ready-to-cook chicken)=48
171473	Chicken, broilers or fryers, back, meat only, cooked, stewed	209	25.31	0	0	11.19	0	unit (yield from 1 lb ready-to-cook chicken)=26|back, bone and skin removed=84
171073	Chicken, broilers or fryers, back, meat only, raw	137	19.56	0	0	5.92	0	oz=28.2|unit (yield from 1 lb ready-to-cook chicken)=62
171475	Chicken, broilers or fryers, breast, meat and skin, cooked, fried, batter	260	24.84	8.99	0	13.2	0.3	oz=28.3|unit (yield from 1 lb ready-to-cook chicken)=168
171476	Chicken, broilers or fryers, breast, meat and skin, cooked, fried, flour	222	31.84	1.64		8.87	0.1	unit (yield from 1 lb ready-to-cook chicken)=59|breast, bone removed=196
171075	Chicken, broilers or fryers, breast, meat and skin, cooked, roasted	197	29.8	0	0	7.78	0	cup, chopped or diced=140|unit (yield from 1 lb ready-to-cook chicken)=58|breast, bone removed=196
171076	Chicken, broilers or fryers, breast, meat and skin, cooked, stewed	184	27.39	0	0	7.42	0	cup, chopped or diced=140|unit (yield from 1 lb ready-to-cook chicken)=66|breast, bone removed=220
171474	Chicken, broilers or fryers, breast, meat and skin, raw	172	20.85	0	0	9.25	0	breast, bone removed (yield from 1 lb ready-to-cook chicken)=174|breast, bone removed=290
171078	Chicken, broilers or fryers, breast, meat only, cooked, fried	187	33.44	0.51	0	4.71	0	unit (yield from 1 lb ready-to-cook chicken)=52|breast, bone and skin removed=172
171477	Chicken, broilers or fryers, breast, meat only, cooked, roasted	165	31.02	0	0	3.57	0	cup, chopped or diced=140|unit (yield from 1 lb ready-to-cook chicken)=52|breast, bone and skin removed=172
171478	Chicken, broilers or fryers, breast, meat only, cooked, stewed	151	28.98	0	0	3.03	0	cup, chopped or diced=140|unit (yield from 1 lb ready-to-cook chicken)=57|breast, bone and skin removed=190
171509	Chicken, broilers or fryers, breast, skinless, boneless, meat only, with added solution, raw	108	20.32	0	0	3	0	oz=28.2|piece=263|breast=236
174497	Chicken, broilers or fryers, dark meat, drumstick, meat and skin, cooked, braised	187	22.72	0	0	10.73	0	oz=28.3|drumstick without skin=95|drumstick with skin=105
172852	Chicken, broilers or fryers, dark meat, drumstick, meat only, cooked, braised	149	23.93	0	0	5.95	0	oz=28.3|drumstick without skin=95|drumstick with skin=105
172376	Chicken, broilers or fryers, dark meat, drumstick, meat only, cooked, roasted	155	24.24	0	0	5.7	0	oz=28.3|drumstick without skin=96|drumstick with skin=105
173614	Chicken, broilers or fryers, dark meat, drumstick, meat only, raw	116	19.41	0	0	3.71	0	oz=28.2|drumstick with skin=130|drumstick without skin=122
171063	Chicken, broilers or fryers, dark meat, meat and skin, cooked, fried, batter	298	21.85	9.38		18.64		oz=28.3|unit (yield from 1 lb ready-to-cook chicken)=167|chicken, bone removed=556
171064	Chicken, broilers or fryers, dark meat, meat and skin, cooked, fried, flour	285	27.22	4.08	0	16.91	0	unit (yield from 1 lb ready-to-cook chicken)=110|chicken, bone removed=368
171065	Chicken, broilers or fryers, dark meat, meat and skin, cooked, roasted	253	25.97	0		15.78	0	unit (yield from 1 lb ready-to-cook chicken)=101|chicken, bone removed=334
171066	Chicken, broilers or fryers, dark meat, meat and skin, cooked, stewed	233	23.5	0		14.66	0	unit (yield from 1 lb ready-to-cook chicken)=110|chicken, bone removed=368
171463	Chicken, broilers or fryers, dark meat, meat and skin, raw	237	16.69	0	0	18.34	0	oz=28.2|unit (yield from 1 lb ready-to-cook chicken)=160|chicken, bone removed=532
171068	Chicken, broilers or fryers, dark meat, meat only, cooked, fried	239	28.99	2.59		11.62	0	cup=140|unit (yield from 1 lb ready-to-cook chicken)=91
171069	Chicken, broilers or fryers, dark meat, meat only, cooked, roasted	205	27.37	0	0	9.73	0	cup, chopped or diced=140|unit (yield from 1 lb ready-to-cook chicken)=81|chicken, bone and skin removed=272
171070	Chicken, broilers or fryers, dark meat, meat only, cooked, stewed	192	25.97	0	0	8.98	0	cup, chopped or diced=140|unit (yield from 1 lb ready-to-cook chicken)=86|chicken, bone and skin removed=286
171067	Chicken, broilers or fryers, dark meat, meat only, raw	125	20.08	0	0	4.31	0	unit (yield from 1 lb ready-to-cook chicken)=109|chicken, bone and skin removed=364
174498	Chicken, broilers or fryers, dark meat, thigh, meat and skin, cooked, braised	229	22.57	0	0	15.43	0	oz=28.3|thigh without skin=111|thigh with skin=129
172853	Chicken, broilers or fryers, dark meat, thigh, meat only, cooked, braised	176	24.55	0	0	8.63	0	oz=28.3|thigh without skin=111|thigh with skin=129
173627	Chicken, broilers or fryers, dark meat, thigh, meat only, raw	121	19.66	0	0	4.12	0	oz=28.2|thigh without skin=149
172374	Chicken, broilers or fryers, drumstick, meat and skin, cooked, fried, batter	268	21.95	8.28		15.75	0.3	unit (yield from 1 lb ready-to-cook chicken)=43|drumstick, bone removed=72
173611	Chicken, broilers or fryers, drumstick, meat and skin, cooked, fried, flour	245	26.96	1.63		13.72	0.1	unit (yield from 1 lb ready-to-cook chicken)=29|drumstick, bone removed=49
173612	Chicken, broilers or fryers, drumstick, meat and skin, cooked, roasted	191	23.35	0	0	10.15	0	oz=28.3|drumstick with skin (yield from 1 lb ready-to-cook chicken)=105|drumstick without skin=96
173613	Chicken, broilers or fryers, drumstick, meat and skin, cooked, stewed	204	25.32	0	0	10.64	0	cup, chopped or diced=140|unit (yield from 1 lb ready-to-cook chicken)=34|drumstick, bone removed=57
172373	Chicken, broilers or fryers, drumstick, meat and skin, raw	161	18.08	0.11	0	9.2	0	oz=28.2|drumstick with skin=133|drumstick=130
172375	Chicken, broilers or fryers, drumstick, meat only, cooked, fried	195	28.62	0		8.08	0	unit (yield from 1 lb ready-to-cook chicken)=25|drumstick, bone and skin removed=42
172377	Chicken, broilers or fryers, drumstick, meat only, cooked, stewed	169	27.5	0	0	5.71	0	oz=28.3|drumstick, bone and skin removed=46|cup, chopped or diced=160|unit (yield from 1 lb ready-to-cook chicken)=28
171519	Chicken, broilers or fryers, drumstick, rotisserie, original seasoning, meat only, cooked	176	28.74	0	0	6.81	0	drumstick=53|serving (3oz)=85|oz=28.4
171058	Chicken, broilers or fryers, giblets, cooked, fried	277	32.54	4.35		13.46	0	cup, chopped or diced=145|unit (yield from 1 lb ready-to-cook chicken)=13
171455	Chicken, broilers or fryers, giblets, cooked, simmered	157	27.15	0	0	4.5	0	oz=28.3|cup chopped or dice=145
171057	Chicken, broilers or fryers, giblets, raw	124	17.88	1.8		4.47	0	unit (yield from 1 lb ready-to-cook chicken)=23|giblets=75
173615	Chicken, broilers or fryers, leg, meat and skin, cooked, fried, batter	273	21.77	8.72		16.17	0.3	unit (yield from 1 lb ready-to-cook chicken)=95|leg, bone removed=158
173616	Chicken, broilers or fryers, leg, meat and skin, cooked, fried, flour	254	26.84	2.5		14.43	0.1	unit (yield from 1 lb ready-to-cook chicken)=67|leg, bone removed=112
173617	Chicken, broilers or fryers, leg, meat and skin, cooked, roasted	184	24.03	0	0	8.99	0	oz=28.3|leg, with skin (Sum of drumstick+thigh+back)=258|thigh with skin=133|drumstick with skin=91|back with skin=35
173618	Chicken, broilers or fryers, leg, meat and skin, cooked, stewed	220	24.17	0	0	12.92	0	cup, chopped or diced=140|unit (yield from 1 lb ready-to-cook chicken)=75|leg, bone removed=125
172378	Chicken, broilers or fryers, leg, meat and skin, raw	214	16.37	0.17	0	15.95	0	oz=28.2|leg, with skin (Sum of drumstick+thigh+back)=344|drumstick with skin=111|thigh with skin=185|back with skin=49
172379	Chicken, broilers or fryers, leg, meat only, cooked, fried	208	28.38	0.65		9.32	0	unit (yield from 1 lb ready-to-cook chicken)=56|leg, bone and skin removed=94
172380	Chicken, broilers or fryers, leg, meat only, cooked, roasted	174	24.22	0	0	7.8	0	oz=28.3|leg (Sum of drumstick+thigh+back meat only)=199|drumstick bone and skin=105|thigh bone and skin=72|back bone and skin=22
172381	Chicken, broilers or fryers, leg, meat only, cooked, stewed	185	26.26	0	0	8.06	0	oz=28.3|cup, chopped or diced=160|unit (yield from 1 lb ready-to-cook chicken)=60|leg, bone and skin removed=101
173619	Chicken, broilers or fryers, leg, meat only, raw	120	19.16	0	0	4.22	0	oz=28.2|leg, bone and skin removed (Sum of drumstick+thigh+back meat only)=265|thigh bone and skin removed=147|drumstick bone and skin removed=88|back bone and skin removed=30
171459	Chicken, broilers or fryers, light meat, meat and skin, cooked, fried, batter	277	23.55	9.5		15.44		unit (yield from 1 lb ready-to-cook chicken)=113|chicken, bone removed=376
171460	Chicken, broilers or fryers, light meat, meat and skin, cooked, fried, flour	246	30.45	1.82	0	12.09	0.1	unit (yield from 1 lb ready-to-cook chicken)=78|chicken, bone removed=260
171461	Chicken, broilers or fryers, light meat, meat and skin, cooked, roasted	222	29.02	0		10.85	0	unit (yield from 1 lb ready-to-cook chicken)=79|chicken, bone removed=264
171462	Chicken, broilers or fryers, light meat, meat and skin, cooked, stewed	201	26.14	0		9.97	0	unit (yield from 1 lb ready-to-cook chicken)=90|chicken, bone removed=300
171062	Chicken, broilers or fryers, light meat, meat and skin, raw	186	20.27	0	0	11.07	0	oz=28.2|unit (yield from 1 lb ready-to-cook chicken)=232
171465	Chicken, broilers or fryers, light meat, meat only, cooked, fried	192	32.82	0.42		5.54	0	cup=140|unit (yield from 1 lb ready-to-cook chicken)=64
171466	Chicken, broilers or fryers, light meat, meat only, cooked, roasted	173	30.91	0	0	4.51	0	cup, chopped or diced=140|unit (yield from 1 lb ready-to-cook chicken)=64|chicken, bone and skin removed=214
171467	Chicken, broilers or fryers, light meat, meat only, cooked, stewed	159	28.88	0	0	3.99	0	cup, chopped or diced=140|unit (yield from 1 lb ready-to-cook chicken)=71|chicken, bone and skin removed=238
171464	Chicken, broilers or fryers, light meat, meat only, raw	114	23.2	0	0	1.65	0	unit (yield from 1 lb ready-to-cook chicken)=88|chicken, bone and skin removed=294
171048	Chicken, broilers or fryers, meat and skin and giblets and neck, cooked, fried, batter	291	22.84	9.03		17.53		oz=28.3|unit (yield from 1 lb ready-to-cook chicken)=308|chicken=1028
171049	Chicken, broilers or fryers, meat and skin and giblets and neck, cooked, fried, flour	272	28.57	3.27		15.27		oz=28.3|unit (yield from 1 lb ready-to-cook chicken)=212|chicken=708
171047	Chicken, broilers or fryers, meat and skin and giblets and neck, raw	213	18.33	0.13		14.83	0	oz=28.3|chicken=1046
171050	Chicken, broilers or fryers, meat and skin and giblets and neck, roasted	234	26.78	0.06	0	13.27	0	oz=28.3|unit (yield from 1 lb ready-to-cook chicken)=205|chicken=682
171446	Chicken, broilers or fryers, meat and skin and giblets and neck, stewed	216	24.49	0.06		12.37	0	oz=28.3|unit (yield from 1 lb ready-to-cook chicken)=225|chicken=751
171448	Chicken, broilers or fryers, meat and skin, cooked, fried, batter	289	22.54	9.42	0	17.35	0.3	oz=28.3|unit (yield from 1 lb ready-to-cook chicken)=280|chicken, bone removed=932
171449	Chicken, broilers or fryers, meat and skin, cooked, fried, flour	269	28.56	3.15	0	14.92	0.1	oz=28.3|unit (yield from 1 lb ready-to-cook chicken)=188|chicken, bone removed=628
171450	Chicken, broilers or fryers, meat and skin, cooked, roasted	239	27.3	0	0	13.6	0	oz=28.3|cup, chopped or diced=140|unit (yield from 1 lb ready-to-cook chicken)=356
171051	Chicken, broilers or fryers, meat and skin, cooked, stewed	219	24.68	0	0	12.56	0	cup, chopped or diced=140|unit (yield from 1 lb ready-to-cook chicken)=200|chicken, bone removed=668
171447	Chicken, broilers or fryers, meat and skin, raw	215	18.6	0	0	15.06	0	oz=28.2|unit (yield from 1 lb ready-to-cook chicken)=276|chicken, bone removed=920
171053	Chicken, broilers or fryers, meat only, cooked, fried	219	30.57	1.69	0	9.12	0.1	cup, chopped or diced=140|unit (yield from 1 lb ready-to-cook chicken)=155|chicken, bone and skin removed=516
171054	Chicken, broilers or fryers, meat only, cooked, roasted	190	28.93	0	0	7.41	0	cup, chopped or diced=140|tbsp=8.7|unit (yield from 1 lb ready-to-cook chicken)=146
171451	Chicken, broilers or fryers, meat only, cooked, stewed	177	27.29	0	0	6.71	0	cup, chopped or diced=140|tbsp=8.7|unit (yield from 1 lb ready-to-cook chicken)=157
171052	Chicken, broilers or fryers, meat only, raw	119	21.39	0	0	3.08	0	oz=28.2|unit (yield from 1 lb ready-to-cook chicken)=197|chicken, bone and skin removed=658
173622	Chicken, broilers or fryers, neck, meat and skin, cooked simmered	247	19.61	0	0	18.1	0	unit (yield from 1 lb ready-to-cook chicken)=11|neck, bone removed=38
173620	Chicken, broilers or fryers, neck, meat and skin, cooked, fried, batter	330	19.82	8.7		23.52		unit (yield from 1 lb ready-to-cook chicken)=16|neck, bone removed=52
173621	Chicken, broilers or fryers, neck, meat and skin, cooked, fried, flour	332	24.01	4.24		23.61		unit (yield from 1 lb ready-to-cook chicken)=11|neck, bone removed=36
172382	Chicken, broilers or fryers, neck, meat and skin, raw	297	14.07	0		26.24	0	unit (yield from 1 lb ready-to-cook chicken)=15|neck, bone removed=50
172383	Chicken, broilers or fryers, neck, meat only, cooked, fried	229	26.87	1.77		11.88	0	unit (yield from 1 lb ready-to-cook chicken)=7|neck, bone and skin removed=22
172384	Chicken, broilers or fryers, neck, meat only, cooked, simmered	179	24.56	0		8.18	0	oz=28.3|unit (yield from 1 lb ready-to-cook chicken)=5|neck, bone and skin removed=18
173623	Chicken, broilers or fryers, neck, meat only, raw	154	17.55	0		8.78	0	unit (yield from 1 lb ready-to-cook chicken)=6|neck, bone and skin removed=20
171122	Chicken, broilers or fryers, rotisserie, original seasoning, back, meat and skin, cooked	260	23.23	0.03	0.03	18.59	0	back=102|serving (3 oz)=85|oz=28.4
171517	Chicken, broilers or fryers, rotisserie, original seasoning, back, meat only, cooked	205	25.34	0	0	11.54	0	serving (3 oz)=85|back=102|oz=28.4
171123	Chicken, broilers or fryers, rotisserie, original seasoning, breast, meat and skin, cooked	184	27.48	0.02	0.02	8.18	0	serving (3 oz)=85|oz=28.4|breast=343
171518	Chicken, broilers or fryers, rotisserie, original seasoning, breast, meat only, cooked	137	28	0	0	2.79	0	oz=28.3|breast breast with skin and bone=483|oz=28.4
171521	Chicken, broilers or fryers, rotisserie, original seasoning, drumstick, meat and skin, cooked	215	26.86	0.02	0.02	11.98	0	drumstick=53|serving (3 oz)=85|oz=28.4
171520	Chicken, broilers or fryers, rotisserie, original seasoning, skin only, cooked	406	17.66	0.11	0.11	37.24	0	oz=28.3
171522	Chicken, broilers or fryers, rotisserie, original seasoning, thigh, meat and skin, cooked	233	22.93	0.02	0.02	15.7	0	thigh=89|serving=85
171120	Chicken, broilers or fryers, rotisserie, original seasoning, thigh, meat only, cooked	196	24.06	0	0	11.09	0	thigh=89|serving (3 oz)=85|oz=28.4
171523	Chicken, broilers or fryers, rotisserie, original seasoning, wing, meat and skin, cooked	266	24.34	0.04	0.04	18.77	0	wing=53|serving (3 oz)=85|oz=28.4
171121	Chicken, broilers or fryers, rotisserie, original seasoning, wing, meat only, cooked	197	27.69	0	0	9.53	0	wing=53|serving (3 oz)=85|oz=28.4
171468	Chicken, broilers or fryers, separable fat, raw	629	3.73	0	0	67.95	0	tbsp=12.8|unit (yield from 1 lb ready-to-cook chicken)=32|chicken, separable fat=104
171453	Chicken, broilers or fryers, skin only, cooked, fried, batter	394	10.32	23.15		28.83		oz=28.3|unit (yield from 1 lb ready-to-cook chicken)=228
171454	Chicken, broilers or fryers, skin only, cooked, fried, flour	502	19.09	9.34		42.58		unit (yield from 1 lb ready-to-cook chicken)=33|chicken, skin only=112
171055	Chicken, broilers or fryers, skin only, cooked, roasted	454	20.36	0	0	40.68	0	unit (yield from 1 lb ready-to-cook chicken)=34|chicken, skin only=112
171056	Chicken, broilers or fryers, skin only, cooked, stewed	363	15.22	0		33.04	0	oz=28.3|unit (yield from 1 lb ready-to-cook chicken)=88
171452	Chicken, broilers or fryers, skin only, raw	349	13.33	0	0	32.35	0	oz=28.2|unit (yield from 1 lb ready-to-cook chicken)=94
172386	Chicken, broilers or fryers, thigh, meat and skin, cooked, fried, batter	277	21.61	9.08		16.53	0.3	unit (yield from 1 lb ready-to-cook chicken)=52|thigh, bone removed=86
173624	Chicken, broilers or fryers, thigh, meat and skin, cooked, fried, flour	262	26.75	3.18		14.98	0.1	unit (yield from 1 lb ready-to-cook chicken)=38|thigh, bone removed=62
173625	Chicken, broilers or fryers, thigh, meat and skin, cooked, roasted	232	23.26	0	0	14.71	0	oz=28.3|thigh with skin=137|thigh without skin=116
173626	Chicken, broilers or fryers, thigh, meat and skin, cooked, stewed	232	23.26	0	0	14.74	0	unit (yield from 1 lb ready-to-cook chicken)=41|thigh, bone removed=68
172385	Chicken, broilers or fryers, thigh, meat and skin, raw	221	16.52	0.25	0	16.61	0	oz=28.2|thigh with skin=193
172387	Chicken, broilers or fryers, thigh, meat only, cooked, fried	218	28.18	1.18		10.3	0	oz=28.3|unit (yield from 1 lb ready-to-cook chicken)=31|thigh, bone and skin removed=52
172388	Chicken, broilers or fryers, thigh, meat only, cooked, roasted	179	24.76	0	0	8.15	0	oz=28.3|thigh without skin=116|thigh with skin=137
172389	Chicken, broilers or fryers, thigh, meat only, cooked, stewed	195	25	0	0	9.79	0	cup, chopped or diced=140|unit (yield from 1 lb ready-to-cook chicken)=33|thigh, bone and skin removed=55
173628	Chicken, broilers or fryers, wing, meat and skin, cooked, fried, batter	324	19.87	10.94		21.81	0.3	unit (yield from 1 lb ready-to-cook chicken)=29|wing, bone removed=49
173629	Chicken, broilers or fryers, wing, meat and skin, cooked, fried, flour	321	26.11	2.39		22.16	0.1	unit (yield from 1 lb ready-to-cook chicken)=19|wing, bone removed=32
173630	Chicken, broilers or fryers, wing, meat and skin, cooked, roasted	254	23.79	0	0	16.87	0	oz=28.3|piece=85
173631	Chicken, broilers or fryers, wing, meat and skin, cooked, stewed	249	22.78	0	0	16.82	0	cup, chopped or diced=140|unit (yield from 1 lb ready-to-cook chicken)=24|wing, bone removed=40
172390	Chicken, broilers or fryers, wing, meat and skin, raw	191	17.52	0	0	12.85	0	oz=28.2|piece=107|package=1150
172391	Chicken, broilers or fryers, wing, meat only, cooked, fried	211	30.15	0		9.15	0	oz=28.3|unit (yield from 1 lb ready-to-cook chicken)=12|wing, bone and skin removed=20
172392	Chicken, broilers or fryers, wing, meat only, cooked, roasted	203	30.46	0	0	8.13	0	unit (yield from 1 lb ready-to-cook chicken)=13|wing, bone and skin removed=21
172393	Chicken, broilers or fryers, wing, meat only, cooked, stewed	181	27.18	0	0	7.18	0	oz=28.3|cup, chopped or diced=140|unit (yield from 1 lb ready-to-cook chicken)=14|wing, bone and skin removed=24
173632	Chicken, broilers or fryers, wing, meat only, raw	126	21.97	0	0	3.54	0	wing, bone and skin removed (yield from 1 lb ready-to-cook chicken)=17|wing, bone and skin removed=29
171099	Chicken, canned, meat only, with broth	165	21.77	0	0	7.95	0	oz=28.3|can (5 oz)=142
171110	Chicken, canned, no broth	185	25.3	0.9	0	8.1	0	oz=28.3|cup=205|can (5 oz) yields=125
174466	Chicken, capons, giblets, cooked, simmered	164	26.39	0.76		5.4	0	cup, chopped or diced=145|unit (yield from 1 lb ready-to cook capon)=11
174465	Chicken, capons, giblets, raw	130	18.28	1.42		5.18	0	giblets=115|unit (yield from 1 lb ready-to cook capon)=18
172407	Chicken, capons, meat and skin and giblets and neck, cooked, roasted	226	28.35	0.04		11.67	0	oz=28.3|capon=1418|unit (yield from 1 lb ready-to cook capon)=218
172406	Chicken, capons, meat and skin and giblets and neck, raw	232	18.51	0.08		16.9	0	oz=28.3|capon=2152
173646	Chicken, capons, meat and skin, cooked, roasted	229	28.96	0		11.65	0	oz=28.3|unit (yield from 1 lb ready-to cook capon)=196|capon, bone removed=1274
173645	Chicken, capons, meat and skin, raw	234	18.77	0	0	17.07	0	oz=28.3|unit (yield from 1 lb ready-to cook capon)=297|capon, bone removed=1928
171107	Chicken, cornish game hens, meat and skin, cooked, roasted	259	22.27	0	0	18.21	0	oz=28.3|bird=258|bird whole=257
171507	Chicken, cornish game hens, meat and skin, raw	200	17.15	0	0	14.02	0	oz=28.3|bird=336
171109	Chicken, cornish game hens, meat only, cooked, roasted	134	23.3	0	0	3.87	0	oz=28.3|bird=220|bird whole=220
171108	Chicken, cornish game hens, meat only, raw	116	20.04	0	0	3.33	0	oz=28.3|bird=240|bird whole=239
174504	Chicken, dark meat, drumstick, meat and skin, with added solution, cooked, braised	183	21.55	0.13	0	10.71	0	oz=28.3|drumstick with skin=106|drumstick without skin=95
172861	Chicken, dark meat, drumstick, meat and skin, with added solution, cooked, roasted	180	24.72	0.05	0	9	0	oz=28.3|drumstick with skin=129|drumstick without skin=91
172860	Chicken, dark meat, drumstick, meat and skin, with added solution, raw	146	18.03	0	0	8.24	0	oz=28.2|drumstick with skin=143|drumstick without skin=130
172857	Chicken, dark meat, drumstick, meat only, with added solution, cooked, braised	149	22.99	0	0	6.33	0	oz=28.3|drumstick without skin=95|drumstick with skin=106
172856	Chicken, dark meat, drumstick, meat only, with added solution, cooked, roasted	146	25.34	0	0	5	0	oz=28.3|drumstick without skin=91|drumstick with skin=129
174499	Chicken, dark meat, drumstick, meat only, with added solution, raw	106	19.19	0	0	3.26	0	oz=28.2|drumstick with skin=143|drumstick without skin=136
172862	Chicken, dark meat, thigh, meat and skin, with added solution, cooked, braised	215	20.7	0.21	0	14.62	0	oz=28.3|thigh without skin=132|thigh with skin=158
174505	Chicken, dark meat, thigh, meat and skin, with added solution, cooked, roasted	214	23.47	0.09	0	13.81	0	oz=28.3|thigh with skin=130|thigh without skin=112
172863	Chicken, dark meat, thigh, meat and skin, with added solution, raw	197	16.56	0	0	14.58	0	oz=28.2|thigh without skin=148|thigh=181
172858	Chicken, dark meat, thigh, meat only, with added solution, cooked, braised	164	23	0	0	7.96	0	oz=28.3|thigh without skin=132|thigh with skin=158
174500	Chicken, dark meat, thigh, meat only, with added solution, cooked, roasted	164	24.23	0	0	7.73	0	oz=28.3|thigh with skin=130|thigh without skin=112
172859	Chicken, dark meat, thigh, meat only, with added solution, raw	110	19.11	0	0	3.69	0	oz=28.2|thigh without skin=148|thigh with skin=191
171119	Chicken, feet, boiled	215	19.4	0.2	0	14.6	0	oz=28.3|lb=453.6
171457	Chicken, gizzard, all classes, cooked, simmered	154	30.39	0	0	2.68	0	cup chopped or dice=145
171456	Chicken, gizzard, all classes, raw	94	17.66	0	0	2.06	0	oz=28.2|lb=453
171117	Chicken, ground, crumbles, cooked, pan-browned	189	23.28	0	0	10.92	0	oz crumbled=28.3
171116	Chicken, ground, raw	143	17.44	0.04	0	8.1	0	oz crumbled=28.2
171059	Chicken, heart, all classes, cooked, simmered	185	26.41	0.1		7.92	0	cup, chopped or diced=145|unit (yield from 1 lb ready-to-cook chicken)=1
171458	Chicken, heart, all classes, raw	153	15.55	0.71		9.33	0	heart=6.1|unit (yield from 1 lb ready-to-cook chicken)=1.8
174491	Chicken, liver, all classes, cooked, pan-fried	172	25.78	1.11	0	6.43	0	oz=28.3|liver=44
171061	Chicken, liver, all classes, cooked, simmered	167	24.46	0.87	0	6.51	0	oz=28.3|liver=44
171060	Chicken, liver, all classes, raw	119	16.92	0.73	0	4.83	0	oz=28.2|liver=44
169886	Chicken, meatless	224	23.64	3.64	0	12.73	3.6	cup=168
167719	Chicken, meatless, breaded, fried	234	21.28	8.51	0	12.77	4.3	cup, diced=130|cup pieces=168|piece=36
172111	Chicken, nuggets, dark and white meat, precooked, frozen, not reheated	268	12.02	16.09	0.72	17.31	1.6	serving=87|piece=18
172112	Chicken, nuggets, white meat, precooked, frozen, not reheated	261	14.36	16.24	1.27	15.42	0.7	serving=82|piece=20
173639	Chicken, roasting, dark meat, meat only, cooked, roasted	178	23.25	0		8.75	0	cup, chopped or diced=140|unit (yield from 1 lb ready-to-cook chicken)=94
173638	Chicken, roasting, dark meat, meat only, raw	113	18.74	0	0	3.61	0	unit (yield from 1 lb ready-to-cook chicken)=113|chicken, bone and skin removed=516
172397	Chicken, roasting, giblets, cooked, simmered	165	26.77	0.86		5.22	0	cup, chopped or diced=145|unit (yield from 1 lb ready-to-cook chicken)=15
172396	Chicken, roasting, giblets, raw	127	18.14	1.14		5.04	0	unit (yield from 1 lb ready-to-cook chicken)=25|giblets=113
173637	Chicken, roasting, light meat, meat only, cooked, roasted	153	27.13	0	0	4.07	0	cup, chopped or diced=140|unit (yield from 1 lb ready-to-cook chicken)=78
172398	Chicken, roasting, light meat, meat only, raw	109	22.2	0	0	1.63	0	unit (yield from 1 lb ready-to-cook chicken)=99|chicken, bone and skin removed=440
173633	Chicken, roasting, meat and skin and giblets and neck, cooked, roasted	220	23.96	0.05		13.07	0	oz=28.3|unit (yield from 1 lb ready-to-cook chicken)=235|chicken=1072
172394	Chicken, roasting, meat and skin and giblets and neck, raw	213	17.09	0.09		15.46	0	oz=28.3|chicken=1509
173635	Chicken, roasting, meat and skin, cooked, roasted	223	23.97	0		13.39	0	oz=28.3|unit (yield from 1 lb ready-to-cook chicken)=210|chicken, bone removed=960
172395	Chicken, roasting, meat only, cooked, roasted	167	25.01	0		6.63	0	cup, chopped or diced=140|unit (yield from 1 lb ready-to-cook chicken)=171
173636	Chicken, roasting, meat only, raw	111	20.33	0	0	2.7	0	oz=28.3|unit (yield from 1 lb ready-to-cook chicken)=209|chicken, bone and skin removed=954
172854	Chicken, skin (drumsticks and thighs), cooked, braised	443	14.61	0	0	42.76	0	oz=28.3|lb=453
174496	Chicken, skin (drumsticks and thighs), cooked, roasted	462	16.57	0	0	43.99	0	oz=28.3|lb=453
172855	Chicken, skin (drumsticks and thighs), raw	440	9.58	0.79	0	44.23	0	oz=28.2|lb=453
174501	Chicken, skin (drumsticks and thighs), with added solution, cooked, braised	403	12.26	1	0	38.94	0	oz=28.3
174503	Chicken, skin (drumsticks and thighs), with added solution, cooked, roasted	421	20.31	0.44	0	37.6	0	oz=28.3
174502	Chicken, skin (drumsticks and thighs), with added solution, raw	386	11.11	0.01	0	37.9	0	oz=28.2
172405	Chicken, stewing, dark meat, meat only, cooked, stewed	258	28.14	0		15.28	0	cup, chopped or diced=140|unit (yield from 1 lb ready-to-cook chicken)=73
172404	Chicken, stewing, dark meat, meat only, raw	157	19.7	0	0	8.12	0	unit (yield from 1 lb ready-to-cook chicken)=105|chicken, bone and skin removed=308
173642	Chicken, stewing, giblets, cooked, simmered	194	25.73	0.11		9.3	0	cup, chopped or diced=145|unit (yield from 1 lb ready-to-cook chicken)=17
173641	Chicken, stewing, giblets, raw	168	17.89	2.13		9.21	0	unit (yield from 1 lb ready-to-cook chicken)=28|giblets=81
173644	Chicken, stewing, light meat, meat only, cooked, stewed	213	33.04	0		7.98	0	cup, chopped or diced=140|unit (yield from 1 lb ready-to-cook chicken)=64
173643	Chicken, stewing, light meat, meat only, raw	137	23.1	0	0	4.21	0	unit (yield from 1 lb ready-to-cook chicken)=89|chicken, bone and skin removed=260
172399	Chicken, stewing, meat and skin, and giblets and neck, cooked, stewed	214	24.88	0	0	11.91	0	oz=28.3|cup, chopped or diced=160|unit (yield from 1 lb ready-to-cook chicken)=202|chicken, bone removed=593
173640	Chicken, stewing, meat and skin, and giblets and neck, raw	251	17.48	0.19		19.52	0	oz=28.3|chicken=905
172401	Chicken, stewing, meat and skin, cooked, stewed	285	26.88	0		18.87	0	oz=28.3|unit (yield from 1 lb ready-to-cook chicken)=178|chicken, bone removed=522
172400	Chicken, stewing, meat and skin, raw	258	17.55	0	0	20.33	0	oz=28.3|unit (yield from 1 lb ready-to-cook chicken)=271|chicken, bone removed=796
172403	Chicken, stewing, meat only, cooked, stewed	237	30.42	0	0	11.89	0	oz=28.3|cup, chopped or diced=140|unit (yield from 1 lb ready-to-cook chicken)=137
172402	Chicken, stewing, meat only, raw	148	21.26	0	0	6.32	0	oz=28.2|unit (yield from 1 lb ready-to-cook chicken)=194|chicken, bone and skin removed=568
168961	Chicken, thighs, frozen, breaded, reheated	334	18.66	14.23	0	22.45	0.1	thigh with bone and breading=133
171111	Chicken, wing, frozen, glazed, barbecue flavored	211	19.67	3.34	2.04	12.67	0.6	oz=28.3|piece=29|serving=86
171115	Chicken, wing, frozen, glazed, barbecue flavored, heated (conventional oven)	242	22.24	3.36	1.94	14.87	0.5	oz=28.3|serving=96
171508	Chicken, wing, frozen, glazed, barbecue flavored, heated (microwave)	248	25.34	3.84	2.1	13.9	0.9	oz=28.3|serving=74
174288	Chickpea flour (besan)	387	22.39	57.82	10.85	6.69	10.8	cup=92
173800	Chickpeas (garbanzo beans, bengal gram), mature seeds, canned, drained solids	139	7.05	22.53	4.01	2.77	6.4	can drained=253
173801	Chickpeas (garbanzo beans, bengal gram), mature seeds, canned, drained, rinsed in tap water	138	7.04	22.87	4	2.47	6.3	can drained, rinsed=254|cup drained, rinsed=152
175206	Chickpeas (garbanzo beans, bengal gram), mature seeds, canned, solids and liquids	88	4.92	13.49		1.95	4.4	cup=240|can (total can contents)=448
175250	Chickpeas (garbanzo beans, bengal gram), mature seeds, canned, solids and liquids, low sodium	88	4.92	13.49	2.59	1.95	4.4	cup=240|can total can contents=448
173799	Chickpeas (garbanzo beans, bengal gram), mature seeds, cooked, boiled, with salt	164	8.86	27.42	4.8	2.59	7.6	cup=164
173757	Chickpeas (garbanzo beans, bengal gram), mature seeds, cooked, boiled, without salt	164	8.86	27.42	4.8	2.59	7.6	cup=164
173756	Chickpeas (garbanzo beans, bengal gram), mature seeds, raw	378	20.47	62.95	10.7	6.04	12.2	cup=200|tbsp=12.5
169992	Chicory greens, raw	23	1.7	4.7	0.7	0.3	4	cup, chopped=29
169993	Chicory roots, raw	72	1.4	17.51	8.73	0.2	1.5	root=60|cup (1" pieces)=90
170404	Chicory, witloof, raw	17	0.9	4		0.1	3.1	head=53|cup=90
167630	Chilchen (Red Berry Beverage) (Navajo)	44	0.81	8.68	2.6	0.63		
172313	Child formula, ABBOTT NUTRITION, PEDIASURE, ready-to-feed	99	2.86	11.15	10.5	4.77	0	fl oz=31
173550	Child formula, ABBOTT NUTRITION, PEDIASURE, ready-to-feed, with iron and fiber	99	2.8	11.28	7.6	4.7	0.5	fl oz=31
172097	Chili con carne with beans, canned entree	107	5.8	13.1	1.87	3.47	3.3	cup=242
175207	Chili with beans, canned	103	6.12	13.24	1.65	3.76	3.3	cup=256|tbsp=16
172110	Chili with beans, microwavable bowls	100	5.85	10.88	1.84	3.68	2.9	cup=244|container=422
172098	Chili, no beans, canned entree	118	7.53	6.1	1.1	7.1	0.5	cup=240
168986	Chiton, leathery, gumboots (Alaska Native)	83	17.1	0		1.6		
170075	Chives, freeze-dried	311	21.2	64.29		3.5	26.2	tbsp=0.2|cup=3.2
169994	Chives, raw	30	3.27	4.35	1.85	0.73	2.5	tbsp chopped=3|tsp chopped=1
170271	Chocolate, dark, 45- 59% cacao solids	546	4.88	61.17	47.9	31.28	7	oz=28.4|bar=162
170272	Chocolate, dark, 60-69% cacao solids	579	6.12	52.42	36.71	38.31	8	oz=28.4|bar=112
170273	Chocolate, dark, 70-85% cacao solids	598	7.79	45.9	23.99	42.63	10.9	oz=28.4|bar=101
168000	Chocolate-flavored hazelnut spread	539	5.41	62.36	54.05	29.73	5.4	serving 2 TBSP=37
168999	Chokecherries, raw, pitted (Northern Plains Indians)	162	3.04	33.62	9.37	1.69	20	cup=154
168058	Chokecherries, raw, pitted (Shoshone Bannock)	156	2.89	33.88	14.22	0.98	17	
168491	Chrysanthemum leaves, raw	24	3.36	3.01		0.56	3	cup, chopped=51|leaf=18
168522	Chrysanthemum, garland, cooked, boiled, drained, with salt	20	1.64	4.31	2.01	0.09	2.3	cup (1" pieces)=100
170405	Chrysanthemum, garland, cooked, boiled, drained, without salt	20	1.64	4.31	2.01	0.09	2.3	cup (1" pieces)=100
169995	Chrysanthemum, garland, raw	24	3.36	3.02		0.56	3	cup (1" pieces)=25|stem (8-3/4" long)=14
167940	Cinnamon buns, frosted (includes honey buns)	452	4.45	48.6	25.7	26.61	1.2	bun=65
168195	Clementines, raw	47	0.85	12.02	9.18	0.15	1.7	fruit=74
173477	Clif Z bar	416	5.55	74.72	30.56	9.72	8.3	bar=36
169802	Cloudberries, raw (Alaska Native)	51	2.4	8.6		0.8		
169803	Cockles, raw (Alaska Native)	79	13.5	4.7		0.7		
171887	Cocoa mix, NESTLE, Rich Chocolate Hot Cocoa Mix	400	3	75	60	15	4	serving 1 envelope=20
170657	Cocoa, dry powder, hi-fat or breakfast, processed with alkali	479	16.8	49.71	1.53	23.71	33.9	tablespoon Ghirardelli label 2011=6|tablespoon Hershey's label 2011=5|container Ghirardelli label 2011=283
169593	Cocoa, dry powder, unsweetened	228	19.6	57.9	1.75	13.7	37	cup=86|tbsp=5.4
168774	Cocoa, dry powder, unsweetened, HERSHEY'S European Style Cocoa	410	20	60	0	10	20	tbsp=5
169594	Cocoa, dry powder, unsweetened, processed with alkali	220	18.1	58.3	1.76	13.1	29.8	cup=86|tbsp=5.4
168523	Collards, cooked, boiled, drained, with salt	33	2.71	5.65		0.72	4	cup, chopped=190
170407	Collards, cooked, boiled, drained, without salt	33	2.71	5.65	0.4	0.72	4	cup, chopped=190
168524	Collards, frozen, chopped, cooked, boiled, drained, with salt	36	2.97	7.1	0.57	0.41	2.8	cup, chopped=170
169996	Collards, frozen, chopped, cooked, boiled, drained, without salt	36	2.97	7.1	0.57	0.41	2.8	cup, chopped=170
170408	Collards, frozen, chopped, unprepared	33	2.69	6.46		0.37	3.6	package (10 oz)=287.9|package (10 oz)=284|package (3 lb)=1361
170406	Collards, raw	32	3.02	5.42	0.46	0.61	4	cup, chopped=36
173256	Continental Mills, Krusteaz Almond Poppyseed Muffin Mix, Artificially Flavored, dry	418	5.6	75.6	40	10.3	1.7	serving=40
174079	Cookie, butter or sugar, with chocolate icing or filling	503	4.1	68.83	33.8	23.5	1.9	cookies=10.3
174080	Cookie, chocolate, with icing or coating	507	4.5	67.87	32	24.2	2.3	cookies=8
171835	Cookie, vanilla with caramel, coconut, and chocolate coating	489	3.5	64.1	35.8	25.8	4.4	cookies=14.5
171836	Cookie, with peanut butter filling, chocolate-coated	562	8.1	52.9	30.9	35.3	3.5	cookies=12.5
168014	Cookies, animal crackers (includes arrowroot, tea biscuits)	446	6.9	74.1	23.3	13.8	1.1	oz=28.4|Arrowroot biscuit (include Arrowroot cookie)=4.9|cracker=2.5|individual box (2 oz)=57
171837	Cookies, animal, with frosting or icing	509	3	70.09	41.1	24.1	0.9	cookies 1 serving=3.9|package (40 g)=40
172713	Cookies, brownies, commercially prepared	405	4.8	63.9	36.61	16.3	2.1	oz=28.4|square, large (2-3/4" sq x 7/8")=56|package, Little Debbie (twin wrapped)=61
171840	Cookies, brownies, commercially prepared, reduced fat, with added fiber	345	2.77	61.58	38.73	9.68	11.1	brownie 1 serving=36
174948	Cookies, brownies, dry mix, regular	434	4	76.6		14.9		oz=28.4|package (21.5 oz)=610
172731	Cookies, brownies, dry mix, sugar free	426	2.9	80.4		12.5	4.2	oz=28.4|package (8.5 oz)=241
174949	Cookies, brownies, prepared from recipe	466	6.2	50.2		29.1		oz=28.4|brownie (2" square)=24
174950	Cookies, butter, commercially prepared, enriched	467	6.1	68.9	20.24	18.8	0.8	oz=28.4|cookie=5
172819	Cookies, butter, commercially prepared, unenriched	467	6.1	68.9		18.8	0.8	oz=28.4|cookie=5
174095	Cookies, chocolate chip sandwich, with creme filling	425	2.94	63.52	38.24	17.65	0	cookie=34
172716	Cookies, chocolate chip, commercially prepared, regular, higher fat, enriched	492	5.1	65.36	32.9	24.72	2	cookie=12.9|cookie Pepperidge Farm Chocolate Chunk Pecan=12|oz=28.4|cookie (average weight of 1 cookie, variety of brands)=12.2|cookie Pepperidge Farm Chocolate Chunk Pecan=12|cookie, big (3-1/2" - 4" dia) (include Grandma brand)=40|cookie, medium (2-1/4" dia)=10|cookie, large (include Keebler Rich 'n Chips, Pecan Chips Delux)=14|cookie, bite size (include Mini Chips Ahoy!)=2.2
172820	Cookies, chocolate chip, commercially prepared, regular, higher fat, unenriched	481	5.4	66.8		22.6	2.5	oz=28.4|cookie, medium (2-1/4" dia)=10|cookie, bite size (include Mini Chips Ahoy!)=2.2
172715	Cookies, chocolate chip, commercially prepared, regular, lower fat	451	5.97	67.49	32.84	17.91	3	serving 3 cookies=34|oz=28.4
172717	Cookies, chocolate chip, commercially prepared, soft-type	444	3.63	65.75	37.1	19.77	1.8	cookie=14.2|oz=28.4|cookie=15|cookie (average weight of 1 cookie)=12.2
172732	Cookies, chocolate chip, commercially prepared, special dietary	450	3.9	73.4	39.81	16.8	1.6	oz=28.4|cookie, medium (1-5/8" dia)=7
174952	Cookies, chocolate chip, dry mix	497	4.6	66.1		25.2		oz=28.4|package (17.5 oz)=496
172808	Cookies, chocolate chip, prepared from recipe, made with butter	488	5.7	58.2		28.4		oz=28.4|cookie, medium (2-1/4" dia)=16
174955	Cookies, chocolate chip, prepared from recipe, made with margarine	488	5.7	58.4		28.3	2.8	oz=28.4|bar (2" square)=32|cookie, medium (2-1/4" dia)=16
174953	Cookies, chocolate chip, refrigerated dough	451	3.98	61.02	38.04	21.33	1.5	serving=33|portion, dough spoon from roll=29|oz=28.4
174954	Cookies, chocolate chip, refrigerated dough, baked	492	4.9	68.2		22.6	1.7	oz=28.4|cookie, medium (2-1/4" dia)=12
171866	Cookies, chocolate cream covered biscuit sticks	447	10	51.08	25	22.5	5	serving=40
171841	Cookies, chocolate sandwich, with creme filling, reduced fat	436	2.94	76.17	41.18	13.24	2.9	serving=34
172718	Cookies, chocolate sandwich, with creme filling, regular	464	5.21	71	40.67	19.14	2.9	cookie=12|oz=28.4
172719	Cookies, chocolate sandwich, with creme filling, regular, chocolate-coated	481	3.6	66.4	49.58	26.4	5.2	oz=28.4|cookie=17
172733	Cookies, chocolate sandwich, with creme filling, special dietary	461	4.5	68	19.73	22.1	4.1	oz=28.4|cookie=10
172720	Cookies, chocolate sandwich, with extra creme filling	497	4.33	68.2	46	24.52	2.7	oz=28.4|cookie=13
172714	Cookies, chocolate wafers	433	6.6	72.7	37.43	14.2	3.4	oz=28.4|cup, crumbs=112|wafer=6
174096	Cookies, chocolate, made with rice cereal	440	3.23	63.26	40.32	19.35	1.6	cookie=62
171847	Cookies, coconut macaroon	460	3.02	61.22	45.16	22.55	5.1	cookie 1 serving=18
172721	Cookies, fig bars	348	3.7	70.9	46.36	7.3	4.6	oz=28.4|Figaroo (2 square halves)=43|cookie=16|individual package (2 oz package containing 2 3" bars)=57
172722	Cookies, fortune	378	4.2	84	45.42	2.7	1.6	oz=28.4|cookie=8
174951	Cookies, fudge, cake-type (includes trolley cakes)	349	5	78.3		3.7	2.8	oz=28.4|cookie=21
174956	Cookies, gingersnaps	416	5.6	76.9	19.92	9.8	2.2	oz=28.4|cookie=7|large (approx 3-1/2" to 4" dia)=32
171857	Cookies, gluten-free, chocolate sandwich, with creme filling	474	2.19	76.03	49	17.89	2.5	cookies=14.7
171858	Cookies, gluten-free, chocolate wafer	541	4.06	62.82	40.99	30.42	1.6	cookies=7.7
171859	Cookies, gluten-free, lemon wafer	515	0	74.39	42.31	24.18	0	cookies=10
171860	Cookies, gluten-free, vanilla sandwich, with creme filling	493	2.66	74.61	46.68	20.47	0.5	cookies=14.7
174958	Cookies, graham crackers, chocolate-coated	500	4	66.78	37.3	25.8	2.2	pieces=9|oz=28.4
174957	Cookies, graham crackers, plain or honey (includes cinnamon)	430	6.69	77.66	24.85	10.6	3.4	oz=28.4|cracker=15|cup, crushed=84|large rectangular piece or 2 squares or 4 small rectangular pieces=14
174083	Cookies, graham crackers, plain or honey, lowfat	386	5.71	77.96	22.86	5.71	5.7	serving=35
174959	Cookies, ladyfingers, with lemon juice and rind	365	10.6	59.7	25.39	9.1	1	oz=28.4|anisette sponge (4" x 1-1/8" x 7/8")=13|breakfast treat (approx 4" x 2" x 7/8")=24|ladyfinger=11
172821	Cookies, ladyfingers, without lemon juice and rind	363	10.6	59.7		9.1	1	oz=28.4|anisette sponge (4" x 1-1/8" x 7/8")=13|breakfast treat (approx 4" x 2" x 7/8")=24|ladyfinger=11
171867	Cookies, Marie biscuit	406	7.05	70.54	21.16	10.58	3.5	cookie=5.6
172723	Cookies, marshmallow, chocolate-coated (includes marshmallow pies)	421	4	67.7	44.8	16.9	2	oz=28.4|Fudge Marshmallow=28|pie, marshmallow (3" dia x 3/4")=39|cookie, small (1-3/4" dia x 3/4")=13
174097	Cookies, marshmallow, with rice cereal and chocolate chips	435	4.55	63.26	40.91	18.18	0	bar=22
172724	Cookies, molasses	430	5.6	73.8	17.6	12.8	1	oz=28.4|large (3-1/2" to 4" dia) (include Archway brand)=32|medium=15|cookie, Little Debbie=20
171842	Cookies, oatmeal sandwich, with creme filling	398	2.61	55.62	31.36	18.29	2.6	cookie 1 serving=38
172725	Cookies, oatmeal, commercially prepared, regular	450	6.2	68.7	24.66	18.1	2.8	oz=28.4|cookie, big (3-1/2" - 4" dia) (include Archway brand, Grandma brand)=25|large=18
172726	Cookies, oatmeal, commercially prepared, soft-type	409	6.1	65.7		14.7	2.7	oz=28.4|cookie=15
172734	Cookies, oatmeal, commercially prepared, special dietary	449	4.8	69.9	31.65	18	2.9	oz=28.4|cookie, medium (1-5/8" dia)=7
174960	Cookies, oatmeal, dry mix	462	6.5	67.3		19.2		oz=28.4|package (17.5 oz)=496
172807	Cookies, oatmeal, prepared from recipe, without raisins	447	6.8	66.4		17.9		oz=28.4|cookie (2-5/8" dia)=15
171865	Cookies, oatmeal, reduced fat	365	4.02	64.62	32.14	10.04	16.1	cookie=25
174961	Cookies, oatmeal, refrigerated dough	424	5.4	59.1		18.9	2.5	oz=28.4|portion, dough for 1 cookie=16
174962	Cookies, oatmeal, refrigerated dough, baked	471	6	65.7		21	2.8	oz=28.4|cookie=12
174963	Cookies, oatmeal, with raisins	441	5.86	68.95	33.14	15.76	3.3	oz=28.4|cookie=24
174965	Cookies, peanut butter sandwich, regular	478	8.8	65.6	35.44	21.1	1.9	oz=28.4|cookie=14
174969	Cookies, peanut butter sandwich, special dietary	535	10	50.8		34		oz=28.4|cookie=10
172727	Cookies, peanut butter, commercially prepared, regular	473	8.92	58.15	28.58	23.82	2.1	oz=28.4|cookie=31
172728	Cookies, peanut butter, commercially prepared, soft-type	457	5.3	57.7		24.4	1.7	oz=28.4|cookie=15
171843	Cookies, peanut butter, commercially prepared, sugar free	523	10.34	50.52	0	31.03	3.4	serving 3 cookies=29
174964	Cookies, peanut butter, prepared from recipe	475	9	58.9		23.8		oz=28.4|cookie (3" dia)=20
172729	Cookies, peanut butter, refrigerated dough	458	8.2	52.1		25	1.1	oz=28.4|portion, dough for 1 cookie=16
172730	Cookies, peanut butter, refrigerated dough, baked	503	9.1	57.3		27.5	1.2	oz=28.4|cookie=12
174966	Cookies, raisin, soft-type	401	4.1	68	47.56	13.6	1.2	oz=28.4|cookie=15
174968	Cookies, shortbread, commercially prepared, pecan	542	4.9	58.3		32.5	1.8	oz=28.4|cookie (2" dia)=14
174967	Cookies, shortbread, commercially prepared, plain	514	5.37	63.78	21.65	26.22	1.3	oz=28.4|cookie=11.8
174087	Cookies, shortbread, reduced fat	451	5.37	75.99	21.65	14	1.3	cookie=11.8
174088	Cookies, sugar wafer, chocolate-covered	526	3.45	65.99	51.72	27.59	3.4	cookie=9.7
174970	Cookies, sugar wafer, with creme filling, sugar free	531	3.57	66.26	0	28.57	14.3	oz=28.4|wafer=4
172736	Cookies, sugar wafers with creme filling, regular	502	3.84	70.64	42.95	23.24	1.6	cookies=12|cookie=10.1|oz=28.4
174971	Cookies, sugar, commercially prepared, regular (includes vanilla)	464	5.35	67.34	27.31	19.55	1.3	oz=28.4|cookie=17
174972	Cookies, sugar, refrigerated dough	436	4	61.22	36.51	19.48	0.9	serving=33|cookie dough for 1rolled cookie=17|cookie 1 pre-sliced cookie dough=26|oz=28.4
172735	Cookies, sugar, refrigerated dough, baked	489	4.7	65.6	40.36	23.1	0.9	oz=28.4|cookie 1 rolled cookie dough=15|cookie 1 pre-sliced cookie dough=23
172737	Cookies, vanilla sandwich with creme filling	483	4.5	72.1	39.3	20	1.5	oz=28.4|cookie, oval (3-1/8" x 1-1/4" x 3/8")=15|cookie, round (1-3/4" dia)=10
171868	Cookies, vanilla sandwich with creme filling, reduced fat	423	4.17	78.16	37.5	10.42	2.1	serving cookie=48
174974	Cookies, vanilla wafers, higher fat	455	4.9	72.6	35.07	16.41	1.6	wafers=3.8|wafers mini wafers=1.4
174973	Cookies, vanilla wafers, lower fat	441	5	73.6	37.5	15.2	1.9	oz=28.4|cup, crumbs=80|large=6|medium=4|small=3
169997	Coriander (cilantro) leaves, raw	23	2.13	3.67	0.87	0.52	2.8	cup=16|sprigs=2.2
170289	Corn bran, crude	224	8.36	85.64	0	0.92	79	cup=76
173345	Corn dogs, frozen, prepared	250	8.57	26.96	7.54	12.02	1	corndog=78|corndog mini=17
169694	Corn flour, masa, enriched, white	363	8.46	76.59	1.61	3.69	6.4	cup=114
169696	Corn flour, masa, unenriched, white	363	8.46	76.59	1.61	3.69	6.4	cup=114
168921	Corn flour, whole-grain, blue (harina de maiz morado)	364	8.75	73.89		5.09	8.4	tbsp=6.9
169748	Corn flour, whole-grain, white	361	6.93	76.85	0.64	3.86	7.3	cup=117
170290	Corn flour, whole-grain, yellow	361	6.93	76.85	0.64	3.86	7.3	cup=117
169695	Corn flour, yellow, degermed, unenriched	375	5.59	82.75	0.64	1.39	1.9	cup=126
169749	Corn flour, yellow, masa, enriched	363	8.46	76.59		3.69	6.4	cup=114
168920	Corn grain, white	365	9.42	74.26		4.74		cup=166
170288	Corn grain, yellow	365	9.42	74.26	0.64	4.74	7.3	cup=166
170492	Corn pudding, home prepared	131	4.42	16.97	6.59	5.04	1.2	cup=250|cup (#6 scoop)=253
169218	Corn with red and green peppers, canned, solids and liquids	75	2.33	18.17		0.55		cup=227
167631	Corn, dried (Navajo)	386	9.88	74.93	5.38	5.22		
167653	Corn, dried, yellow (Northern Plains Indians)	419	14.48	66.27	21.32	10.64	20.5	oz=28.4
169363	Corn, sweet, white, canned, cream style, no salt added	72	1.74	18.13	2.21	0.42	1.2	cup=256|can (303 x 406)=482
169362	Corn, sweet, white, canned, cream style, regular pack	74	1.74	18.62	6.09	0.42	1.2	cup=256|can (303 x 406)=482
168543	Corn, sweet, white, canned, vacuum pack, no salt added	79	2.41	19.44		0.5	2	cup=210|can (303 x 406)=340
168542	Corn, sweet, white, canned, vacuum pack, regular pack	79	2.41	19.44		0.5	2	cup=210|can (303 x 406)=340
169361	Corn, sweet, white, canned, whole kernel, drained solids	67	2.29	14.34	4.44	1.22	2	cup=164|can (303 x 406)=298
169360	Corn, sweet, white, canned, whole kernel, no salt added, solids and liquids	64	1.95	15.41		0.5	0.7	cup=256|can (303 x 406)=482
168541	Corn, sweet, white, canned, whole kernel, regular pack, solids and liquids	64	1.95	15.41		0.5	1.7	cup=256|can (303 x 406)=482
168540	Corn, sweet, white, cooked, boiled, drained, with salt	97	3.34	21.71	7.73	1.41	2.7	ear, small (5-1/2" to 6-1/2" long)=89|ear, medium (6-3/4" to 7-1/2" long)=103|ear, large (7-3/4" to 9" long)=118|cup cut=157|ear, yields=77
168539	Corn, sweet, white, cooked, boiled, drained, without salt	97	3.34	21.71	7.73	1.41	2.7	ear, small (5-1/2" to 6-1/2" long)=89|ear, medium (6-3/4" to 7-1/2" long)=103|ear, large (7-3/4" to 9" long)=116|cup cut=157|ear, yields=77
169364	Corn, sweet, white, frozen, kernels cut off cob, boiled, drained, with salt	80	2.75	19.56	3.12	0.43	2.4	cup=165|package (10 oz) yields=284
168545	Corn, sweet, white, frozen, kernels cut off cob, boiled, drained, without salt	80	2.75	19.56	3.12	0.43	2.4	cup=165|package (10 oz) yields=284
168544	Corn, sweet, white, frozen, kernels cut off cob, unprepared	88	3.02	20.73	9.09	0.77	2.9	cup=165|package (10 oz)=284
169367	Corn, sweet, white, frozen, kernels on cob, cooked, boiled, drained, with salt	94	3.11	22.33		0.74	2.8	cup kernels=165|ear, yields=63
169366	Corn, sweet, white, frozen, kernels on cob, cooked, boiled, drained, without salt	94	3.11	22.33		0.74	2.1	cup kernels=165|ear, yields=63
169365	Corn, sweet, white, frozen, kernels on cob, unprepared	98	3.28	23.5		0.78	2.8	cup kernels=165|ear, yields=125
168538	Corn, sweet, white, raw	86	3.22	19.02	3.22	1.18	2.7	ear, small (5-1/2" to 6-1/2" long)=73|ear, medium (6-3/4" to 7-1/2" long)=90|ear, large (7-3/4" to 9" long)=143|cup kernels=154
170409	Corn, sweet, yellow, canned, brine pack, regular pack, solids and liquids	61	1.95	13.86	4.15	0.77	1.7	cup=256|can (303 x 406)=482
169346	Corn, sweet, yellow, canned, cream style, no salt added	72	1.74	18.13	3.23	0.42	1.2	cup=256|can (303 x 406)=482
169215	Corn, sweet, yellow, canned, cream style, regular pack	72	1.74	18.13	3.23	0.42	1.2	cup=256|can (303 x 406)=482
168397	Corn, sweet, yellow, canned, drained solids, rinsed with tap water	64	2.18	13.02	4.11	1.43	1.7	cup drained, rinsed=150|can drained, rinsed=266
169345	Corn, sweet, yellow, canned, no salt added, solids and liquids (Includes foods for USDA's Food Distribution Program)	61	1.95	13.86	4.15	0.77	1.7	cup=256|can (303 x 406)=482
169347	Corn, sweet, yellow, canned, vacuum pack, no salt added	79	2.41	19.44	5.59	0.5	2	cup=210|can (303 x 406)=340
169216	Corn, sweet, yellow, canned, vacuum pack, regular pack	79	2.41	19.44	5.59	0.5	2	cup=210|can, 15 oz (303 x 406)=425|can (303 x 406)=340
169214	Corn, sweet, yellow, canned, whole kernel, drained solids	67	2.29	14.34	4.44	1.22	2	cup=164|can (12 oz) yields=211|can (303 x 406)=298
168525	Corn, sweet, yellow, cooked, boiled, drained, with salt	96	3.41	20.98	4.54	1.5	2.4	ear small (5-1/2" to 6-1/2" long)=89|ear medium (6-3/4" to 7-1/2" long)=103|ear large (7-3/4" to 9" long)=118|cup=149|baby ear=8|ear, yields=77
169999	Corn, sweet, yellow, cooked, boiled, drained, without salt	96	3.41	20.98	4.54	1.5	2.4	ear small (5-1/2" to 6-1/2" long)=89|ear medium (6-3/4" to 7-1/2" long)=103|ear large (7-3/4" to 9" long)=118|cup cut=149|baby ear=8
168399	Corn, sweet, yellow, frozen, kernels cut off cob, boiled, drained, without salt	81	2.55	19.3	3.07	0.67	2.4	cup=165|package (10 oz) yields=284
168398	Corn, sweet, yellow, frozen, kernels cut off cob, unprepared (Includes foods for USDA's Food Distribution Program)	88	3.02	20.71	2.5	0.78	2.1	cup=136|package=284
169349	Corn, sweet, yellow, frozen, kernels on cob, cooked, boiled, drained, with salt	94	3.11	22.33	3.59	0.74	2.8	cup kernels=165|ear, yields=63
168401	Corn, sweet, yellow, frozen, kernels on cob, cooked, boiled, drained, without salt	94	3.11	22.33	3.59	0.74	2.8	cup kernels=165|ear, yields=63
168400	Corn, sweet, yellow, frozen, kernels on cob, unprepared	98	3.28	23.5	3.78	0.78	2.8	cup kernels=165|ear, yields=125
169348	Corn, sweet, yellow, frozen, kernels, cut off cob, boiled, drained, with salt	79	2.55	18.71	3.07	0.67	2.4	cup=165|package (10 oz) yields=284
169998	Corn, sweet, yellow, raw	86	3.27	18.7	6.26	1.35	2	cup=145|ear, large (7-3/4" to 9" long) yields=143|ear, medium (6-3/4" to 7-1/2" long) yields=102|ear, small (5-1/2" to 6-1/2" long)=73
168037	Corn, white, steamed (Navajo)	386	9.72	75.2	6.47	5.18	16.6	
169217	Corn, yellow, whole kernel, frozen, microwaved	113	3.62	25.87	3.36	1.42	2.6	cup=141
167656	Corned beef and potatoes in tortilla (Apache)	224	7.91	29.35	1.79	8.31	1.5	
173860	Corned beef loaf, jellied	153	22.9	0		6.1	0	slice (1 oz) (4" x 4" x 3/32" thick)=28|slices=28.5
167628	Cornmeal, blue (Navajo)	398	10.4	76.93	1.81	5.44	8.7	
168922	Cornmeal, degermed, enriched, white	370	7.11	79.45	1.61	1.75	3.9	cup=157
168867	Cornmeal, degermed, enriched, yellow	370	7.11	79.45	1.61	1.75	3.9	cup=157
172015	Cornmeal, degermed, unenriched, white	370	7.11	79.45	1.61	1.75	3.9	cup=157
168929	Cornmeal, degermed, unenriched, yellow	370	7.11	79.45	1.61	1.75	3.9	cup=157
168038	Cornmeal, white (Navajo)	398	10.99	77.14	1.46	5.04	10.4	
168923	Cornmeal, white, self-rising, bolted, plain, enriched	334	8.28	70.28		3.4	6.7	cup=122
168924	Cornmeal, white, self-rising, bolted, with wheat flour added, enriched	348	8.41	73.43		2.85	6.3	cup=170
168925	Cornmeal, white, self-rising, degermed, enriched	355	8.41	74.79		1.72	7.1	cup=138
169750	Cornmeal, whole-grain, white	362	8.12	76.89	0.64	3.59	7.3	cup=122
169697	Cornmeal, whole-grain, yellow	362	8.12	76.89	0.64	3.59	7.3	cup=122
168039	Cornmeal, yellow (Navajo)	384	9.85	72.9	1.56	5.88	9.4	
168868	Cornmeal, yellow, self-rising, bolted, plain, enriched	334	8.28	70.28		3.4	6.7	cup=122
168869	Cornmeal, yellow, self-rising, bolted, with wheat flour added, enriched	348	8.41	73.43		2.85	6.3	cup=170
168870	Cornmeal, yellow, self-rising, degermed, enriched	355	8.41	74.79		1.72	7.1	cup=138
169219	Cornsalad, raw	21	2	3.6		0.4		cup=56
169698	Cornstarch	381	0.26	91.27	0	0.05	0.9	cup=128
169700	Couscous, cooked	112	3.79	23.22	0.1	0.16	1.4	cup, cooked=157|cup, dry, yields=528|oz, dry, yields=86
169699	Couscous, dry	376	12.76	77.43		0.64	5	cup=173
168526	Cowpeas (blackeyes), immature seeds, cooked, boiled, drained, with salt	94	3.17	19.73	3.23	0.38	5	cup=165
168402	Cowpeas (blackeyes), immature seeds, cooked, boiled, drained, without salt	97	3.17	20.32	3.23	0.38	5	cup=165
168527	Cowpeas (blackeyes), immature seeds, frozen, cooked, boiled, drained, with salt	131	8.49	23.5	4.46	0.66	6.4	cup=170
168404	Cowpeas (blackeyes), immature seeds, frozen, cooked, boiled, drained, without salt	132	8.49	23.76	4.46	0.66	6.4	cup=170
168403	Cowpeas (blackeyes), immature seeds, frozen, unprepared	139	8.98	25.13		0.7	5	cup=160|package (10 oz)=284
169220	Cowpeas (blackeyes), immature seeds, raw	90	2.95	18.83	3	0.35	5	cup=145
175251	Cowpeas, catjang, mature seeds, cooked, boiled, with salt	117	8.13	20.32		0.71	3.6	cup=171
175209	Cowpeas, catjang, mature seeds, cooked, boiled, without salt	117	8.13	20.32		0.71	3.6	cup=171
175208	Cowpeas, catjang, mature seeds, raw	343	23.85	59.64		2.07	10.7	cup=167
173761	Cowpeas, common (blackeyes, crowder, southern), mature seeds, canned with pork	83	2.74	16.53		1.6	3.3	cup=240
173760	Cowpeas, common (blackeyes, crowder, southern), mature seeds, canned, plain	77	4.74	13.63		0.55	3.3	cup=240
175252	Cowpeas, common (blackeyes, crowder, southern), mature seeds, cooked, boiled, with salt	116	7.73	20.76	3.3	0.53	6.5	cup=171
173759	Cowpeas, common (blackeyes, crowder, southern), mature seeds, cooked, boiled, without salt	116	7.73	20.76	3.3	0.53	6.5	cup=171
173758	Cowpeas, common (blackeyes, crowder, southern), mature seeds, raw	336	23.52	60.03	6.9	1.26	10.6	cup=167|tbsp=10.5
168529	Cowpeas, leafy tips, cooked, boiled, drained, with salt	22	4.67	2.8		0.1		cup, chopped=53
168406	Cowpeas, leafy tips, cooked, boiled, drained, without salt	22	4.67	2.8		0.1		cup, chopped=53
169224	Cowpeas, leafy tips, raw	29	4.1	4.82		0.25		cup, chopped=36|leaf=3
168528	Cowpeas, young pods with seeds, cooked, boiled, drained, with salt	34	2.6	7		0.3		cup=95
169221	Cowpeas, young pods with seeds, cooked, boiled, drained, without salt	34	2.6	7		0.3		cup=95
168405	Cowpeas, young pods with seeds, raw	44	3.3	9.5	5.04	0.3	3.3	cup=94|pod=12
171721	Crabapples, raw	76	0.4	19.95		0.3		cup slices=110
169842	CRACKER BARREL, chicken tenderloin platter, fried	293	18.06	20.29	0.09	15.48	0.7	serving=175
168073	CRACKER BARREL, chicken tenderloin platter, fried, from kid's menu	294	18.67	20.24	0.19	15.41	1	serving=103|piece=36
169843	CRACKER BARREL, coleslaw	175	0.89	13.01	11.07	13.22	1.6	serving=167
168074	CRACKER BARREL, country fried shrimp platter	287	12.62	21.4		16.77	0.3	serving=149
168075	CRACKER BARREL, farm raised catfish platter	266	22.94	5.31		17.05	1.6	serving=178|piece=124
167670	CRACKER BARREL, grilled sirloin steak	203	31.52	0		8.52		steak=151
169849	CRACKER BARREL, macaroni n' cheese	194	6.49	15.61	2.83	11.75	1.1	serving=175|cup=149
167671	CRACKER BARREL, macaroni n' cheese plate, from kid's menu	192	6.46	15.58	2.83	11.51	0.7	serving=257|cup=149
169021	CRACKER BARREL, onion rings, thick-cut	327	4.78	40.95	4.82	16	2.2	serving=261
167669	CRACKER BARREL, steak fries	255	3.26	30.87	0.86	13.18	3.5	serving=198
172750	Cracker, meal	383	9.3	80.9	0.33	1.7	2.6	oz=28.4|cup=115
175060	Crackers, cheese, low sodium	503	10.1	58.2	0.28	25.3	2.4	oz=28.4|cup Cheez-its=62|cup, crushed=72|gold fish=0.6|cracker (1" square)=1
167941	Crackers, cheese, reduced fat	418	10	68.19	0	11.67	3.3	serving=30
174975	Crackers, cheese, regular	489	10.93	59.42	4.53	22.74	2.3	oz=28.4|cup, bite size=62|cup, crushed=72|gold fish=0.6|bag, single serving=28|snack stick=2|cracker (1" square)=1
167925	Crackers, cheese, sandwich-type with cheese filling	490	8.92	58.76	12.33	24.41	1.9	cracker 1 cracker - 6.5g=6.5|sandwich=6.5
174976	Crackers, cheese, sandwich-type with peanut butter filling	496	12.41	56.74	6.98	25.12	3.4	oz=28.4|cup, crushed=83|cracker=6.5|sandwich=6.5
174084	Crackers, cheese, whole grain	412	9.62	57.29	0	16.03	6.4	serving 55 pieces=31
167530	Crackers, cream, Gamesa Sabrosas	484	7.01	64.55	9.37	20.37	2.4	crackers (1 NLEA serving)=2.8|cracker=3.1
167531	Crackers, cream, La Moderna Rikis Cream Crackers	464	7.19	64.88	10.41	19.5	2.4	crackers (1 NLEA serving)=3.2|cracker=3.1
172739	Crackers, crispbread, rye	366	7.9	82.2	1.07	1.3	16.5	oz=28.4|cup, crushed=55|crispbread=10|wafer, thin=2|wafer=10|cracker, Norwegian flatbread (4-3/4" x 2-3/4" x 1/16")=5.8|wafer, Rye Krisp (triple cracker)=25|crispbread, Wasa rye=10
174098	Crackers, flavored, fish-shaped	463	10.16	65.67	1.18	17.71	3.1	goldfish=0.5
174104	Crackers, gluten-free, multi-seeded and multigrain	453	11.25	66.3	0.86	15.84	10.2	crackers=2
174103	Crackers, gluten-free, multigrain and vegetable, made with corn starch and white rice flour	456	2.5	76.94	3.9	15.41	3	crackers=3.6
172741	Crackers, matzo, egg	391	12.3	78.6		2.1	2.8	oz=28.4|matzo=28
172812	Crackers, matzo, egg and onion	391	10	77.1		3.9	5	oz=28.4|matzo=28
172740	Crackers, matzo, plain	395	10	83.7	0.29	1.4	3	oz=28.4|matzo=28
172742	Crackers, matzo, whole-wheat	351	13.1	78.9		1.5	11.8	oz=28.4|matzo=28
174977	Crackers, melba toast, plain	390	12.1	76.6	0.94	3.2	6.3	oz=28.4|cup pieces=30|cup, rounds=33|melba round=3|piece (3-3/4" x 1-3/4" x 1/8")=5
172822	Crackers, melba toast, plain, without salt	390	12.1	76.6		3.2	6.3	oz=28.4|cup, crushed=70|cup pieces=30|cup, rounds=33|melba round=3|piece (3-3/4" x 1-3/4" x 1/8")=5|toast=5
174978	Crackers, melba toast, rye (includes pumpernickel)	389	11.6	77.3		3.4	8	oz=28.4|toast=5
174979	Crackers, melba toast, wheat	374	12.9	76.4		2.3	7.4	oz=28.4|toast=5
174980	Crackers, milk	446	7.6	71.73	10.32	13.77	3.4	oz=28.4|cracker=11
171838	Crackers, multigrain	482	7.1	67.6	12	20.4	3.5	crackers=3.5
174981	Crackers, rusk toast	407	13.5	72.3		7.2		oz=28.4|rusk=10
172743	Crackers, rye, sandwich-type with cheese filling	481	9.2	60.8		22.3	3.6	oz=28.4|cracker, sandwich=7
172744	Crackers, rye, wafers, plain	334	9.6	80.4	1.01	0.9	22.9	oz=28.4|cup, crushed=61|cracker (4-1/2" x 2-1/2" x 1/8")=11|cracker, triple=25
172745	Crackers, rye, wafers, seasoned	381	9	73.8		9.2	20.9	oz=28.4|cracker, triple=22
172746	Crackers, saltines (includes oyster, soda, soup)	418	9.46	74.05	1.29	8.64	2.8	crackers=3|oz=28.4|cup, crushed=70|crackers square (1 serving)=3|cracker square=3|cracker, round large=10|cracker, oyster=1|cracker, rectangle=6|cup oyster crackers=45
175068	Crackers, saltines, fat-free, low-sodium	393	10.5	82.3	0.38	1.6	2.7	saltines=5|saltines=5
175056	Crackers, saltines, low salt (includes oyster, soda, soup)	421	9.5	74.34	2.22	8.85	2.9	oz=28.4|cup oyster crackers=45|cracker=3|cracker, round large=10|cracker, oyster=1|cracker, rectangle=6
175057	Crackers, saltines, unsalted tops (includes oyster, soda, soup)	434	9.2	71.5		11.8	3	oz=28.4|cracker=3
167942	Crackers, saltines, whole wheat (includes multi-grain)	398	7.14	68.25	0	10.71	6.7	serving=14
171848	Crackers, sandwich-type, peanut butter filled, reduced fat	437	8.33	63.49	11.11	16.67	2.8	package=36
167529	Crackers, snack, Goya Crackers	433	14.25	64.35	2.35	13.35	3.8	serving (1 NLEA serving - about 4 crackers)=30|cracker=12.7
174982	Crackers, standard snack-type, regular	510	6.64	61.3	8.18	26.43	2.3	crackers=3.2|crackers, regular size, round (1 serving)=3.2|cracker, round=3.2|cracker, rectangular=4|cup crushed=52
175058	Crackers, standard snack-type, regular, low salt	502	7.4	61	1.79	25.3	1.6	oz=28.4|cup, bite size=62|cup, crushed=72|cracker, rectangular=4|cracker, oval=3|cracker, round=3
174983	Crackers, standard snack-type, sandwich, with cheese filling	477	9.3	61.7	3.18	21.1	1.9	oz=28.4|cracker, sandwich=7
174984	Crackers, standard snack-type, sandwich, with peanut butter filling	494	11.47	58.38	10.5	24.54	2.3	oz=28.4|cracker, sandwich=7
171846	Crackers, standard snack-type, with whole wheat	463	7.29	68.37	10.43	17.84	4.9	crackers 1 serving=3
171854	Crackers, toast thins, low sodium	442	6.45	67.66	12.9	16.13	9.7	serving=31
171856	Crackers, water biscuits	384	7.14	72.81	0	7.14	7.1	cracker 1 serving=3.5
175059	Crackers, wheat, low salt	473	8.6	64.9	13.04	20.6	4.5	oz=28.4|cup, crushed=83|cracker=2|cracker, thin square=2
167934	Crackers, wheat, reduced fat	444	9.34	71.52	15.01	13.37	3.4	serving=29|cracker=1.8|crackers, Wheat Thins=1.8
174985	Crackers, wheat, regular	455	7.3	70.73	15.48	16.4	6.9	crackers 1 serving=2.1|crackers 1 serving=7.2
172747	Crackers, wheat, sandwich, with cheese filling	497	9.8	58.2		25	3.1	oz=28.4|cracker, sandwich=7
172748	Crackers, wheat, sandwich, with peanut butter filling	495	13.5	53.8		26.7	4.4	oz=28.4|cracker, sandwich=7
171855	Crackers, whole grain, sandwich-type, with peanut butter filling	465	14.12	54.59	9.41	21.18	9.4	cracker 1 serving=7.2
172749	Crackers, whole-wheat	427	10.58	69.55	1.19	14.13	10.3	serving=28|crackers, Triscuits, regular size=4.7|cracker=4.6|oz=28.4|cup, crushed=94|Triscuit Bits=1
172823	Crackers, whole-wheat, low salt	443	8.8	68.6	0.37	17.2	10.5	oz=28.4|cup, crushed=94|cracker=4|cracker, square=4|Triscuit Bits=1
167933	Crackers, whole-wheat, reduced fat	416	11.34	75.52	1.22	7.59	10.9	serving=29|cracker=4.2|Triscuits, regular size=4.8
171723	Cranberries, dried, sweetened (Includes foods for USDA's Food Distribution Program)	308	0.17	82.8	72.56	1.09	5.3	cup=160
171722	Cranberries, raw	46	0.46	11.97	4.27	0.13	3.6	cup, chopped=110|cup, whole=100
169804	Cranberries, wild, bush, raw (Alaska Native)	55	1.1	12.3		0.2	6.7	
168212	Cranberry juice blend, 100% juice, bottled, with added vitamin C and calcium	45	0.27	10.91	9.8	0.12	0.1	fl oz=29.6|fl oz=30
171903	Cranberry juice cocktail, bottled	54	0	13.52	11.87	0.1	0	fl oz=31.6|cup (8 fl oz)=253
171904	Cranberry juice cocktail, bottled, low calorie, with calcium, saccharin and corn sweetener	19	0.02	4.6	4.59	0.01	0	fl oz=29.6|cup (8 fl oz)=237
173653	Cranberry juice cocktail, frozen concentrate	201	0.05	51.45	42.5	0	0.2	fl oz=36.2|can (12 fl oz)=435
173654	Cranberry juice cocktail, frozen concentrate, prepared with water	47	0.01	11.81	9.76	0	0	fl oz=29.6|fl oz=29.6
168117	Cranberry juice, unsweetened	46	0.39	12.2	12.1	0.13	0.1	cup=253|fl oz=31.6
173961	Cranberry sauce, canned, sweetened	159	0.9	40.4	31.75	0.15	1.1	cup=277|slice (1/2" thick, approx 8 slices per can)=57
167804	Cranberry sauce, jellied, canned, OCEAN SPRAY	160	1.05	40.61	32.2	0.04	1	cup=280
167803	Cranberry sauce, whole, canned, OCEAN SPRAY	158	0.75	40.4	31.3	0.05	1.2	cup=280
169805	Cranberry, low bush or lingenberry, raw (Alaska Native)	55	0.4	12.2		0.5		
173962	Cranberry-orange relish, canned	178	0.3	46.2		0.1	0	cup=275
174986	Cream puff shell, prepared from recipe	360	9	22.8	0.25	25.9	0.8	oz=28.4|eclair (5" x 2" x 1-3/4")=48|cream puff shell=66
167534	Cream puff, eclair, custard or cream filled, iced	334	4.41	37.43	22.05	18.52	0.9	oz=28.2
173453	Cream substitute, flavored, liquid	251	0.69	35.07	33.04	13.5	1.1	tbsp=15
172214	Cream substitute, flavored, powdered	482	0.68	75.42	58.01	21.47	1.2	tsp=3
168097	Cream substitute, liquid, light	71	0.8	9.1	9.1	3.5	0	fl oz=30|cup=242
171261	Cream substitute, liquid, with hydrogenated vegetable oil and soy protein	136	1	11.38	11.38	9.97	0	container, individual=15|fl oz=30|cup=240|cup=240
171262	Cream substitute, liquid, with lauric acid oil and sodium caseinate	136	1	11.38		9.97	0	container, individual=15|cup=240
171263	Cream substitute, powdered	529	2.48	59.29	7.77	32.92	0	cup=94|tsp=2|packet=3
167688	Cream substitute, powdered, light	431	1.9	73.4	73.4	15.7	0	cup=94|packet=3
171255	Cream, fluid, half and half	131	3.13	4.3	4.13	11.5	0	fl oz=30.2|tbsp=15|cup=242|container, individual (.5 fl oz)=15
170859	Cream, fluid, heavy whipping	340	2.84	2.84	2.92	36.08	0	cup, whipped=120|cup, fluid (yields 2 cups whipped)=238|tbsp=15|fl oz=29.8
170857	Cream, fluid, light (coffee cream or table cream)	195	2.96	3.66	3.67	19.1	0	fl oz=30|tbsp=15|cup=240|container, individual=11.1
170858	Cream, fluid, light whipping	292	2.17	2.96	2.96	30.91	0	cup, whipped=120|cup, fluid (yields 2 cups whipped)=239|tbsp=15
172212	Cream, half and half, fat free	59	2.6	9	5	1.4	0	tbsp=14.5|pint=484
171308	Cream, half and half, lowfat	72	3.33	3.33	3.33	5	0	
171257	Cream, sour, cultured	198	2.44	4.63	3.41	19.35	0	tbsp=12|cup=230
171256	Cream, sour, reduced fat, cultured	135	2.94	4.26	0.16	12	0	tbsp=15|cup=242
170860	Cream, whipped, cream topping, pressurized	257	3.2	12.49	8	22.22	0	cup=60|tbsp=3
167684	Creamy dressing, made with sour cream and/or buttermilk and oil, reduced calorie	160	1.5	7	5.65	14	0	tbsp=15|cup=245
168100	Creamy dressing, made with sour cream and/or buttermilk and oil, reduced calorie, cholesterol-free	140	1	16	3.28	8	0	tbsp=15|cup=234
168099	Creamy dressing, made with sour cream and/or buttermilk and oil, reduced calorie, fat-free	107	1.4	20	5.35	2.7	0	tbsp=17|cup=264
169350	Cress, garden, cooked, boiled, drained, with salt	23	1.9	3.8	3.11	0.6	0.7	cup=135
168408	Cress, garden, cooked, boiled, drained, without salt	23	1.9	3.8	3.11	0.6	0.7	cup=135|cup=136
168407	Cress, garden, raw	32	2.6	5.5	4.4	0.7	1.1	cup=50|sprig=1
174988	Croissants, apple	254	7.4	37.1		8.7	2.5	oz=28.4|croissant, medium=57
174987	Croissants, butter	406	8.2	45.8	11.26	21	2.6	oz=28.4|croissant, mini=28|croissant, small=42|croissant, medium=57|croissant, large=67
174989	Croissants, cheese	414	9.2	47	11.35	20.9	2.6	oz=28.4|croissant, small=42|croissant, medium=57|croissant, large=67
172751	Croutons, plain	407	11.9	73.5		6.6	5.1	oz=28.4|cup=30
172752	Croutons, seasoned	465	10.8	63.5	4.41	18.3	5	oz=28.4|cup=40|package, fast food=10|cubes=0.2
167591	Crunchmaster, Multi-Grain Crisps, Snack Crackers, Gluten-Free	456	10.91	67.18	0.8	15.92	7.5	crackers=1.3
174202	Crustaceans, crab, alaska king, cooked, moist heat	97	19.35	0		1.54	0	leg=134|oz=28.3
174203	Crustaceans, crab, alaska king, imitation, made from surimi	95	7.62	15	6.25	0.46	0.5	oz=28.3
175164	Crustaceans, crab, alaska king, raw	84	18.29	0		0.6	0	oz=28.3|leg=172
171966	Crustaceans, crab, blue, canned	83	17.88	0	0	0.74	0	cup=135|oz=28.4|can (6.5 oz), drained=125|oz=28.3
174205	Crustaceans, crab, blue, cooked, moist heat	83	17.88	0	0	0.74	0	cup, flaked and pieces=118|cup (not packed)=135|oz=28.4|oz=28.3
171967	Crustaceans, crab, blue, crab cakes, home recipe	155	20.21	0.48		7.52	0	cake=60
174204	Crustaceans, crab, blue, raw	87	18.06	0.04		1.08	0	oz=28.3|crab=21
172007	Crustaceans, crab, dungeness, cooked, moist heat	110	22.32	0.95		1.24	0	oz=28.3|crab=127
171968	Crustaceans, crab, dungeness, raw	86	17.41	0.74		0.97	0	oz=28.3|crab=163
172008	Crustaceans, crab, queen, cooked, moist heat	115	23.72	0		1.51	0	oz=28.3
171969	Crustaceans, crab, queen, raw	90	18.5	0		1.18	0	oz=28.3
175170	Crustaceans, crayfish, mixed species, farmed, cooked, moist heat	87	17.52	0		1.3	0	oz=28.3
175169	Crustaceans, crayfish, mixed species, farmed, raw	72	14.85	0		0.97	0	oz=28.3|crayfish=3.4
174207	Crustaceans, crayfish, mixed species, wild, cooked, moist heat	82	16.77	0	0	1.2	0	oz=28.3
174206	Crustaceans, crayfish, mixed species, wild, raw	77	15.97	0	0	0.95	0	oz=28.3|crayfish=3.4
174209	Crustaceans, lobster, northern, cooked, moist heat	89	19	0	0	0.86	0	cup=145|oz=28.3
174208	Crustaceans, lobster, northern, raw	77	16.52	0	0	0.75	0	lobster=150|oz=28.3
175180	Crustaceans, shrimp, cooked	99	23.98	0.2		0.28		oz=28.3
171972	Crustaceans, shrimp, mixed species, canned	100	20.42	0	0	1.36	0	cup=128|oz=28.4|can (4.5 oz), drained=128|shrimp=3.2|oz=28.3
171970	Crustaceans, shrimp, mixed species, cooked, breaded and fried	242	21.39	11.47	0.8	12.28	0.4	oz=28.3|large=7.5
171971	Crustaceans, shrimp, mixed species, cooked, moist heat (may contain additives to retain moisture)	119	22.78	1.52	0	1.7	0	oz=28.3|large=5.5
171973	Crustaceans, shrimp, mixed species, imitation, made from surimi	101	12.39	9.13		1.47	0	oz=28.3
174210	Crustaceans, shrimp, mixed species, raw (may contain additives to retain moisture)	71	13.61	0.91	0	1.01	0	medium=6|small=5|oz=28.3|large=7
175179	Crustaceans, shrimp, raw	85	20.1	0		0.51		oz=28.3
172009	Crustaceans, spiny lobster, mixed species, cooked, moist heat	143	26.41	3.12		1.94	0	oz=28.3|lobster=163
174211	Crustaceans, spiny lobster, mixed species, raw	112	20.6	2.43		1.51	0	oz=28.3|lobster=209
169225	Cucumber, peeled, raw	10	0.59	2.16	1.38	0.16	0.7	cup, pared, chopped=133|cup, sliced=119|large (8-1/4" long)=280|medium=201|slice=7|small (6-3/8" long)=158|stick (4" long)=9
168409	Cucumber, with peel, raw	15	0.65	3.63	1.67	0.11	0.5	cup slices=104|cucumber (8-1/4")=301
173963	Currants, european black, raw	63	1.4	15.38		0.41		cup=112
173964	Currants, red and white, raw	56	1.4	13.8	7.37	0.2	4.3	cup=112
171724	Currants, zante, dried	290	3.43	76.98	62.28	0.22	4.4	cup=144
171725	Custard-apple, (bullock's-heart), raw	101	1.7	25.2		0.6	2.4	
169351	Dandelion greens, cooked, boiled, drained, with salt	33	2	6.4	1.62	0.6	2.9	cup, chopped=105
169227	Dandelion greens, cooked, boiled, drained, without salt	33	2	6.4	0.5	0.6	2.9	cup, chopped=105
169226	Dandelion greens, raw	45	2.7	9.2	0.71	0.7	3.5	cup, chopped=55
172754	Danish pastry, cheese	374	8	37.2	6.95	21.9	1	oz=28.4|pastry=71
172753	Danish pastry, cinnamon, enriched	403	7	44.6	19.78	22.4	1.3	oz=28.4|large (approx 7" dia)=142|small or frozen (approx 3" dia)=35|pastry (4-1/4" dia)=65|Toaster Strudel=53|piece (1/8 of 15 oz ring)=53
172824	Danish pastry, cinnamon, unenriched	403	7	44.6		22.4	1.2	oz=28.4|large (approx 7" dia)=142|small or frozen (approx 3" dia)=35|pastry (4-1/4" dia)=65|Toaster Strudel=53|piece (1/8 of 15 oz ring)=53
172755	Danish pastry, fruit, enriched (includes apple, cinnamon, raisin, lemon, raspberry, strawberry)	371	5.4	47.8	27.53	18.5	1.9	oz=28.4|large (approx 7" dia)=142|small or frozen (approx 3" dia)=35|pastry (4-1/4" dia)=71|Toaster Strudel=53|piece (1/8 of 15 oz ring)=53
172825	Danish pastry, fruit, unenriched (includes apple, cinnamon, raisin, strawberry)	371	5.4	47.8		18.5	1.9	oz=28.4|container (3 oz)=142|small or frozen (approx 3" dia)=35|pastry (4-1/4" dia)=71|Toaster Strudel=53|piece (1/8 of 15 oz ring)=53
172827	Danish pastry, lemon, unenriched	371	5.4	47.8		18.5	1.9	oz=28.4|pastry=71
175061	Danish pastry, raspberry, unenriched	371	5.4	47.8		18.5	1.9	oz=28.4|pastry (4-1/4" dia)=71
171726	Dates, deglet noor	282	2.45	75.03	63.35	0.39	8	cup, chopped=147|date, pitted=7.1
168191	Dates, medjool	277	1.81	74.97	66.47	0.15	6.7	date, pitted=24
167622	Deer (venison), sitka, raw (Alaska Native)	116	21.5	0		2.66		
168079	DENNY'S, chicken nuggets, star shaped, from kid's menu	377	16.27	13.59	0	28.57	0.8	serving 4 pieces in serving=67|piece=16
169022	DENNY'S, chicken strips	295	19.17	22.03	0.29	14.5	1.1	serving=194
169023	DENNY'S, coleslaw	183	0.97	10.88	8.16	15.03	1.3	serving=91
169024	DENNY'S, fish fillet, battered or breaded, fried	234	13.75	17.41	0.4	12.16	1	serving=201
167672	DENNY'S, french fries	282	3.41	35.2	0.85	14.13	3.5	serving=165
168077	DENNY'S, golden fried shrimp	319	13.88	20.93	0.75	20.01	1.5	piece=16|serving=100
169025	DENNY'S, hash browns	197	2.49	26.59	1.38	8.99	2.7	serving=124|cup=94
168078	DENNY'S, macaroni & cheese, from kid's menu	150	5.19	21.16	4.2	4.92	1.2	serving=180|cup=134
168076	DENNY'S, mozzarella cheese sticks	324	13.56	27.22	2.83	17.87	1.6	serving=228|piece=27
169844	DENNY'S, onion rings	385	5.29	41.05	4.76	22.23	2.4	serving=166
169845	DENNY'S, spaghetti and meatballs	170	7.84	15.51	2.03	8.52	1.5	serving=565|cup=134
167673	DENNY'S, top sirloin steak	182	28.9	0.14		7.34		steak=107
170865	Dessert topping, powdered	577	4.9	52.54	52.54	39.92	0	oz=28.7|portion, amount to make 1 tbsp=1.3
170866	Dessert topping, powdered, 1.5 ounce prepared with 1/2 cup milk	194	3.61	17.13	17.13	12.72	0	cup=80|tbsp=4|package yields=160
170867	Dessert topping, pressurized	264	0.98	16.07	16.07	22.3	0	cup=70|tbsp=4
170868	Dessert topping, semi solid, frozen	318	1.25	23.05	23.05	25.31	0	cup=75|tbsp=4
169601	Desserts, apple crisp, prepared-from-recipe	161	1.75	30.84	19.68	3.43	1.4	cup=282|recipe yield=844
169595	Desserts, egg custard, baked, prepared-from-recipe	104	5.02	11	11	4.58	0	cup=282|recipe yield=563
167574	Desserts, flan, caramel custard, prepared-from-recipe	145	4.53	22.78	22.78	4.03	0	cup=306|recipe yield=1531
168777	Desserts, mousse, chocolate, prepared-from-recipe	225	4.14	16.07	14.81	16	0.6	recipe yield=808|cup=404
169616	Desserts, rennin, chocolate, dry mix	363	2.4	91.5		3.3	5.1	tbsp=9|package (2 oz)=57
168794	Desserts, rennin, tablets, unsweetened	84	1	19.8		0.1	0	package (0.35 oz)=9.9
168792	Desserts, rennin, vanilla, dry mix	383	0	99		0	0	tbsp=10.8|package (1.5 oz)=43
170361	DIGIORNO Pizza, cheese topping, cheese stuffed crust, frozen, baked	279	13.48	29.86		11.68	1.9	slice 1/4 of pie=164|pie 12" diameter=688
170362	DIGIORNO Pizza, cheese topping, rising crust, frozen, baked	256	12.8	31.78	5	8.6	2.4	slice 1/4 of pie=183|pie 12" diameter=729
170758	DIGIORNO Pizza, cheese topping, thin crispy crust, frozen, baked	247	12.96	26.47		9.91	3	slice 1/4 of pie=161|pie 23 oz=643
170759	DIGIORNO Pizza, pepperoni topping, cheese stuffed crust, frozen, baked	279	13.92	29.46		11.71	2.1	slice 1/4 of pie=179|pie 12" diameter=732
170760	DIGIORNO Pizza, pepperoni topping, rising crust, frozen, baked	265	12.46	31.15	5.1	10.11	2.3	slice 1/4 of pie=207|pie 12" diameter=759
170761	DIGIORNO Pizza, pepperoni topping, thin crispy crust, frozen, baked	283	13.22	28.67		12.86	2.8	slice 1/4 of pie=145|pie 22.1 oz=548
170363	DIGIORNO Pizza, supreme topping, rising crust, frozen, baked	255	11.74	27.93	4.71	10.68	2.3	slice 1/4 of pie=227|pie 12" diameter=876
170364	DIGIORNO Pizza, supreme topping, thin crispy crust, frozen, baked	255	11.41	28.05		10.8	2.8	slice 1/4 of pie=155|pie 24.8 oz=595
172233	Dill weed, fresh	43	3.46	7.02		1.12	2.1	sprigs=0.2|cup sprigs=8.9
171832	Dip, bean, original flavor	119	5.44	15.89	0.99	3.7	4.9	tbsp=18|container (9 oz)=259
171834	Dip, FRITO'S, bean, original flavor	119	5.44	15.89	0.99	3.7	4.9	tbsp=18|container (9oz)=259
174068	Dip, salsa con queso, cheese and salsa- medium	143	3.14	11.14	1.95	9.51	0.7	tbsp=15|cup=250
174069	Dip, TOSTITOS, salsa con queso, medium	133	2.92	11.72	1.4	8.26	0.6	tbsp=15|cup=250
169371	Dock, cooked, boiled, drained, with salt	20	1.83	2.93		0.64		
170077	Dock, cooked, boiled, drained, without salt	20	1.83	2.93		0.64	2.6	
170076	Dock, raw	22	2	3.2		0.7	2.9	cup, chopped=133
173282	DOMINO'S 14" Cheese Pizza, Classic Hand-Tossed Crust	257	10.8	33.24	4.02	8.97	2.2	slice=108|pizza=865
172043	DOMINO'S 14" Cheese Pizza, Crunchy Thin Crust	298	12.33	28.18	4.09	15.1	2.5	slice=70|pizza=540
173283	DOMINO'S 14" Cheese Pizza, Ultimate Deep Dish Crust	265	10.76	33.48	4.22	9.83	2.4	slice=118|pizza=947
172046	DOMINO'S 14" EXTRAVAGANZZA FEAST Pizza, Classic Hand-Tossed Crust	244	10.33	25.72	3.3	11.1	2	slice=151|pizza=1224
172044	DOMINO'S 14" Pepperoni Pizza, Classic Hand-Tossed Crust	273	11.25	31.86	3.69	11.18	2.1	slice=113|pizza=907
170370	DOMINO'S 14" Pepperoni Pizza, Crunchy Thin Crust	328	13.88	25.35	3.65	19.05	2.6	slice=79|pizza=563
172045	DOMINO'S 14" Pepperoni Pizza, Ultimate Deep Dish Crust	283	11.52	31.89	3.91	12.1	2.4	slice=123|pizza=984
170766	DOMINO'S 14" Sausage Pizza, Classic Hand-Tossed Crust	273	11.08	31.84	3.92	11.2	2.4	slice=114|pizza=913
170371	DOMINO'S 14" Sausage Pizza, Crunchy Thin Crust	319	12.77	25.3	3.42	18.52	2.6	slice=78|pizza=597
170767	DOMINO'S 14" Sausage Pizza, Ultimate Deep Dish Crust	277	11.03	31.17	3.82	12.03	2.6	slice=129|pizza=1032
174993	Doughnuts, cake-type, chocolate, sugared or glazed	417	4.5	57.4	31.92	19.9	2.2	oz=28.4|doughnut (3-3/4" dia)=60|doughnut, medium (approx 3" dia)=42
174990	Doughnuts, cake-type, plain (includes unsugared, old-fashioned)	434	5.31	47.06	18.15	24.93	1.7	donut=40|oz=28.4|doughnut stick=52|doughnut, long type (twist) (4-1/2" long)=52|doughnut medium (3-1/4" dia)=54|doughnut, mini (1-1/2" dia) or doughnut hole=14|doughnut, large (4" dia)=71
174991	Doughnuts, cake-type, plain, chocolate-coated or frosted	452	4.93	51.33	26.65	25.25	1.9	oz=28.4|donettes (2" dia)=18|doughnut, medium (approx 3" dia)=43|doughnut large (approx 3-1/2" dia)=67
174992	Doughnuts, cake-type, plain, sugared or glazed	426	5.2	50.8		22.9	1.5	oz=28.4|doughnut, medium (approx 3" dia)=45
172756	Doughnuts, french crullers, glazed	412	3.1	59.5	35.11	18.3	1.2	oz=28.4|cruller (3" dia)=41
172758	Doughnuts, yeast-leavened, glazed, enriched (includes honey buns)	421	6.14	47.93	22.75	22.7	2.1	oz=28.4|doughnut hole=13|doughnut stick=56|extra large (approx 5" dia)=122|jumbo (approx 6" dia)=157|doughnut, large (approx 4-1/4" dia)=75|doughnut, long type (twist) approx 5-1/4" x 2-1/2" x 1-1/2" high)=90|doughnut medium (approx 3-3/4" dia)=64|doughnut, small (approx 3" dia)=31|doughnut (approx 1-1/2 oz)=42|doughnut (3-3/4" dia)=60|honeybun (4" x 3")=65|honeybun (4-1/2" x 3-1/2")=78|honeybun (5" x 3-1/2")=85|doughnut, medium (approx 3-3/4" dia)=60|doughnut=63
175062	Doughnuts, yeast-leavened, glazed, unenriched (includes honey buns)	403	6.4	44.3		22.8	1.2	oz=28.4|doughnut, medium (3-1/4" dia)=60
172757	Doughnuts, yeast-leavened, with creme filling	361	6.4	30	14.55	24.5	0.8	oz=28.4|doughnut oval (3-1/2" x 2-1/2")=85
172759	Doughnuts, yeast-leavened, with jelly filling	340	5.9	39	21.1	18.7	0.9	oz=28.4|doughnut oval (3-1/2" x 2-1/2")=85
169905	Dove, cooked (includes squab)	213	23.9	0	0	13	0	cup, chopped or diced=140
171046	Dressing, honey mustard, fat-free	169	1.07	38.43	17.75	1.47	1.2	tbsp (1 NLEA serving)=15
168531	Drumstick leaves, cooked, boiled, drained, with salt	60	5.27	11.15	1	0.93	2	cup, chopped=42
168417	Drumstick leaves, cooked, boiled, drained, without salt	60	5.27	11.15	1	0.93	2	cup, chopped=42
168416	Drumstick leaves, raw	64	9.4	8.28		1.4	2	cup, chopped=21
168532	Drumstick pods, cooked, boiled, drained, with salt	36	2.09	8.18		0.19	4.2	cup slices=118
170484	Drumstick pods, cooked, boiled, drained, without salt	36	2.09	8.18		0.19	4.2	cup slices=118
170483	Drumstick pods, raw	37	2.1	8.53		0.2	3.2	cup slices=100|pod (15-1/3" long)=11
174467	Duck, domesticated, liver, raw	136	18.74	3.53		4.64	0	liver=44|unit (yield from 1 lb ready-to-cook duck)=10
172409	Duck, domesticated, meat and skin, cooked, roasted	337	18.99	0	0	28.35	0	cup, chopped or diced=140|unit (yield from 1 lb ready-to-cook duck)=173|duck=764
172408	Duck, domesticated, meat and skin, raw	404	11.49	0	0	39.34	0	oz=28.3|unit (yield from 1 lb ready-to-cook duck)=287|duck=1268
172411	Duck, domesticated, meat only, cooked, roasted	201	23.48	0	0	11.2	0	cup, chopped or diced=140|unit (yield from 1 lb ready-to-cook duck)=100|duck=442
172410	Duck, domesticated, meat only, raw	135	18.28	0.94	0	5.95	0	unit (yield from 1 lb ready-to-cook duck)=137|duck=606
167617	Duck, scoter, white-winged, meat (Alaska Native)	84	20.2	0		0.4		
174469	Duck, wild, breast, meat only, raw	123	19.85	0		4.25	0	unit (yield from 1 lb ready-to-cook duck)=73|breast, bone and skin removed=166
174468	Duck, wild, meat and skin, raw	211	17.42	0		15.2	0	oz=28.3|unit (yield from 1 lb ready-to-cook duck)=239|duck=540
171510	Duck, young duckling, domesticated, White Pekin, breast, meat and skin, boneless, cooked, roasted	202	24.5	0		10.85		unit (yield from 1 lb ready-to-cook duck)=56|oz=28.3|breast, bone removed=240
171511	Duck, young duckling, domesticated, White Pekin, breast, meat only, boneless, cooked without skin, broiled	140	27.6	0		2.5		oz=28.3|breast, bone and skin removed=190|cup, chopped or diced=174|unit (yield from 1 lb ready-to-cook duck)=44
171112	Duck, young duckling, domesticated, White Pekin, leg, meat and skin, bone in, cooked, roasted	217	26.75	0		11.4		leg, bone removed (yield after cooking)=92|unit (yield from 1 lb ready-to-cook duck)=43|oz=28.3
171113	Duck, young duckling, domesticated, White Pekin, leg, meat only, bone in, cooked without skin, braised	178	29.1	0		5.96		oz=28.3|cup chopped or diced, cooked=174|unit (yield from 1 lb ready-to-cook duck)=35|leg, bone and skin removed=75
173461	Dulce de Leche	315	6.84	55.35	49.74	7.35	0	tbsp=19
169779	Dumpling, potato- or cheese-filled, frozen	195	5.26	29.64	1.75	6.14	0.9	pieces pierogies=38
168192	Durian, raw or frozen	147	1.47	27.09		5.33	3.8	cup, chopped or diced=243|fruit=602
173861	Dutch brand loaf, chicken, pork and beef	273	12	3.93	0.9	22.91	0.3	slice=38
168411	Edamame, frozen, prepared	121	11.91	8.91	2.18	5.2	5.2	cup=155
168410	Edamame, frozen, unprepared	109	11.22	7.61	2.48	4.73	4.8	cup=118|package=432
168772	Egg custards, dry mix	410	6.9	82.8		6.4	0	package (3 oz)=85|portion, amount to make 1/2 cup=21
168787	Egg custards, dry mix, prepared with 2% milk	112	4.13	17.61	4.63	2.83	0	cup=282
168773	Egg custards, dry mix, prepared with whole milk	122	3.99	17.6	4.82	4	0	cup=282
172104	Egg rolls, chicken, refrigerated, heated	197	10.44	28.54	5.57	4.51	2.4	roll=80|oz=28.4
172103	Egg rolls, pork, refrigerated, heated	227	9.94	28.49	1.67	8.18	0	roll=85|oz=28.4
172105	Egg rolls, vegetable, frozen, prepared	214	5.95	31.77	5.96	6.97	2.4	egg roll=68|oz=28.4
173462	Egg substitute, liquid or frozen, fat free	48	10	2	2	0	0	cup=240|cup=240
173429	Egg substitute, powder	444	55.5	21.8	21.8	13	0	oz=28.3|oz=28.6
172189	Egg, duck, whole, fresh, raw	185	12.81	1.45	0.93	13.77	0	egg=70
172190	Egg, goose, whole, fresh, raw	185	13.87	1.35	0.94	13.27	0	egg=144
172191	Egg, quail, whole, fresh, raw	158	13.05	0.41	0.4	11.09	0	egg=9
172192	Egg, turkey, whole, fresh, raw	171	13.68	1.15		11.88	0	egg=79
172204	Egg, white, dried	382	81.1	7.8	5.4	0	0	oz=28
173426	Egg, white, dried, flakes, stabilized, glucose reduced	351	76.92	4.17	0	0.04	0	oz=28.4|lb=454
173427	Egg, white, dried, powder, stabilized, glucose reduced	376	82.4	4.47	0	0.04	0	cup, sifted=107|tbsp=7
170895	Egg, white, dried, stabilized, glucose reduced	357	84.08	4.51	0	0.32	0	cup, sifted=107|tbsp=7
172183	Egg, white, raw, fresh	52	10.9	0.73	0.71	0.17	0	large=33|cup=243
172203	Egg, white, raw, frozen, pasteurized	48	10.2	1.04	0.25	0	0	oz=28
173423	Egg, whole, cooked, fried	196	13.61	0.83	0.4	14.84	0	large=46
173424	Egg, whole, cooked, hard-boiled	155	12.58	1.12	1.12	10.61	0	cup, chopped=136|tbsp=8.5|large=50
172185	Egg, whole, cooked, omelet	154	10.57	0.64	0.31	11.66	0	tbsp=15|large=61
172186	Egg, whole, cooked, poached	143	12.51	0.71	0.37	9.47	0	large=50
172187	Egg, whole, cooked, scrambled	149	9.99	1.61	1.39	10.98	0	large=61|tbsp=13.7|cup=220
172188	Egg, whole, dried	592	48.05	1.13	0.56	43.9	0	cup, sifted=85|tbsp=5
173425	Egg, whole, dried, stabilized, glucose reduced	615	48.17	2.38		43.95	0	cup, sifted=85|tbsp=5
171287	Egg, whole, raw, fresh	143	12.56	0.72	0.37	9.51	0	large=50|extra large=56|jumbo=63|cup (4.86 large eggs)=243|medium=44|small=38
172202	Egg, whole, raw, frozen, pasteurized (Includes foods for USDA's Food Distribution Program)	147	12.33	1.01	0.25	9.95	0	oz=28
170893	Egg, whole, raw, frozen, salted, pasteurized	138	10.97	0.83	0.07	10.07	0	oz=28
173428	Egg, yolk, dried	669	33.63	0.66	0.23	59.13	0	cup, sifted=67|tbsp=4
172184	Egg, yolk, raw, fresh	322	15.86	3.59	0.56	26.54	0	large=17|cup=243
173421	Egg, yolk, raw, frozen, pasteurized	296	15.53	0.81	0.16	25.6	0	oz=28.4|lb=454
173436	Egg, yolk, raw, frozen, salted, pasteurized	275	14.07	1.77	0.07	22.93	0	oz=28.4|lb=454
173422	Egg, yolk, raw, frozen, sugared, pasteurized	307	13.87	10.95	10.3	22.82	0	oz=28.4|lb=454
171258	Eggnog	88	4.55	8.05	8.05	4.19	0	cup=254|fl oz=31.8|quart=1016
169352	Eggplant, cooked, boiled, drained, with salt	33	0.83	8.14	3.2	0.23	2.5	cup (1" cubes)=99
169229	Eggplant, cooked, boiled, drained, without salt	35	0.83	8.73	3.2	0.23	2.5	cup (1" cubes)=99
169892	Eggplant, pickled	49	0.9	9.77	4.8	0.7	2.5	cup=136
169228	Eggplant, raw	25	0.98	5.88	3.53	0.18	3	cup, cubes=82|eggplant, peeled (yield from 1-1/4 lb)=458|eggplant, unpeeled (approx 1-1/4 lb)=548
169904	Eggs, scrambled, frozen mixture	131	13.1	7.5	7.5	5.6	0	oz=28.4
171727	Elderberries, raw	73	0.66	18.4		0.5	7	cup=145
168055	Elk, free range, ground, cooked patties (Shoshone Bannock)	143	29.45	0	0	2.8		
168056	Elk, free range, ground, raw (Shoshone Bannock)	97	20.14	0	0	1.8	0	
168057	Elk, free range, roast, eye of round, cooked (Shoshone Bannock)	148	30.56	0	0	2.85	0	
167652	Elk, free range, roast, eye of round, raw (Shoshone Bannock)	98	19.74	0	0	2.1	0	
174477	Emu, fan fillet, cooked, broiled	154	31.27	0	0	2.3	0	serving ( 3 oz )=85|steak=394
174476	Emu, fan fillet, raw	103	22.5	0	0	0.8	0	serving ( 3 oz )=85|fan fillet=513
174478	Emu, flat fillet, raw	102	22.25	0	0	0.74	0	oz=28.3|flat fillet=354
172834	Emu, full rump, cooked, broiled	168	33.67	0	0	2.68	0	serving ( 3 oz )=85|full rump cooked ( yield from 695 g raw meat )=496
174479	Emu, full rump, raw	112	22.83	0	0	1.64	0	oz=28.3|full rump=695
172833	Emu, ground, cooked, pan-broiled	163	28.43	0	0	4.65	0	patty (yield from 135.8 g raw meat)=109|serving ( 3 oz )=85
172832	Emu, ground, raw	134	22.77	0	0	4.03	0	patty=117
172835	Emu, inside drum, raw	108	22.22	0	0	1.49	0	oz=28.3|inside drum=572
172836	Emu, inside drums, cooked, broiled	156	32.38	0	0	2.01	0	serving ( 3 oz )=85|inside drum cooked ( yield from 572 g raw meat )=416
172837	Emu, outside drum, raw	103	23.08	0	0	0.48	0	oz=28.3|outside drum=422
172838	Emu, oyster, raw	141	22.81	0	0	4.86	0	oz=28.3|steak=300
174480	Emu, top loin, cooked, broiled	152	29.07	0	0	3.13	0	serving ( 3 oz )=85|steak=244
168412	Endive, raw	17	1.25	3.35	0.25	0.2	3.1	cup, chopped=50|head=513
175063	English muffins, plain, enriched, without calcium propionate(includes sourdough)	235	7.7	46		1.8	2.7	oz=28.4|muffin=57
172828	English muffins, plain, unenriched, with calcium propionate (includes sourdough)	235	7.7	46		1.8	2.7	oz=28.4|muffin=57
173238	English muffins, plain, unenriched, without calcium propionate (includes sourdough)	235	7.7	46		1.8	2.7	oz=28.4|muffin=57
174093	English muffins, whole grain white	245	7.02	50.17	1.75	1.75	3.5	muffin 1 serving=57
169398	Epazote, raw	32	0.33	7.44		0.52	3.8	tbsp=0.8|sprig=2
170078	Eppaw, raw	150	4.6	31.68		1.8		cup=100
168413	Escarole, cooked, boiled, drained, no salt added	15	1.15	3.07	0.23	0.18	2.8	cup=150
172455	Falafel, home-prepared	333	13.31	31.84		17.8		patty (approx 2-1/4" dia)=17
170302	Fast food, biscuit	370	7.08	42.82	3.88	18.92	2.5	biscuit=55
173292	Fast Food, Pizza Chain, 14" pizza, cheese topping, regular crust	266	11.39	33.33	3.58	9.69	2.3	slice=107|pizza=853
170773	Fast Food, Pizza Chain, 14" pizza, cheese topping, stuffed crust	274	12.23	30	2.9	11.63	1.7	slice 1/8 pizza=117|pizza whole=937
173293	Fast Food, Pizza Chain, 14" pizza, cheese topping, thick crust	271	10.81	33.17	3.34	10.54	2.2	slice=115|pizza=922
173294	Fast Food, Pizza Chain, 14" pizza, cheese topping, thin crust	302	12.85	31.2	3.61	13.95	2.5	slice=76|pizza=590
172055	Fast Food, Pizza Chain, 14" pizza, meat and vegetable topping, regular crust	244	11.02	25.38	3.73	10.9	2.2	slice=136|pie=1168
173295	Fast Food, Pizza Chain, 14" pizza, pepperoni topping, regular crust	282	11.74	31.98	3.26	11.91	2.3	slice=111|pizza=895
173296	Fast Food, Pizza Chain, 14" pizza, pepperoni topping, thick crust	287	11.49	31.84	2.93	12.58	2.2	slice=118|pizza=946
170762	Fast Food, Pizza Chain, 14" pizza, pepperoni topping, thin crust	331	14.01	29	3.22	17.61	2.3	slice=79|pizza=597
170367	Fast Food, Pizza Chain, 14" pizza, sausage topping, regular crust	280	11.5	30.62	3.32	12.35	2.3	slice=116|pizza=932
170365	Fast Food, Pizza Chain, 14" pizza, sausage topping, thick crust	282	11.06	30.36	2.82	12.94	2.3	slice=127|pizza=1017
170366	Fast Food, Pizza Chain, 14" pizza, sausage topping, thin crust	321	13.36	27	3.02	17.71	2.5	slice=88|pizza=670
173323	Fast foods, bagel, with breakfast steak, egg, cheese, and condiments	282	15.95	22.99	2.97	14.07	0.2	item=254
173322	Fast foods, bagel, with egg, sausage patty, cheese, and condiments	295	12.98	22.64	2.87	16.97	0.2	item=219
173268	Fast foods, biscuit, with crispy chicken fillet	300	11.93	30.56	2.62	14.93	1.4	item=132
173266	Fast foods, biscuit, with egg and bacon	305	11.33	19.06	2.19	20.73	0.5	biscuit=150
173267	Fast foods, biscuit, with egg and ham	233	10.64	16.37	2.2	14.08	0.4	biscuit=182
172028	Fast Foods, biscuit, with egg and sausage	312	11.13	21.05	0.95	20.77	0.2	item=162
172029	Fast foods, biscuit, with egg, cheese, and bacon	301	12.01	24.44	1.74	17.48	0.2	item=145
172030	Fast foods, biscuit, with ham	342	11.85	38.75	1.97	16.3	0.7	biscuit=162
172031	Fast foods, biscuit, with sausage	371	9.67	29.99	1.59	24.42	0.4	item=111
170788	Fast foods, breadstick, soft, prepared with garlic and parmesan cheese	343	12.2	44.48	1.11	12.88	2.4	breadstick=43
170787	Fast foods, breakfast burrito, with egg, cheese, and sausage	277	11.1	22.97	2.57	15.63	1.2	burrito=109
172038	Fast foods, burrito, with beans	206	6.48	32.92		6.22		pieces=108.5
173277	Fast foods, burrito, with beans and beef	191	11.52	19.52	2.19	7.47	3	item=241
172039	Fast foods, burrito, with beans and cheese	205	7.35	31.23	1.73	6.05	4.2	each burrito=185
173278	Fast foods, burrito, with beans, cheese, and beef	180	7.03	23.37	2.1	6.8	3.7	burrito=241
170293	Fast foods, cheeseburger, double, regular patty and bun, with condiments	282	16.24	17.97	4.16	16.18	1	sandwich=155
173320	Fast foods, cheeseburger; double, large patty; with condiments	272	16.96	14.43	3.49	16.22	1	item=280
172083	Fast Foods, cheeseburger; double, large patty; with condiments, vegetables and mayonnaise	253	15.5	12.62	3.61	15.63	1.3	item=355
172084	Fast foods, cheeseburger; double, regular patty; double decker bun with condiments and special sauce	261	11.94	21.53	3.26	14.1	1.4	item=219
173319	Fast foods, cheeseburger; double, regular patty; with condiments	282	16.24	17.97	4.16	16.18	0.9	sandwich=155
170294	Fast foods, cheeseburger; single, large patty; plain	310	17.29	24.07	4.67	15.97	1.7	sandwich=182
172082	Fast foods, cheeseburger; single, large patty; with condiments	269	15.21	19.72	3.6	14.4	1.2	item=199
172081	Fast foods, cheeseburger; single, large patty; with condiments, vegetables and mayonnaise	268	13.69	17.73	4.5	15.8	1.1	sandwich=215
170691	Fast foods, cheeseburger; single, regular patty, with condiments	270	13.49	25.46	5.24	12.9	1.9	item=127
170692	Fast foods, cheeseburger; single, regular patty, with condiments and vegetables	254	13.06	24.97	5.11	11.5	1.4	sandwich=115
170690	Fast foods, cheeseburger; single, regular patty; plain	308	16.51	28.03	4.88	14.72	2	sandwich=91
170295	Fast foods, chicken fillet sandwich, plain with pickles	250	16.28	20.89	3.64	11.19	1.4	sandwich=187
173321	Fast foods, chicken tenders	271	19.22	17.25	0.4	13.95	1.2	strip=30|serving=184
170718	Fast foods, chicken, breaded and fried, boneless pieces, plain	307	15.92	14.93	0.08	20.36	0.9	pieces=16|pieces=16|pieces=16|pieces=16
170300	Fast foods, coleslaw	153	0.95	14.89	12.19	9.91	1.9	cup=191|package=116
170318	Fast Foods, crispy chicken filet sandwich, with lettuce and mayonnaise	276	10.94	27.4	3.4	13.59	1.4	sandwich=152
170785	Fast foods, crispy chicken in tortilla, with lettuce, cheese, and ranch sauce	275	11.48	23.22	2.48	15.1	1.3	item=133
170753	Fast foods, crispy chicken, bacon, and tomato club sandwich, with cheese, lettuce, and mayonnaise	257	15.38	22.61	4.99	11.76	1.2	sandwich=271
173269	Fast foods, croissant, with egg, cheese, and bacon	289	12.92	22.5	4.8	16.4	1	item=128
173270	Fast foods, croissant, with egg, cheese, and ham	261	12.45	18.98	5.42	14.95	0.9	item=155
173271	Fast foods, croissant, with egg, cheese, and sausage	308	12.09	15.9	3.12	21.78	1.8	sandwich=171
173272	Fast foods, egg, scrambled	212	13.84	2.08	1.64	16.18	0	eggs=48
172032	Fast foods, english muffin, with cheese and sausage	338	13.28	25.28	1.98	20.67	0.5	item=108
172033	Fast foods, english muffin, with egg, cheese, and canadian bacon	228	13.64	21.67	2.13	9.66	0.4	sandwich=126
172034	Fast foods, english muffin, with egg, cheese, and sausage	286	13.38	17.44	1.49	18.1	0.2	item=165
170296	Fast foods, fish sandwich, with tartar sauce	257	10.29	26.69	3.53	12.45	1	sandwich=220
170297	Fast foods, fish sandwich, with tartar sauce and cheese	279	11.26	26.39	3.67	14.64	0.8	sandwich=134
172035	Fast foods, french toast sticks	340	6	41.21	9.89	17.74	1.4	pieces=21.7|pieces=21.8
170756	Fast Foods, Fried Chicken, Breast, meat and skin and breading	230	23.51	6.03	0	12.44	0.1	breast, with skin=203|breast, without skin=142|breast, bone and skin removed=107
170356	Fast Foods, Fried Chicken, Breast, meat only, skin and breading removed	153	27.93	0	0	4.54	0	breast without skin=142|breast bone and skin removed=107
170757	Fast Foods, Fried Chicken, Drumstick, meat and skin with breading	267	21.13	7.59	0	16.92	0.5	drumstick, with skin=75|drumstick, without skin=56|drumstick, bone and skin removed=40
170357	Fast Foods, Fried Chicken, Drumstick, meat only, skin and breading removed	172	26.24	0	0	7.41	0	drumstick, bone and skin removed=40|drumstick, drumstick without skin=56
170755	Fast Foods, Fried Chicken, Skin and breading from all pieces	398	14.11	19.56	0	29.22	0.3	
170359	Fast Foods, Fried Chicken, Thigh, meat and skin and breading	274	19.23	8.68	0	18.07	0.1	thigh with skin=136|thigh without skin=84|thigh bone and skin removed=66
170358	Fast Foods, Fried Chicken, Thigh, meat only, skin and breading removed	178	23.21	0.24	0	9.41	0	thigh without skin=84|thigh bone and skin removed=66
170360	Fast Foods, Fried Chicken, Wing, meat and skin and breading	310	21.14	11.19	0	20.09	0.1	wing, with skin=58|wing, without skin=37|wing, bone and skin removed=20
170754	Fast Foods, Fried Chicken, Wing, meat only, skin and breading removed	215	28.77	2.13	0	10.2	0	wing without skin=37|wing bone and skin removed=20
172058	Fast foods, griddle cake sandwich, egg, cheese, and bacon	272	12.03	26.19	9.56	13.19	0.8	item 6.1 oz=174
172056	Fast foods, griddle cake sandwich, egg, cheese, and sausage	291	10.77	22.04	7.9	17.73	0.6	item=199
172057	Fast foods, griddle cake sandwich, sausage	318	8.41	31.25	11.23	17.76	1	item=135
170368	Fast Foods, grilled chicken filet sandwich, with lettuce, tomato and spread	182	17.34	16.78	3.08	4.57	0.9	sandwich=230
170786	Fast foods, grilled chicken in tortilla, with lettuce, cheese, and ranch sauce	222	13.77	18.43	1.53	10.31	0.9	item=123
170752	Fast foods, grilled chicken, bacon and tomato club sandwich, with cheese, lettuce, and mayonnaise	220	17.19	19.87	4.68	8.05	1.2	sandwich=268
170710	Fast foods, hamburger, large, single patty, with condiments	256	15.68	22.14	3.67	11.6	1.1	item=171
172080	Fast foods, hamburger; double, large patty; with condiments, vegetables and mayonnaise	252	13.94	13.74	3.52	15.66	1.4	item=374
173317	Fast foods, hamburger; single, large patty; with condiments, vegetables and mayonnaise	226	11.34	17.33	4	12.37	1.5	item=247
173318	Fast foods, hamburger; single, regular patty; double decker bun with condiments and special sauce	259	12.17	22.69		13.3	1.4	item=205
170693	Fast foods, hamburger; single, regular patty; plain	297	16.52	31.5	4.88	12.01	1.7	sandwich=78
170694	Fast foods, hamburger; single, regular patty; with condiments	263	13.3	29.57	5.95	10.18	1.8	sandwich=97
170301	Fast foods, hush puppies	296	6.16	40.21	3.8	13.25	2.9	piece=22
172079	Fast foods, miniature cinnamon rolls	403	7.02	53.38	17.98	17.95	2.2	each=25
170291	Fast foods, nachos, with cheese	343	4.32	34.91	2.17	21.5	3.2	serving=80
170292	Fast foods, nachos, with cheese, beans, ground beef, and tomatoes	219	6.21	21.39	1.63	12.48	3.7	serving=222
170697	Fast foods, onion rings, breaded and fried	411	3.86	43.58	5.43	25.23	2.7	package (18 onion rings)=117
170698	Fast foods, potato, french fried in vegetable oil	312	3.43	41.44	0.3	14.73	3.8	serving small=71|serving medium=117|serving large=154
170699	Fast foods, potato, mashed	89	1.65	14.65	0.5	2.82	1.3	cup=242
173273	Fast foods, potatoes, hash browns, round pieces or patty	272	2.58	28.88	0.56	17.04	2.7	round piece=5.5|patty=53|serving 14 round pieces=77|serving 29 round pieces=160
170765	Fast foods, quesadilla, with chicken	294	15.05	24.04	1.88	15.25	1.7	each quesadilla=180
170695	Fast foods, roast beef sandwich, plain	244	15.17	22.21	3.84	10.3	1.3	sandwich=149
172037	Fast foods, shrimp, breaded and fried	308	7.84	27.99	0.1	18.9	0.7	pieces shrimp=13
170775	Fast foods, strawberry banana smoothie made with ice and low-fat yogurt	65	0.86	15.05	12.68	0.14	0.9	fl oz=28.9
170313	Fast foods, submarine sandwich, bacon, lettuce, and tomato on white bread	205	10.06	26.66	3.61	6.41	1.6	inch sub=24.7|inch sub=24.7
170696	Fast foods, submarine sandwich, cold cut on white bread with lettuce and tomato	213	10.52	20.43	3.18	10.04	1.2	inch sub=32.7|inch sub=32.6
170707	Fast foods, submarine sandwich, ham on white bread with lettuce and tomato	151	9.12	22.91	3.54	2.53	1.3	inch sub=30.7|inch sub=30.7
170709	Fast foods, submarine sandwich, meatball marinara on white bread	219	9.77	26.01	4.98	8.45	2.1	inch sub=34.8|inch sub=34.8
170309	Fast foods, submarine sandwich, oven roasted chicken on white bread with lettuce and tomato	157	10.84	21.35	2.99	3.15	1.2	inch sub=33|inch sub=33
170298	Fast foods, submarine sandwich, roast beef on white bread with lettuce and tomato	156	12.17	20.34	3	2.73	0.7	inch sub=31.7|inch sub=31.8
170311	Fast foods, submarine sandwich, steak and cheese on white bread with cheese, lettuce and tomato	183	12.29	21.49	3.41	5.34	1.2	inch sub=33.5|inch sub=33.4
170306	Fast foods, submarine sandwich, sweet onion chicken teriyaki on white bread with lettuce, tomato and sweet onion sauce	155	10.91	22.54	6.06	2.37	1.2	inch sub=38|inch sub=38.1
170299	Fast foods, submarine sandwich, tuna on white bread with lettuce and tomato	218	12.33	15.95	1.93	12.04	0.7	inch sub=39.5|inch sub=39.5
170706	Fast foods, submarine sandwich, turkey breast on white bread with lettuce and tomato	147	9.12	22.42	3.09	2.31	1.3	inch sub=30.7|inch sub=30.6
170308	Fast foods, submarine sandwich, turkey, roast beef and ham on white bread with lettuce and tomato	146	10.66	20.36	3.19	2.42	1.4	inch sub=34.4|inch sub=34.5
173275	Fast foods, sundae, caramel	196	4.71	31.81		5.98	0	sundae=155
173276	Fast foods, sundae, hot fudge	180	3.57	30.17		5.46	0	sundae=158
172036	Fast foods, sundae, strawberry	175	4.09	29.18		5.13	0	sundae=153
170689	Fast foods, taco with beef, cheese and lettuce, hard shell	226	8.86	19.85	0.9	12.7	3.9	each taco=69
170763	Fast foods, taco with beef, cheese and lettuce, soft	206	9.25	20.23	1.57	9.75	2.9	each taco=102
170764	Fast foods, taco with chicken, lettuce and cheese, soft	189	13.3	19.69	1.3	6.35	1.2	each taco=98
173274	Fast foods, vanilla, light, soft-serve ice cream, with cone	163	4.24	26.36	19.49	4.86	0.1	item=120
173467	Fat free ice cream, no sugar added, flavors other than chocolate	133	4.41	28.86	8.82	0	7.4	cup=136
171400	Fat, beef tallow	902	0	0	0	100	0	tbsp=12.8|cup=205
173564	Fat, chicken	900	0	0	0	99.8	0	tbsp=12.8|cup=205
173572	Fat, goose	900	0	0		99.8	0	tbsp=12.8|cup=205
173571	Fat, turkey	900	0	0	0	99.8	0	tbsp=12.8|tsp=4.3|cup=205
168176	Feijoa, raw	61	0.71	15.21	8.2	0.42	6.4	cup, pureed=243|fruit without peel=42|cup 1/2" chunks=205
169385	Fennel, bulb, raw	31	1.24	7.3	3.93	0.2	3.1	cup, sliced=87|bulb=234
168584	Fiddlehead ferns, frozen, unprepared	34	4.31	5.74		0.35		
169405	Fiddlehead ferns, raw	34	4.55	5.54		0.4		
173025	Figs, canned, extra heavy syrup pack, solids and liquids	107	0.38	27.86		0.1		cup=261
173024	Figs, canned, heavy syrup pack, solids and liquids	88	0.38	22.9	20.7	0.1	2.2	cup=259|fig with liquid=28
173023	Figs, canned, light syrup pack, solids and liquids	69	0.39	17.95	16.15	0.1	1.8	cup=252|fig with liquid=28
173022	Figs, canned, water pack, solids and liquids	53	0.4	13.99	11.79	0.1	2.2	cup=248|fig with liquid=27
174666	Figs, dried, stewed	107	1.42	27.57	23.35	0.4	4.2	cup=259
174665	Figs, dried, uncooked	249	3.3	63.87	47.92	0.93	9.8	cup=149|fig=8.4
173021	Figs, raw	74	0.75	19.18	16.26	0.3	2.9	large (2-1/2" dia)=64|medium (2-1/4" dia)=50|small (1-1/2" dia)=40
169399	Fireweed, leaves, raw	103	4.71	19.22		2.75	10.6	cup, chopped=23|plant=22
168988	Fireweed, young leaves, raw (Alaska Native)	44	3	6.3		0.8	6	
171606	Fish broth	16	2	0.4	0.09	0.6	0	cup=244|fl oz=30.5
173577	Fish oil, cod liver	902	0	0		100	0	tsp=4.5|tbsp=13.6|cup=218
172340	Fish oil, herring	902	0	0		100	0	tbsp=13.6|tsp=4.5|cup=218
172341	Fish oil, menhaden	902	0	0		100	0	tbsp=13.6|tsp=4.5|cup=218
172342	Fish oil, menhaden, fully hydrogenated	902	0	0		100	0	tbsp=12.5|tsp=4.5|cup=205
172343	Fish oil, salmon	902	0	0		100	0	tbsp=13.6|tsp=4.5|cup=218
173578	Fish oil, sardine	902	0	0		100	0	tbsp=13.6|tsp=4.5|cup=218
174183	Fish, anchovy, european, canned in oil, drained solids	210	28.89	0	0	9.71	0	oz, boneless=28.4|anchovy=4|can (2 oz)=45|anchovies=4
174182	Fish, anchovy, european, raw	131	20.35	0	0	4.84	0	oz=28.3
174184	Fish, bass, fresh water, mixed species, raw	114	18.86	0		3.69	0	fillet=79|oz=28.3
171989	Fish, bass, freshwater, mixed species, cooked, dry heat	146	24.18	0		4.73	0	fillet=62|oz=28.3
174228	Fish, bass, striped, cooked, dry heat	124	22.73	0		2.99	0	fillet=124|oz=28.3
171948	Fish, bass, striped, raw	97	17.73	0		2.33	0	oz=28.3|fillet=159
169798	Fish, blackfish, whole (Alaska Native)	82	15.5	0		1.75		
174229	Fish, bluefish, cooked, dry heat	159	25.69	0		5.44	0	fillet=117|oz=28.3
171949	Fish, bluefish, raw	124	20.04	0		4.24	0	fillet=150|oz=28.3
174230	Fish, burbot, cooked, dry heat	115	24.76	0		1.04	0	fillet=90|oz=28.3
171950	Fish, burbot, raw	90	19.31	0		0.81	0	fillet=116|oz=28.3
174231	Fish, butterfish, cooked, dry heat	187	22.15	0		10.28	0	fillet=25|oz=28.3
171951	Fish, butterfish, raw	146	17.28	0		8.02	0	fillet=32|oz=28.3
174185	Fish, carp, cooked, dry heat	162	22.86	0		7.17	0	oz=28.3|fillet=170
171952	Fish, carp, raw	127	17.83	0	0	5.6	0	oz=28.3|fillet=218
174187	Fish, catfish, channel, cooked, breaded and fried	229	18.09	8.04		13.33	0.7	fillet=87|oz=28.3
175166	Fish, catfish, channel, farmed, cooked, dry heat	144	18.44	0	0	7.19	0	fillet=143|oz=28.3
175165	Fish, catfish, channel, farmed, raw	119	15.23	0	0	5.94	0	oz=28.3|fillet=159
173714	Fish, catfish, channel, wild, cooked, dry heat	105	18.47	0		2.85	0	fillet=143|oz=28.3
174186	Fish, catfish, channel, wild, raw	95	16.38	0		2.82	0	oz=28.3|fillet=159
174188	Fish, caviar, black and red, granular	264	24.6	4	0	17.9	0	tbsp=16|oz=28.4
171953	Fish, cisco, raw	98	18.99	0		1.91	0	fillet=79|oz=28.3
171954	Fish, cisco, smoked	177	16.36	0	0	11.9	0	oz=28.4|oz=28.3
174189	Fish, cod, Atlantic, canned, solids and liquid	105	22.76	0	0	0.86	0	oz=28.3|can=312
171956	Fish, cod, Atlantic, cooked, dry heat	105	22.83	0	0	0.86	0	oz=28.3|fillet=180
174190	Fish, cod, Atlantic, dried and salted	290	62.82	0	0	2.37	0	oz=28.4|piece (5-1/2" x 1-1/2" x 1/2")=80|oz=28.3
171955	Fish, cod, Atlantic, raw	82	17.81	0	0	0.67	0	oz=28.3|fillet=231
175178	Fish, cod, Pacific, cooked	84	20.42	0		0.25		oz=28.3
171990	Fish, cod, Pacific, cooked, dry heat (may contain additives to retain moisture)	85	18.73	0	0	0.5	0	fillet=90|oz=28.3
174191	Fish, cod, Pacific, raw (may have been previously frozen)	69	15.27	0	0	0.41	0	fillet=116|oz=28.3
171957	Fish, croaker, Atlantic, cooked, breaded and fried	221	18.2	7.54		12.67	0.4	fillet=87|oz=28.3
174192	Fish, croaker, Atlantic, raw	104	17.78	0	0	3.17	0	fillet=79|oz=28.3
171991	Fish, cusk, cooked, dry heat	112	24.35	0		0.88	0	fillet=95|oz=28.3
171958	Fish, cusk, raw	87	18.99	0		0.69	0	fillet=122|oz=28.3
168987	Fish, devilfish, meat (Alaska Native)	97	11.7	0		5.3		
171993	Fish, drum, freshwater, cooked, dry heat	153	22.49	0		6.32	0	oz=28.3|fillet=154
171960	Fish, drum, freshwater, raw	119	17.54	0		4.93	0	oz=28.3|fillet=198
174194	Fish, eel, mixed species, cooked, dry heat	236	23.65	0		14.95	0	oz, boneless=28.4|oz with bone (yield after bone removed)=22|cubic inch, boneless=17|fillet=159|oz=28.3
174193	Fish, eel, mixed species, raw	184	18.44	0	0	11.66	0	oz=28.3|fillet=204
174195	Fish, fish sticks, frozen, prepared	277	11.01	21.66	1.65	16.23	1.5	piece (4" x 2" x 1/2")=57|stick (4" x 1" x 1/2")=28
174197	Fish, flatfish (flounder and sole species), cooked, dry heat	86	15.24	0	0	2.37	0	fillet=127|oz=28.3
174196	Fish, flatfish (flounder and sole species), raw	70	12.41	0	0	1.93	0	oz, boneless=28.4|fillet=163|oz=28.3
171961	Fish, gefiltefish, commercial, sweet recipe	84	9.07	7.41		1.73	0	piece=42
171963	Fish, grouper, mixed species, cooked, dry heat	118	24.84	0		1.3	0	oz=28.3|fillet=202
171962	Fish, grouper, mixed species, raw	92	19.38	0		1.02	0	oz=28.3|fillet=259
174198	Fish, haddock, cooked, dry heat	90	19.99	0	0	0.55	0	fillet=150|oz=28.3
171964	Fish, haddock, raw	74	16.32	0	0	0.45	0	oz=28.3|fillet=193
174199	Fish, haddock, smoked	116	25.23	0	0	0.96	0	oz, boneless=28.4|cubic inch, boneless=17|oz=28.3
174201	Fish, halibut, Atlantic and Pacific, cooked, dry heat	111	22.54	0	0	1.61	0	oz=28.3|fillet=318
174200	Fish, halibut, Atlantic and Pacific, raw	91	18.56	0	0	1.33	0	oz=28.3|fillet=408
169812	Fish, halibut, cooked, with skin (Alaska Native)	113	22.13	0	0	2.73	0	
174232	Fish, halibut, greenland, cooked, dry heat	239	18.42	0		17.74	0	oz=28.3|fillet=318
171965	Fish, halibut, Greenland, raw	186	14.37	0	0	13.84	0	oz=28.3|fillet=408
167638	Fish, halibut, raw, with skin (Alaska Native)	116	20.53	1.81	0	2.92	0	
168989	Fish, herring eggs on giant kelp, Pacific (Alaska Native)	63	11.3	2.6		0.8		
168990	Fish, herring eggs, Pacific, dry (Alaska Native)	312	60.4	2.8		6.6		
169806	Fish, herring eggs, Pacific, plain (Alaska Native)	74	9.6	4.47		1.93		
175117	Fish, herring, Atlantic, cooked, dry heat	203	23.03	0	0	11.59	0	fillet=143|oz=28.3
173668	Fish, herring, Atlantic, kippered	217	24.58	0	0	12.37	0	oz, boneless=28.4|cubic inch, boneless=17|fillet, large (7" x 2-1/4" x 1/4")=65|fillet, medium (5" x 1-3/4" x 1/4")=40|fillet, small (2-3/8" x 1-3/8" x 1/4")=20
175118	Fish, herring, Atlantic, pickled	262	14.19	9.64	7.71	18	0	cup=140|oz, boneless=28.4|cubic inch=20|piece (1-3/4" x 7/8" x 1/2")=15
175116	Fish, herring, Atlantic, raw	158	17.96	0	0	9.04	0	oz, boneless=28.4|fillet=184|oz=28.3
174233	Fish, herring, Pacific, cooked, dry heat	250	21.01	0		17.79	0	fillet=144|oz=28.3
169807	Fish, herring, Pacific, flesh, air-dried, packed in oil (Alaska Native)	489	44.5	0		34.6		
173669	Fish, herring, Pacific, raw	195	16.39	0		13.88	0	oz=28.3|fillet=184
174234	Fish, ling, cooked, dry heat	111	24.35	0		0.82	0	oz=28.3|fillet=151
173670	Fish, ling, raw	87	18.99	0		0.64	0	oz=28.3|fillet=193
174235	Fish, lingcod, cooked, dry heat	109	22.64	0		1.36	0	oz=28.3|fillet=302
169810	Fish, lingcod, liver (Alaska Native)	424	5.6	6		42		
169809	Fish, lingcod, meat, raw (Alaska Native)	79	17.9	0		0.8		
173671	Fish, lingcod, raw	85	17.66	0		1.06	0	oz=28.3|fillet=386
175120	Fish, mackerel, Atlantic, cooked, dry heat	262	23.85	0		17.81	0	fillet=88|oz=28.3
175119	Fish, mackerel, Atlantic, raw	205	18.6	0	0	13.89	0	fillet=112|oz=28.3
175121	Fish, mackerel, jack, canned, drained solids	156	23.19	0	0	6.3	0	oz, boneless=28.4|cup=190|cubic inch=16|can (15 oz)=361
174236	Fish, mackerel, king, cooked, dry heat	134	26	0		2.56	0	oz=28.3|fillet=308
175122	Fish, mackerel, king, raw	105	20.28	0		2	0	oz=28.3|fillet=396
171994	Fish, mackerel, Pacific and jack, mixed species, cooked, dry heat	201	25.73	0	0	10.12	0	oz, boneless=28.4|cubic inch, boneless=17|fillet=176|oz=28.3
173672	Fish, mackerel, Pacific and jack, mixed species, raw	158	20.07	0	0	7.89	0	oz=28.3|fillet=225
168149	Fish, mackerel, salted	305	18.5	0	0	25.1	0	piece (5-1/2" x 1-1/2" x 1/2")=80|cubic inch, boneless=17|cup, cooked=136
173674	Fish, mackerel, spanish, cooked, dry heat	158	23.59	0		6.32	0	fillet=146|oz=28.3
173673	Fish, mackerel, spanish, raw	139	19.29	0	0	6.3	0	oz=28.3|fillet=187
171992	Fish, mahimahi, cooked, dry heat	109	23.72	0		0.9	0	oz=28.3|fillet=159
171959	Fish, mahimahi, raw	85	18.5	0		0.7	0	oz=28.3|fillet=204
171995	Fish, milkfish, cooked, dry heat	190	26.32	0		8.63	0	oz=28.3
173675	Fish, milkfish, raw	148	20.53	0		6.73	0	oz=28.3
171996	Fish, monkfish, cooked, dry heat	97	18.56	0		1.95	0	oz=28.3
173676	Fish, monkfish, raw	76	14.48	0		1.52	0	oz=28.3
175124	Fish, mullet, striped, cooked, dry heat	150	24.81	0		4.86	0	fillet=93|oz=28.3
175123	Fish, mullet, striped, raw	117	19.35	0	0	3.79	0	oz=28.4|fillet=119|oz=28.3
175126	Fish, ocean perch, Atlantic, cooked, dry heat	96	18.51	0	0	1.87	0	fillet=50|oz=28.3
175125	Fish, ocean perch, Atlantic, raw	79	15.31	0	0	1.54	0	oz, boneless=28.4|fillet=64|oz=28.3
173679	Fish, perch, mixed species, cooked, dry heat	117	24.86	0		1.18	0	fillet=46|oz=28.3
173678	Fish, perch, mixed species, raw	91	19.39	0	0	0.92	0	fillet=60|oz=28.3
175127	Fish, pike, northern, cooked, dry heat	113	24.69	0		0.88	0	oz=28.3|fillet=310
168021	Fish, pike, northern, liver (Alaska Native)	156	16.6	4.3		8		
173680	Fish, pike, northern, raw	88	19.26	0	0	0.69	0	oz=28.3|fillet=396
171997	Fish, pike, walleye, cooked, dry heat	119	24.54	0		1.56	0	fillet=124|oz=28.3
175128	Fish, pike, walleye, raw	93	19.14	0		1.22	0	oz=28.3|fillet=159
173726	Fish, pollock, Alaska, cooked	86.6164	19.42	0		0.9946		oz=28.3
173681	Fish, pollock, Alaska, cooked, dry heat (may contain additives to retain moisture)	111	23.48	0	0	1.18	0	fillet=60|oz=28.3
173725	Fish, pollock, Alaska, raw	76	17.17	0		0.82		oz=28.3
175130	Fish, pollock, Alaska, raw (may contain additives to retain moisture)	56	12.19	0	0	0.41	0	fillet=77|oz=28.3
174237	Fish, pollock, Atlantic, cooked, dry heat	118	24.92	0		1.26	0	oz=28.3|fillet=302
175129	Fish, pollock, Atlantic, raw	92	19.44	0	0	0.98	0	oz=28.3|fillet=386
173683	Fish, pompano, florida, cooked, dry heat	211	23.69	0		12.14	0	fillet=88|oz=28.3
173682	Fish, pompano, florida, raw	164	18.48	0	0	9.47	0	oz, boneless=28.4|fillet=112|oz=28.3
174238	Fish, pout, ocean, cooked, dry heat	102	21.33	0		1.17	0	fillet=274|oz=28.3
173677	Fish, pout, ocean, raw	79	16.64	0		0.91	0	oz=28.3|fillet=352
175131	Fish, rockfish, Pacific, mixed species, cooked, dry heat	109	22.23	0	0	1.62	0	fillet=149|oz=28.3
173684	Fish, rockfish, Pacific, mixed species, raw	90	18.36	0	0	1.34	0	oz=28.3|fillet=191
174239	Fish, roe, mixed species, cooked, dry heat	204	28.62	1.92		8.23	0	oz=28.4|oz=28.3
175132	Fish, roe, mixed species, raw	143	22.32	1.5	0	6.42	0	tbsp=14|oz=28.4|can (8 oz), solids and liquid=227|oz=28.3
174251	Fish, roughy, orange, cooked, dry heat	105	22.64	0	0	0.9	0	oz=28.3
175133	Fish, roughy, orange, raw	76	16.41	0	0	0.7	0	oz=28.3
174240	Fish, sablefish, cooked, dry heat	250	17.19	0		19.62	0	oz=28.3|fillet=302
175134	Fish, sablefish, raw	195	13.41	0		15.3	0	oz=28.3|fillet=386
173685	Fish, sablefish, smoked	257	17.65	0		20.14	0	oz=28.4|oz=28.3
175168	Fish, salmon, Atlantic, farmed, cooked, dry heat	206	22.1	0	0	12.35	0	oz=28.3|fillet=356
175167	Fish, salmon, Atlantic, farmed, raw	208	20.42	0	0	13.42	0	oz=28.3|fillet=396
171998	Fish, salmon, Atlantic, wild, cooked, dry heat	182	25.44	0		8.13	0	oz=28.3|fillet=308
173686	Fish, salmon, Atlantic, wild, raw	142	19.84	0		6.34	0	oz=28.3|fillet=396
171999	Fish, salmon, chinook, cooked, dry heat	231	25.72	0		13.38	0	oz=28.3|fillet=308
173688	Fish, salmon, chinook, raw	179	19.93	0	0	10.43	0	oz=28.3|fillet=396
173687	Fish, salmon, chinook, smoked	117	18.28	0	0	4.32	0	oz, boneless=28.4|oz=28.3|cubic inch, boneless=17|cup, cooked=136
171985	Fish, salmon, chinook, smoked, (lox), regular	117	18.28	0		4.32	0	oz=28.4|oz=28.3
175135	Fish, salmon, chum, canned, drained solids with bone	141	21.43	0	0	5.5	0	oz=28.3|can=369
174224	Fish, salmon, chum, canned, without salt, drained solids with bone	141	21.43	0		5.5	0	oz=28.3|can=369
172000	Fish, salmon, chum, cooked, dry heat	154	25.82	0		4.83	0	oz=28.3|fillet=308
168054	Fish, salmon, chum, dried (Alaska Native)	378	62.09	0	0	14.38	0	
173689	Fish, salmon, chum, raw	120	20.14	0		3.77	0	oz=28.3|fillet=396
168046	Fish, Salmon, Chum, raw (Alaska Native)	116	20.69	0	0	3.67	0	
167639	Fish, salmon, coho (silver), raw (Alaska Native)	140	22.56	0	0	5.57	0	
173716	Fish, salmon, coho, farmed, cooked, dry heat	178	24.3	0		8.23	0	fillet=143|oz=28.3
173715	Fish, salmon, coho, farmed, raw	160	21.27	0		7.67	0	oz=28.3|fillet=159
173719	Fish, salmon, coho, wild, cooked, dry heat	139	23.45	0	0	4.3	0	oz=28.3|fillet=356
175137	Fish, salmon, coho, wild, cooked, moist heat	184	27.36	0		7.5	0	oz=28.3|fillet=310
175136	Fish, salmon, coho, wild, raw	146	21.62	0	0	5.93	0	oz=28.3|fillet=396
168047	Fish, salmon, king (chinook), raw (Alaska Native)	187	20.25	0	0	11.73	0	
168024	Fish, salmon, king, chinook, kippered, canned (Alaska Native)	266	30.7	0		15.9		
167616	Fish, salmon, king, chinook, liver (Alaska Native)	156	16.6	4.3		8		
167614	Fish, salmon, king, chinook, smoked and canned (Alaska Native)	150	23.2	0		5.9		
167615	Fish, salmon, king, chinook, smoked, brined (Alaska Native)	430	39.9	0		30	0	
167647	Fish, salmon, king, with skin, kippered, (Alaska Native)	209	23.19	0	0	12.95	0	
175175	Fish, salmon, pink, canned, drained solids	138	23.1	0	0	5.02	0	oz=28.3|can drained solids (total)=315
173724	Fish, Salmon, pink, canned, drained solids, without skin and bones	136	24.62	0	0	4.21	0	oz=28.3|can drained solids, bone and skin removed=242
173690	Fish, salmon, pink, canned, total can contents	129	19.68	0	0	4.97	0	oz=28.3|can=411
174225	Fish, salmon, pink, canned, without salt, solids with bone and liquid	139	19.78	0		6.05	0	oz=28.3|can=454
172001	Fish, salmon, pink, cooked, dry heat	153	24.58	0	0	5.28	0	oz=28.3|fillet=248
175138	Fish, salmon, pink, raw	127	20.5	0	0	4.4	0	oz=28.3|fillet=318
167645	Fish, salmon, red, (sockeye), canned, smoked (Alaska Native)	206	35.19	0	0	7.26	0	
167646	Fish, salmon, red, (sockeye), kippered (Alaska Native)	141	24.5	0	0	4.75	0	
167642	Fish, salmon, red, canned, bones removed (Alaska Native)	161	27.31	0	0	5.76	0	
168045	Fish, salmon, sockeye (red), raw (Alaska Native)	153	21.94	0	0	7.28	0	
173693	Fish, salmon, sockeye, canned, drained solids	167	23.59	0	0	7.39	0	oz=28.3|can=337
174226	Fish, salmon, sockeye, canned, without salt, drained solids with bone	153	20.47	0		7.31	0	oz=28.3|can=369
173692	Fish, salmon, sockeye, cooked, dry heat	156	26.48	0	0	5.57	0	oz=28.3|fillet=310
173691	Fish, salmon, sockeye, raw	131	22.25	0	0	4.69	0	oz, boneless=28.4|fillet=396|oz=28.3
168023	Fish, salmon, tipnuk, fermented (Alaska Native)	159	15.9	0		10.6		
175139	Fish, sardine, Atlantic, canned in oil, drained solids with bone	208	24.62	0	0	11.45	0	cup, drained=149|oz=28.4|cubic inch=16|can (3.75 oz)=92|small (2-2/3" x 1/2" x 1/4")=12|sardines=12
175140	Fish, sardine, Pacific, canned in tomato sauce, drained solids with bone	185	20.86	0.54	0.43	10.45	0.1	cup=89|can=370|sardine=38
174241	Fish, scup, cooked, dry heat	135	24.21	0		3.5	0	fillet=50|oz=28.3
175141	Fish, scup, raw	105	18.88	0	0	2.73	0	oz=28.3|oz, boneless=28.4|fillet=64|cup=166
173694	Fish, sea bass, mixed species, cooked, dry heat	124	23.63	0		2.56	0	fillet=101|oz=28.3
175142	Fish, sea bass, mixed species, raw	97	18.43	0	0	2	0	fillet=129|oz=28.3
174242	Fish, seatrout, mixed species, cooked, dry heat	133	21.46	0		4.63	0	oz=28.3|fillet=186
173695	Fish, seatrout, mixed species, raw	104	16.74	0		3.61	0	oz=28.3|fillet=238
174243	Fish, shad, american, cooked, dry heat	252	21.71	0		17.65	0	fillet=144|oz=28.3
173696	Fish, shad, american, raw	197	16.93	0	0	13.77	0	oz=28.3|fillet=184
175143	Fish, shark, mixed species, cooked, batter-dipped and fried	228	18.62	6.39		13.82	0	oz=28.3
173697	Fish, shark, mixed species, raw	130	20.98	0	0	4.51	0	oz=28.3
167648	Fish, sheefish, raw (Alaska Native)	115	22.25	0	0	2.84	0	
175145	Fish, sheepshead, cooked, dry heat	126	26.02	0		1.63	0	oz=28.3|fillet=186
175144	Fish, sheepshead, raw	108	20.21	0		2.41	0	oz=28.3|fillet=238
175147	Fish, smelt, rainbow, cooked, dry heat	124	22.6	0		3.1	0	oz=28.3
175146	Fish, smelt, rainbow, raw	97	17.63	0	0	2.42	0	oz=28.3
173699	Fish, snapper, mixed species, cooked, dry heat	128	26.3	0		1.72	0	oz=28.3|fillet=170
173698	Fish, snapper, mixed species, raw	100	20.51	0	0	1.34	0	oz=28.3|fillet=218
174244	Fish, spot, cooked, dry heat	158	23.73	0		6.28	0	fillet=50|oz=28.3
173700	Fish, spot, raw	123	18.51	0		4.9	0	fillet=64|oz=28.3
175148	Fish, sturgeon, mixed species, cooked, dry heat	135	20.7	0	0	5.18	0	oz=28.3|cup, cooked=136|piece (4-1/2" x 2-1/8" x 7/8")=145|oz, boneless=28.4|cubic inch, boneless=17
173701	Fish, sturgeon, mixed species, raw	105	16.14	0	0	4.04	0	oz=28.3
175149	Fish, sturgeon, mixed species, smoked	173	31.2	0	0	4.4	0	oz=28.4|oz=28.3
172002	Fish, sucker, white, cooked, dry heat	119	21.49	0		2.97	0	fillet=124|oz=28.3
175150	Fish, sucker, white, raw	92	16.76	0		2.32	0	oz=28.3|fillet=159
172003	Fish, sunfish, pumpkin seed, cooked, dry heat	114	24.87	0		0.9	0	fillet=37|oz=28.3
175151	Fish, sunfish, pumpkin seed, raw	89	19.4	0		0.7	0	fillet=48|oz=28.3
173702	Fish, surimi	99	15.18	6.85	0	0.9	0	oz=28.4|oz=28.3
173704	Fish, swordfish, cooked, dry heat	172	23.45	0	0	7.93	0	oz=28.3|piece=106
173703	Fish, swordfish, raw	144	19.66	0	0	6.65	0	oz=28.3|piece (4-1/2" x 2-1/8" x 7/8")=136
175177	Fish, tilapia, cooked, dry heat	128	26.15	0	0	2.65	0	fillet=87
175176	Fish, tilapia, raw	96	20.08	0	0	1.7	0	fillet=116
175152	Fish, tilefish, cooked, dry heat	147	24.49	0		4.69	0	fillet=300|oz=28.3
173705	Fish, tilefish, raw	96	17.5	0		2.31	0	oz=28.3|fillet=386
175181	Fish, trout, brook, raw, New York State	110	21.23	0		2.73		filet=149|fish=332
172004	Fish, trout, mixed species, cooked, dry heat	190	26.63	0		8.47	0	fillet=62|oz=28.3
175153	Fish, trout, mixed species, raw	148	20.77	0	0	6.61	0	fillet=79|oz=28.3
173718	Fish, trout, rainbow, farmed, cooked, dry heat	168	23.8	0	0	7.38	0	fillet=71|oz=28.3
173717	Fish, trout, rainbow, farmed, raw	141	19.94	0	0	6.18	0	fillet=79|oz=28.3
175155	Fish, trout, rainbow, wild, cooked, dry heat	150	22.92	0		5.82	0	fillet=143|oz=28.3
175154	Fish, trout, rainbow, wild, raw	119	20.48	0		3.46	0	oz=28.3|fillet=159
175160	Fish, tuna salad	187	16.04	9.41		9.26	0	oz=28.3|cup=205
173707	Fish, tuna, fresh, bluefin, cooked, dry heat	184	29.91	0		6.28	0	oz=28.3
173706	Fish, tuna, fresh, bluefin, raw	144	23.33	0	0	4.9	0	oz=28.3
175156	Fish, tuna, fresh, skipjack, raw	103	22	0		1.01	0	oz=28.3|fillet=396
175159	Fish, tuna, fresh, yellowfin, raw	109	24.4	0	0	0.49	0	oz, boneless=28.4|cubic inch, boneless=16|oz=28.3
173708	Fish, tuna, light, canned in oil, drained solids	198	29.13	0	0	8.21	0	cup, solid or chunks=146|oz=28.4|can=171|oz=28.3|can (12.5 oz), drained=321
174227	Fish, tuna, light, canned in oil, without salt, drained solids	198	29.13	0		8.21	0	oz=28.3|can=171
173709	Fish, tuna, light, canned in water, drained solids (Includes foods for USDA's Food Distribution Program)	86	19.44	0	0	0.96	0	oz=28.4|oz=28.3|can=165|cup, solid or chunks=154|can (12.5 oz), drained=315
171986	Fish, tuna, light, canned in water, without salt, drained solids	116	25.51	0	0	0.82	0	oz=28.3|can=165
172005	Fish, tuna, skipjack, fresh, cooked, dry heat	132	28.21	0		1.29	0	oz=28.3|fillet=308
175157	Fish, tuna, white, canned in oil, drained solids	186	26.53	0	0	8.08	0	oz=28.3|can=178
171987	Fish, tuna, white, canned in oil, without salt, drained solids	186	26.53	0		8.08	0	oz=28.3|can=178
175158	Fish, tuna, white, canned in water, drained solids	128	23.62	0	0	2.97	0	oz=28.3|can=172
171988	Fish, tuna, white, canned in water, without salt, drained solids	128	23.62	0		2.97	0	oz=28.3|can=172
172006	Fish, tuna, yellowfin, fresh, cooked, dry heat	130	29.15	0	0	0.59	0	oz=28.3
174245	Fish, turbot, european, cooked, dry heat	122	20.58	0		3.78	0	oz=28.3|fillet=318
173710	Fish, turbot, european, raw	95	16.05	0		2.95	0	oz=28.3|fillet=408
168034	Fish, whitefish, broad, head, eyes, cheeks and soft bones (Alaska Native)	107	18.6	0		3.6		
167626	Fish, whitefish, broad, liver (Alaska Native)	104	11	5.1		4.4		
168052	Fish, whitefish, dried (Alaska Native)	371	62.44	0	0	13.44	0	
167643	Fish, whitefish, eggs (Alaska Native)	104	14.66	4.89	0	2.88	0	
174246	Fish, whitefish, mixed species, cooked, dry heat	172	24.47	0		7.51	0	oz=28.3|fillet=154
173711	Fish, whitefish, mixed species, raw	134	19.09	0	0	5.86	0	oz=28.3|fillet=198
168033	Fish, whitefish, mixed species, raw (Alaska Native)	131	18.9	0		6.1		
173712	Fish, whitefish, mixed species, smoked	108	23.4	0	0	0.93	0	cup, cooked=136|oz, boneless=28.4|cubic inch, boneless=17|oz=28.3
175161	Fish, whiting, mixed species, cooked, dry heat	116	23.48	0	0	1.69	0	fillet=72|oz=28.3
173713	Fish, whiting, mixed species, raw	90	18.31	0	0	1.31	0	fillet=92|oz=28.3
174247	Fish, wolffish, Atlantic, cooked, dry heat	123	22.44	0		3.06	0	fillet=238|oz=28.3
175162	Fish, wolffish, Atlantic, raw	96	17.5	0		2.39	0	oz=28.3|fillet=306
174248	Fish, yellowtail, mixed species, cooked, dry heat	187	29.67	0		6.72	0	fillet=292|oz=28.3
175163	Fish, yellowtail, mixed species, raw	146	23.14	0		5.24	0	oz=28.3|fillet=374
169602	Flan, caramel custard, dry mix	348	0	91.6		0	0	package (3 oz)=85|portion, amount to make 1/2 cup=21
169621	Flan, caramel custard, dry mix, prepared with 2% milk	103	2.99	18.82		1.72	0	
168796	Flan, caramel custard, dry mix, prepared with whole milk	113	2.95	18.68		3	0	
169883	Fluid replacement, electrolyte solution (include PEDIALYTE)	10	0	2.45	2.45	0	0	fl oz=31.2|cup (8 fl oz)=250
167945	Focaccia, Italian flatbread, plain	249	8.77	35.82	1.75	7.89	1.8	piece=57
173149	Formulated bar, high fiber, chewy, oats and chocolate	389	5	69.82	25	10	22.5	bar=40
174787	Formulated bar, LUNA BAR, NUTZ OVER CHOCOLATE	403	20.75	52.49	16.9	12.19	4.3	bar=48
174782	Formulated bar, MARS SNACKFOOD US, COCOAVIA, Chocolate Almond Snack Bar	347	7.72	51.68	27.03	14.19	5.2	bar=22
173138	Formulated bar, MARS SNACKFOOD US, COCOAVIA, Chocolate Blueberry Snack Bar	325	6.21	57.87	33.4	9.27	4.6	bar=22
174780	Formulated bar, MARS SNACKFOOD US, SNICKERS MARATHON Chewy Chocolate Peanut Bar	396	24.29	47.24	32.86	13.12	2.5	bar=55
173132	Formulated bar, MARS SNACKFOOD US, SNICKERS MARATHON Double Chocolate Nut Bar	377	22.35	51.66	22.67	8.99	10.5	bar=80
173136	Formulated bar, MARS SNACKFOOD US, SNICKERS MARATHON Energy Bar, all flavors	386	21.91	50.3	28.71	10.79	6.7	bar=55|bar=44
173134	Formulated bar, MARS SNACKFOOD US, SNICKERS MARATHON Honey Nut Oat Bar	381	22.5	55.13	26.26	7.87	11	bar=55
174781	Formulated bar, MARS SNACKFOOD US, SNICKERS MARATHON MULTIGRAIN CRUNCH BAR	422	18.49	57.27	33.04	13.18	2.8	bar=55
174786	Formulated bar, MARS SNACKFOOD US, SNICKERS MARATHON Protein Performance Bar, Caramel Nut Rush	415	25	50.5	28.75	12.5	12.5	bar=80
173137	Formulated bar, POWER BAR, chocolate	363	14.15	69.63	30.07	3.11	5.7	bar=68
173139	Formulated bar, SLIM-FAST OPTIMA meal bar, milk chocolate peanut	386	16.19	60.21	25	8.92	5.1	bar=55
173158	Formulated Bar, SOUTH BEACH protein bar	412	30.34	38.4	15.17	15.17	7.3	bar=53
174792	Formulated bar, ZONE PERFECT CLASSIC CRUNCH BAR, mixed flavors	426	30	45	27	14	2	bar=50
174614	Frankfurter, beef, heated	322	11.69	2.66	1.27	29.36	0	frankfurter=48|package=451
167696	Frankfurter, beef, low fat	140	12	1.6	0.85	9.5	0	frankfurter=57|cup, sliced=151
172949	Frankfurter, beef, pork, and turkey, fat free	109	12.5	11.21	0	1.59	0	frank 1 NLEA serving=57
173862	Frankfurter, beef, unheated	315	11.69	2.97	1.17	28.1	0	hot dog=49|package=446
171624	Frankfurter, chicken	223	15.51	2.74	2.98	16.19	0	oz=28.3|link=45
168131	Frankfurter, low sodium	312	12	1.8	0	28.51	0	frankfurter=57|cup, sliced=151
172968	Frankfurter, meat	290	10.26	4.17		25.76	0	serving (1 hot dog)=52
171633	Frankfurter, meat and poultry, cooked, boiled	298	10.31	4.96	2.7	26.28	0	frankfurter=50
171634	Frankfurter, meat and poultry, cooked, grilled	302	10.67	5.24	2.85	26.43	0	frankfurter=48
169866	Frankfurter, meat and poultry, low fat	121	15.5	8.4	0	2.8	0.1	cup, sliced=143
173875	Frankfurter, meat and poultry, unheated	277	9.72	5.02	2.75	24.18	0	frankfurter=51
174615	Frankfurter, meat, heated	278	9.77	4.9		24.31	0	serving (1 hot dog)=52
169887	Frankfurter, meatless	233	19.61	7.7	0	13.73	3.9	cup, sliced=140|frankfurter=70
172964	Frankfurter, pork	269	12.81	0.28	0	23.68	0.1	link=76
171625	Frankfurter, turkey	223	12.23	3.81	1.21	17.29	0	oz=28.4|frankfurter=45
172763	French toast, frozen, ready-to-heat	213	7.4	32.1		6.1	1.1	oz=28.4|piece=59
174998	French toast, prepared from recipe, made with low fat (2%) milk	229	7.7	25		10.8		oz=28.4|slice=65
172466	Frijoles rojos volteados (Refried beans, red, canned)	144	5	15.47		6.93	4.7	cup=233|tbsp=15
168148	Frog legs, raw	73	16.4	0	0	0.3	0	leg=45
169625	Frostings, chocolate, creamy, dry mix	389	1.3	92		5.2	2.4	package=388
168800	Frostings, chocolate, creamy, dry mix, prepared with butter	408	1.11	71.8	0.01	13.06	1.9	tablespoon=16.5
168845	Frostings, chocolate, creamy, dry mix, prepared with margarine	404	1.1	71.02		12.87	1.9	tablespoon=16.5
168795	Frostings, chocolate, creamy, ready-to-eat	397	1.1	63.2	57.7	17.6	0.9	tbsp creamy=20.5
169618	Frostings, coconut-nut, ready-to-eat	433	1.5	52.7	40	24	2.5	package=475|tbsp=17.5|package (16 oz)=462
169619	Frostings, cream cheese-flavor, ready-to-eat	415	0.1	67.32	63.54	17.3	0	tbsp creamy=16.5|tbsp whipped=12
168852	Frostings, glaze, chocolate, prepared-from-recipe, with butter, NFSMI Recipe No. C-32	359	1.42	72.18	64.3	7.17	1.1	tablespoon=16.5
169668	Frostings, glaze, prepared-from-recipe	341	0.44	83.65	80.44	0.53	0	recipe yield=327
168802	Frostings, vanilla, creamy, dry mix	410	0.3	93.8		4.9	0.1	package=411|package=425
168844	Frostings, vanilla, creamy, dry mix, prepared with margarine	413	0.34	74.28		12.74	0.1	tablespoon=16.5
169620	Frostings, vanilla, creamy, ready-to-eat	418	0	67.89	63.1	16.23	0	package=475|tbsp creamy=16.5|package (16 oz)=462
168803	Frostings, white, fluffy, dry mix	371	2.3	94.9		0	0	package=207|package=212.5
169626	Frostings, white, fluffy, dry mix, prepared with water	244	1.5	62.6		0	0	package yields=315|package=325
169632	Frozen novelties, fruit and juice bars	87	1.2	20.2	17.48	0.1	1	bar (2.5 fl oz)=77|bar (3 fl oz)=92
168130	Frozen novelties, ice cream type, chocolate or caramel covered, with nuts	323	4.4	30.9	30	20.2	0.6	bar=54
169900	Frozen novelties, ice cream type, sundae, prepackaged	190	4.3	29.64	20.74	6	0.3	serving=74
167683	Frozen novelties, ice cream type, vanilla ice cream, light, no sugar added, chocolate coated	221	6.4	26.11	8.52	10.1	0.8	bar=78
169613	Frozen novelties, ice type, fruit, no sugar added	24	0.5	6.2		0.1	0	bar=51
168812	Frozen novelties, ice type, italian, restaurant-prepared	53	0.03	13.5		0.02	0	fl oz=29|cup=232
169638	Frozen novelties, ice type, lime	128	0.4	32.6	32.6	0	0	cup (4 fl oz)=198
168847	Frozen novelties, ice type, pineapple-coconut	113	0	23.9		2.6	0.7	cup (4 fl oz)=198
168813	Frozen novelties, ice type, pop	79	0	19.23	13.66	0.24	0	serving 1.75 fl oz pop=52
168132	Frozen novelties, ice type, pop, with low calorie sweetener	24	0	5.92	1.52	0	0	serving 1.75 fl oz pop=55
170259	Frozen novelties, ice type, sugar free, orange, cherry, and grape POPSICLE pops	21	0	5.14	1.52	0	0	serving 1.75 fl oz pop=55
167721	Frozen novelties, juice type, juice with cream	115	1.41	24.11	20.61	1.41	0.1	oz=28.4
168113	Frozen novelties, juice type, orange	95	0.5	23.17	19.99	0	0.1	fl oz=29.8|bar=74
170255	Frozen novelties, juice type, POPSICLE SCRIBBLERS	81	0	19.68	14.57	0.24	0	serving 1.2 fl oz pop=33
170665	Frozen novelties, KLONDIKE, SLIM-A-BEAR Chocolate Cone	224	4.09	45.32	24.62	4.1	4.3	serving 1 cone=79
170260	Frozen novelties, KLONDIKE, SLIM-A-BEAR Fudge Bar, 98% fat free, no sugar added	124	4.31	30.07	7.1	1.88	6	serving 3.5 fl oz bar=74
170666	Frozen novelties, KLONDIKE, SLIM-A-BEAR Vanilla Sandwich	239	3.9	42.75	21.82	5.85	4.3	serving 1 sandwich=64
170667	Frozen novelties, KLONDIKE, SLIM-A-BEAR, No Sugar Added, Stickless Bar	242	5.2	25.98	8.64	13	3.9	serving 1 bar=78
170266	Frozen novelties, No Sugar Added CREAMSICLE Pops	72	3.69	12.88	2.75	0.61	3.6	serving 1 pop=44
170258	Frozen novelties, No Sugar Added, FUDGSICLE pops	124	3.67	23.11	5.1	1.87	1.5	serving=84
170267	Frozen novelties, Sugar Free, CREAMSICLE Pops	49	1.37	11.95	0.43	2.33	7.5	serving 2 pops=80
168104	Frozen yogurts, chocolate	131	3	21.6	19.24	3.6	2.3	cup=174
168103	Frozen yogurts, chocolate, nonfat milk, sweetened without sugar	107	4.4	19.7	12.61	0.8	2	cup=186
168848	Frozen yogurts, chocolate, soft-serve	160	4	24.9		6	2.2	cup (4 fl oz)=144
168105	Frozen yogurts, flavors other than chocolate	127	3	21.6	19.92	3.6	0	cup=174
168815	Frozen yogurts, vanilla, soft-serve	159	4	24.2	24	5.6	0	cup=144
168816	Fruit butters, apple	173	0.39	42.47	35.3	0.3	1.5	tbsp=17|serving=17|cup=282
173029	Fruit cocktail, (peach and pineapple and pear and grape and cherry), canned, extra heavy syrup, solids and liquids	88	0.39	22.89		0.07	1.1	cup=260|cup=260
173026	Fruit cocktail, (peach and pineapple and pear and grape and cherry), canned, extra light syrup, solids and liquids	45	0.4	11.63		0.07	1.1	cup=246
173028	Fruit cocktail, (peach and pineapple and pear and grape and cherry), canned, heavy syrup, solids and liquids	73	0.39	18.91	17.91	0.07	1	cup=248
174668	Fruit cocktail, (peach and pineapple and pear and grape and cherry), canned, juice pack, solids and liquids	46	0.46	11.86	10.86	0.01	1	cup=237
173027	Fruit cocktail, (peach and pineapple and pear and grape and cherry), canned, light syrup, solids and liquids	57	0.4	14.93	13.93	0.07	1	cup=242
174667	Fruit cocktail, (peach and pineapple and pear and grape and cherry), canned, water pack, solids and liquids	32	0.42	8.51	7.51	0.05	1	cup=237
168178	Fruit cocktail, canned, heavy syrup, drained	70	0.47	18.8	17.14	0.1	1.7	cup=214
167797	Fruit juice smoothie, BOLTHOUSE FARMS, BERRY BOOST	46	0.63	10.9	9.3	0.02	0	cup=252
167798	Fruit juice smoothie, BOLTHOUSE FARMS, GREEN GOODNESS	56	0.63	13.04	11.46	0.33	0.6	cup=230
167799	Fruit juice smoothie, BOLTHOUSE FARMS, strawberry banana	52	0.44	12.37	10.33	0.3	0.6	cup=233
168206	Fruit juice smoothie, NAKED JUICE, BLUE MACHINE	71	0.42	16.67	12.08	0	2.9	fl oz=30
167796	Fruit juice smoothie, NAKED JUICE, GREEN MACHINE	53	0.6	12.53	11.15	0.26	0.7	cup=275
167795	Fruit juice smoothie, NAKED JUICE, MIGHTY MANGO	63	0.42	15	12.5	0	0	fl oz=30
168214	Fruit juice smoothie, NAKED JUICE, strawberry banana	50	0.48	11.66	10.05	0.27	0.6	cup=228
168208	Fruit juice smoothie, ODWALLA, ORIGINAL SUPERFOOD	50	0.63	11.51	10.16	0.36	0.6	cup=227
168213	Fruit juice smoothie, ODWALLA, strawberry banana	48	0.5	11.05	9.9	0.32	0.6	cup=233
174672	Fruit salad, (peach and pear and apricot and pineapple and cherry), canned, extra heavy syrup, solids and liquids	88	0.33	22.77		0.06	1	cup=259
174670	Fruit salad, (peach and pear and apricot and pineapple and cherry), canned, juice pack, solids and liquids	50	0.51	13.05		0.03	1	cup=249
174671	Fruit salad, (peach and pear and apricot and pineapple and cherry), canned, light syrup, solids and liquids	58	0.34	15.14		0.07	1	cup=252
174669	Fruit salad, (peach and pear and apricot and pineapple and cherry), canned, water pack, solids and liquids	30	0.35	7.87		0.07	1	cup=245
167764	Fruit salad, (pineapple and papaya and banana and guava), tropical, canned, heavy syrup, solids and liquids	86	0.41	22.36		0.1	1.3	cup=257
167953	Fruit syrup	341	0	85.13	53	0	0.1	cup=334|cup=336
167655	Frybread, made with lard (Apache)	309	8.38	46.01	1.54	10.14	1.7	
167635	Frybread, made with lard (Navajo)	330	6.69	48.26	2.03	12.22		piece=152
168581	Fungi, Cloud ears, dried	284	9.25	73.01		0.73	70.1	cup=28|piece=4.5
174421	Game meat , bison, ground, raw	223	18.67	0	0	15.93	0	serving ( 3 oz )=85|patty=113
174423	Game meat , bison, top sirloin, separable lean only, 1" steak, cooked, broiled	171	28.05	0	0	5.65	0	serving ( 3 oz )=85|steak ( yield from 309.7 g raw meat )=194
173844	Game meat, antelope, cooked, roasted	150	29.45	0		2.67	0	oz=28.3|piece, cooked (yield from 1 lb raw meat, boneless)=340
175292	Game meat, antelope, raw	114	22.38	0		2.03	0	oz=28.4|lb=453.6
173846	Game meat, bear, cooked, simmered	259	32.42	0	0	13.39	0	oz=28.3|piece, cooked (yield from 1 lb raw meat, boneless)=277
173845	Game meat, bear, raw	161	20.1	0		8.3	0	oz=28.4|lb=453.6
175295	Game meat, beaver, cooked, roasted	212	34.85	0	0	6.96	0	oz=28.3|piece, cooked (yield from 1 lb raw meat, boneless)=313
175294	Game meat, beaver, raw	146	24.05	0		4.8	0	oz=28.2|lb=453.6
173848	Game meat, beefalo, composite of cuts, cooked, roasted	188	30.66	0		6.32	0	oz=28.3|piece, cooked (yield from 1 lb raw meat, boneless)=340
175296	Game meat, beefalo, composite of cuts, raw	143	23.3	0		4.8	0	oz=28.4|lb=453.6
174424	Game meat, bison, chuck, shoulder clod, separable lean only, cooked, braised	193	33.78	0	0	5.43	0	serving ( 3 oz )=85|roast ( yield from 1247 g raw meat ) ( 3 to 5 lb roast)=774
172598	Game meat, bison, chuck, shoulder clod, separable lean only, raw	119	21.12	0	0	3.15	0	serving ( 3 oz )=85|roast (3 to 5 lb roast)=1237
174422	Game meat, bison, ground, cooked, pan-broiled	238	23.77	0	0	15.13	0	patty ( yield from 112.7 g raw meat )=87|serving ( 3 oz )=85
172599	Game meat, bison, ribeye, separable lean only, 1" steak, cooked, broiled	177	29.45	0	0	5.67	0	serving ( 3 oz )=85|steak ( yield from 232.8 g raw meat )=179
172565	Game meat, bison, ribeye, separable lean only, trimmed to 0" fat, raw	116	22.1	0		2.4		oz=28.4|lb=453.6|oz=28.2
173852	Game meat, bison, separable lean only, cooked, roasted	143	28.44	0	0	2.42	0	oz=28.3|piece, cooked (yield from 1 lb raw meat, boneless)=340
173851	Game meat, bison, separable lean only, raw	109	21.62	0		1.84	0	oz=28.4|lb=453.6
172566	Game meat, bison, shoulder clod, separable lean only, trimmed to 0" fat, raw	109	21.1	0		2.1		oz=28.4|lb=453.6|oz=28.2
172600	Game meat, bison, top round, separable lean only, 1" steak, cooked, broiled	174	30.18	0	0	4.96	0	serving ( 3 oz )=85|steak=180
172601	Game meat, bison, top round, separable lean only, 1" steak, raw	122	23.32	0	0	2.43	0	serving ( 3 oz )=85|steak=489
172564	Game meat, bison, top sirloin, separable lean only, trimmed to 0" fat, raw	113	21.4	0		2.4		oz=28.4|lb=453.6|oz=28.2
175298	Game meat, boar, wild, cooked, roasted	160	28.3	0	0	4.38	0	oz=28.3|piece, cooked (yield from 1 lb raw meat, boneless)=340
175297	Game meat, boar, wild, raw	122	21.51	0		3.33	0	oz=28.4|lb=453.6
175300	Game meat, buffalo, water, cooked, roasted	131	26.83	0		1.8	0	oz=28.3|piece, cooked (yield from 1 lb raw meat, boneless)=340
175299	Game meat, buffalo, water, raw	99	20.39	0		1.37	0	oz=28.4|lb=453.6
173854	Game meat, caribou, cooked, roasted	167	29.77	0	0	4.42	0	oz=28.3|piece, cooked (yield from 1 lb raw meat, boneless)=340
173853	Game meat, caribou, raw	127	22.63	0		3.36	0	oz=28.4|lb=453.6
175085	Game meat, deer, cooked, roasted	158	30.21	0		3.19	0	oz=28.3|piece, cooked (yield from 1 lb raw meat, boneless)=340
172603	Game meat, deer, ground, cooked, pan-broiled	187	26.45	0	0	8.22	0	patty=93|serving ( 3 oz )=85
172602	Game meat, deer, ground, raw	157	21.78	0	0	7.13	0	patty (cooked from 4 oz raw)=85|oz=28.4
172604	Game meat, deer, loin, separable lean only, 1" steak, cooked, broiled	150	30.2	0	0	2.38	0	steak=54|serving ( 3 oz )=85
173855	Game meat, deer, raw	120	22.96	0	0	2.42	0	oz=28.4|lb=453.6
172605	Game meat, deer, shoulder clod, separable lean only, cooked, braised	191	36.28	0	0	3.95	0	serving ( 3 oz )=85|roast (3 to 5 lb roast)=293
174430	Game meat, deer, tenderloin, separable lean only, cooked, broiled	149	29.9	0	0	2.35	0	serving ( 3 oz )=85|roast ( yield from 271.8 g raw meat ) (0.5 to 1 lb roast)=202
174431	Game meat, deer, top round, separable lean only, 1" steak, cooked, broiled	152	31.47	0	0	1.92	0	steak ( yield from 134.9 g raw meat )=102|serving ( 3 oz )=85
175302	Game meat, elk, cooked, roasted	146	30.19	0		1.9	0	oz=28.3|piece, cooked (yield from 1 lb raw meat, boneless)=340
174426	Game meat, elk, ground, cooked, pan-broiled	193	26.64	0	0	8.74	0	patty ( yield from 104.1 g raw meat )=95|serving ( 3 oz )=85
174425	Game meat, elk, ground, raw	172	21.76	0	0	8.82	0	patty ( yield from 102.2 g raw meat )=102
174427	Game meat, elk, loin, separable lean only, cooked, broiled	167	31	0	0	3.84	0	steak ( yield from 148.1 g raw meat )=114|serving ( 3 oz )=85
175301	Game meat, elk, raw	111	22.95	0		1.45	0	oz=28.4|lb=453.6
174428	Game meat, elk, round, separable lean only, cooked, broiled	156	30.94	0	0	2.64	0	serving ( 3 oz )=85|steak ( yield from 233.1 g raw meat )=176
174429	Game meat, elk, tenderloin, separable lean only, cooked, broiled	162	30.76	0	0	3.41	0	steak ( yield from 123.5 g raw meat )=92|serving ( 3 oz )=85
175304	Game meat, goat, cooked, roasted	143	27.1	0	0	3.03	0	oz=28.3|piece, cooked (yield from 1 lb raw meat, boneless)=340
175303	Game meat, goat, raw	109	20.6	0		2.31	0	oz=28.4|lb=453.6
175087	Game meat, horse, cooked, roasted	175	28.14	0		6.05	0	oz=28.3|piece, cooked (yield from 1 lb raw meat, boneless)=340
175086	Game meat, horse, raw	133	21.39	0		4.6	0	oz=28.4|lb=453.6
174345	Game meat, moose, cooked, roasted	134	29.27	0	0	0.97	0	oz=28.3|piece, cooked (yield from 1 lb raw meat, boneless)=340
174344	Game meat, moose, raw	102	22.24	0		0.74	0	oz=28.4|lb=453.6
172519	Game meat, muskrat, cooked, roasted	234	30.09	0		11.74	0	oz=28.3|piece, cooked (yield from 1 lb raw meat, boneless)=313
172518	Game meat, muskrat, raw	162	20.76	0		8.1	0	oz=28.4|lb=453.6
172520	Game meat, opossum, cooked, roasted	221	30.2	0	0	10.2	0	oz=28.3|piece, cooked (yield from 1 lb raw meat, boneless)=399
172522	Game meat, rabbit, domesticated, composite of cuts, cooked, roasted	197	29.06	0		8.05	0	oz=28.3|piece, cooked (yield from 1 lb raw meat, boneless)=313
174346	Game meat, rabbit, domesticated, composite of cuts, cooked, stewed	206	30.38	0	0	8.41	0	oz=28.3|piece, cooked (yield from 1 lb raw meat, boneless)=299
172521	Game meat, rabbit, domesticated, composite of cuts, raw	136	20.05	0		5.55	0	oz=28.4|lb=453.6
174348	Game meat, rabbit, wild, cooked, stewed	173	33.02	0	0	3.51	0	oz=28.3|piece, cooked (yield from 1 lb raw meat, boneless)=299
174347	Game meat, rabbit, wild, raw	114	21.79	0		2.32	0	oz=28.4|lb=453.6
174349	Game meat, raccoon, cooked, roasted	255	29.2	0	0	14.5	0	oz=28.3|piece, cooked (yield from 1 lb raw meat, boneless)=399
172524	Game meat, squirrel, cooked, roasted	173	30.77	0	0	4.69	0	oz=28.3|piece, cooked (yield from 1 lb raw meat, boneless)=313
172523	Game meat, squirrel, raw	120	21.23	0		3.21	0	oz=28.4|lb=453.6
167939	Garlic bread, frozen	350	8.36	41.72	3.69	16.61	2.5	slice presliced=43|slice=59
169230	Garlic, raw	149	6.36	33.06	1	0.5	2.1	cup=136|tsp=2.8|clove=3|cloves=3
168775	Gelatin desserts, dry mix	381	7.8	90.5	86.04	0	0	package (3 oz)=85|portion, amount to make 1/2 cup=21
169596	Gelatin desserts, dry mix, prepared with water	60	1.22	14.19	13.49	0	0	cup=270|serving=21|package 3 oz, yields 2 cups=540
169597	Gelatin desserts, dry mix, reduced calorie, with aspartame	198	15.67	80.21	0	0	0.1	serving=6.4
169692	Gelatin desserts, dry mix, reduced calorie, with aspartame, added phosphorus, potassium, sodium, vitamin C	345	55.3	33.3		0	0	tbsp=9|package (0.35 oz)=10|portion, amount to make 1/2 cup=2.5
169693	Gelatin desserts, dry mix, reduced calorie, with aspartame, no added sodium	345	55.3	33.3		0	0	tbsp=9|package (0.35 oz)=10|portion, amount to make 1/2 cup=2.5
169598	Gelatin desserts, dry mix, reduced calorie, with aspartame, prepared with water	20	0.83	4.22	0	0	0	cup=234|package yield (2 cups)=469
169691	Gelatin desserts, dry mix, with added ascorbic acid, sodium-citrate and salt	381	7.8	90.5		0	0	package (3 oz)=85|portion, amount to make 1/2 cup=21
169599	Gelatins, dry powder, unsweetened	335	85.6	0	0	0.1	0	envelope (1 tbsp)=7|package (1 oz)=28
173254	George Weston Bakeries, Brownberry Sage and Onion Stuffing Mix, dry	390	13.3	72.7		5.1	5.4	serving=67
167515	George Weston Bakeries, Thomas English Muffins	232	8	46		1.8		serving=57
169765	Ginger root, pickled, canned, with artificial sweetener	20	0.33	4.83	0	0.1	2.6	tablespoon=12.5
169231	Ginger root, raw	80	1.82	17.77	1.7	0.75	2	tsp=2|cup slices (1" dia)=96|slices (1" dia)=2.2
167592	Glutino, Gluten Free Cookies, Chocolate Vanilla Creme	474	2.19	76.03	49	17.89	2.5	cookies=14.7
167593	Glutino, Gluten Free Cookies, Vanilla Creme	487	2.19	77.34	49.43	18.79	0	cookies=15
168002	Glutino, Gluten Free Wafers, Lemon Flavored	515	0	74.39	42.31	24.18	0	cookies=10
168003	Glutino, Gluten Free Wafers, Milk Chocolate	541	4.06	62.82	40.99	30.42	1.6	cookies=7.7
173032	Goji berries, dried	349	14.26	77.06	45.61	0.39	13	tbsp=5.6
172412	Goose, domesticated, meat and skin, cooked, roasted	305	25.16	0	0	21.92	0	cup, chopped or diced=140|unit (yield from 1 lb ready-to-cook goose)=188|goose=1548
174470	Goose, domesticated, meat and skin, raw	371	15.86	0		33.62	0	oz=28.3|unit (yield from 1 lb ready-to-cook goose)=320|goose=2638
172414	Goose, domesticated, meat only, cooked, roasted	238	28.97	0		12.67	0	unit (yield from 1 lb ready-to-cook goose)=143|goose=1182
172413	Goose, domesticated, meat only, raw	161	22.75	0		7.13	0	oz=28.3|unit (yield from 1 lb ready-to-cook goose)=185|goose=1532
172415	Goose, liver, raw	133	16.37	6.32		4.28	0	liver=94|unit (yield from 1 lb ready-to-cook goose)=11
173031	Gooseberries, canned, light syrup pack, solids and liquids	73	0.65	18.75		0.2	2.4	cup=252
173030	Gooseberries, raw	44	0.88	10.18		0.58	4.3	cup=150
168530	Gourd, dishcloth (towelgourd), cooked, boiled, drained, with salt	54	0.66	13.75	5.17	0.34	2.9	cup (1" pieces)=178|cup (1" slices)=178
168415	Gourd, dishcloth (towelgourd), cooked, boiled, drained, without salt	56	0.66	14.34	5.17	0.34	2.9	cup (1" pieces)=178|cup (1" slices)=178
168414	Gourd, dishcloth (towelgourd), raw	20	1.2	4.35	2.02	0.2	1.1	cup (1" pieces)=95|gourd=178
169353	Gourd, white-flowered (calabash), cooked, boiled, drained, with salt	13	0.6	3.1		0.02	1.2	cup (1" cubes)=146
169233	Gourd, white-flowered (calabash), cooked, boiled, drained, without salt	15	0.6	3.69		0.02	1.2	cup (1" cubes)=146
169232	Gourd, white-flowered (calabash), raw	14	0.62	3.39		0.02	0.5	cup (1" pieces)=116|gourd=771
168095	Granola bar, soft, milk chocolate coated, peanut butter	536	9.6	54.1	23.63	31.2	3.8	oz=28.4
173041	Grape juice, canned or bottled, unsweetened, with added ascorbic acid	60	0.37	14.77	14.2	0.13	0.2	cup=253|fl oz=31.6
168207	Grape juice, canned or bottled, unsweetened, with added ascorbic acid and calcium	62	0.37	14.77	14.2	0.13	0.2	cup=253|fl oz=31.6
173042	Grape juice, canned or bottled, unsweetened, without added ascorbic acid	60	0.37	14.77	14.2	0.13	0.2	cup=253|fl oz=31.6
169393	Grape leaves, canned	69	4.27	11.71		1.97	9.9	leaf=4
168575	Grape leaves, raw	93	5.6	17.31	6.3	2.12	11	cup=14|leaf=3
173038	Grapefruit juice, pink or red, with added calcium	39	0.51	7.74	7.96	0.68	0.3	fl oz=30|cup=252
167774	Grapefruit juice, pink, raw	39	0.5	9.2		0.1		cup=247|fruit yields=196
168189	Grapefruit juice, white, bottled, unsweetened, OCEAN SPRAY	37	0.54	7.51	7.69	0.64	0.6	cup=251|fl oz=30.8
174678	Grapefruit juice, white, canned or bottled, unsweetened	37	0.55	7.54	7.69	0.66	0.6	cup=257|fl oz=30.8
174679	Grapefruit juice, white, canned, sweetened	46	0.58	11.13	11.03	0.09	0.1	cup=250|fl oz=31.2
174681	Grapefruit juice, white, frozen concentrate, unsweetened, diluted with 3 volume water	41	0.55	9.73	9.63	0.13	0.1	cup=247|fl oz=30.9
174680	Grapefruit juice, white, frozen concentrate, unsweetened, undiluted	146	1.97	34.56	34.16	0.48	0.4	can (6 fl oz)=207
173039	Grapefruit juice, white, raw	39	0.5	9.2	9.1	0.1	0.1	cup=247|fl oz=30.9|fruit yields=196
173033	Grapefruit, raw, pink and red and white, all areas	32	0.63	8.08	6.98	0.1	1.1	cup sections, with juice=230|large (approx 4-1/2" dia)=332|medium (approx 4" dia)=256|small (approx 3-1/2" dia)=200
174673	Grapefruit, raw, pink and red, all areas	42	0.77	10.66	6.89	0.14	1.6	cup sections, with juice=230|fruit (3-3/4" dia)=246|NLEA serving=154
174674	Grapefruit, raw, pink and red, California and Arizona	37	0.5	9.69		0.1		cup sections, with juice=230|fruit (3-3/4" dia)=246
174675	Grapefruit, raw, pink and red, Florida	30	0.55	7.5		0.1	1.1	cup sections, with juice=230|fruit (3-3/4" dia)=246
174676	Grapefruit, raw, white, all areas	33	0.69	8.41	7.31	0.1	1.1	cup sections, with juice=230|fruit (3-3/4" dia)=236
174677	Grapefruit, raw, white, California	37	0.88	9.09		0.1		cup sections, with juice=230|fruit (3-3/4" dia)=236
173034	Grapefruit, raw, white, Florida	32	0.63	8.19		0.1		cup sections, with juice=230|fruit (3-3/4" dia)=236
173036	Grapefruit, sections, canned, juice pack, solids and liquids	37	0.7	9.21	8.8	0.09	0.4	cup=249
173037	Grapefruit, sections, canned, light syrup pack, solids and liquids	60	0.56	15.44	15.04	0.1	0.4	cup=254
173035	Grapefruit, sections, canned, water pack, solids and liquids	36	0.58	9.15	8.75	0.1	0.4	cup=244
174682	Grapes, american type (slip skin), raw	67	0.63	17.15	16.25	0.35	0.9	cup=92|grape=2.4
174685	Grapes, canned, thompson seedless, heavy syrup pack, solids and liquids	76	0.48	19.65	19.05	0.1	0.6	cup=256
174684	Grapes, canned, thompson seedless, water pack, solids and liquids	40	0.5	10.3	9.7	0.11	0.6	cup=245
173040	Grapes, muscadine, raw	57	0.81	13.93		0.47	3.9	grape=6
174683	Grapes, red or green (European type, such as Thompson seedless), raw	69	0.72	18.1	15.48	0.16	0.9	cup=151|grapes=4.9|NLEA serving=126
171168	Gravy, au jus, canned	16	1.2	2.5		0.2	0	cup=236|can=298
171169	Gravy, au jus, dry	313	9.2	47.49		9.63		tsp=3
171564	Gravy, beef, canned, ready-to-serve	53	3.75	4.81	0.21	2.36	0.4	cup=233|can=291
171588	Gravy, brown instant, dry	380	8.53	59.78	9.23	11.85	3.2	serving=6.7|package=454
171565	Gravy, brown, dry	367	10.74	59.38		9.61	2	tbsp=6
171600	Gravy, CAMPBELL'S, chicken	51	0.79	5.87	0.94	2.73		cup=224|cup=226|can 10.5 oz=273
171566	Gravy, chicken, canned or bottled, ready-to-serve	48	0.71	5.29	0.3	2.62	0.1	cup=228|cup=228|jar 10.5 oz=273|jar 12 oz=324
171567	Gravy, chicken, dry	381	11.27	62.09		9.73		tbsp=8|serving=8
174072	Gravy, HEINZ Home Style, classic chicken	46	0.67	5.01	0	2.57		cup=232|cup=230|jar 12 oz=324
171599	Gravy, HEINZ Home Style, savory beef	39	1.09	6.24	0.52	1.13	0.7	serving 1/4 cup 2 oz=57
171589	Gravy, instant beef, dry	369	9.8	61.1	23.9	9.48	4.3	serving=6.7|package (16 oz)=454
171590	Gravy, instant turkey, dry	409	11.72	57.56	7.6	14.66	3.8	serving=6.7|package (16 oz)=454
171598	Gravy, meat or poultry, low sodium, prepared	53	3.8	6.16	0.01	2.4	0.3	cup=236
171170	Gravy, mushroom, canned	50	1.26	5.47		2.71	0.4	cup=238|can=298
171171	Gravy, mushroom, dry, powder	328	10	64.66	3.26	4	4.8	cup (8 fl oz)=21
171172	Gravy, onion, dry, mix	322	9	67.64		3	6	cup (8 fl oz)=24
171173	Gravy, pork, dry, powder	367	8.78	63.57	24.73	8.63	2.4	serving=6.7
171568	Gravy, turkey, canned, ready-to-serve	51	2.6	5.1	0.21	2.1	0.4	cup=238|tbsp=14.9|tsp=5|can=298
171569	Gravy, turkey, dry	367	10.42	65.12		7.19		serving=7
171570	Gravy, unspecified type, dry	344	13	58		8		cup (8 fl oz)=25
173043	Groundcherries, (cape-gooseberries or poha), raw	53	1.9	11.2		0.7		cup=140
168196	Guanabana nectar, canned	59	0.11	14.93	13.07	0.17	0.1	cup=251
167784	Guava nectar, canned, with added ascorbic acid	63	0.09	16.25	12.95	0.06	1	cup=251
168210	Guava nectar, with sucralose, canned	48	0.3	13.3	10.15	0.07	1.2	fl oz=29.6
174686	Guava sauce, cooked	36	0.32	9.48	5.88	0.14	3.6	cup=238
173044	Guavas, common, raw	68	2.55	14.32	8.92	0.95	5.4	cup=165|fruit, without refuse=55
173045	Guavas, strawberry, raw	69	0.58	17.36		0.6	5.4	cup=244|fruit without refuse=6
172416	Guinea hen, meat and skin, raw	158	23.4	0		6.45	0	oz=28.3|unit (yield from 1 lb ready-to-cook guinea)=359|guinea=690
174471	Guinea hen, meat only, raw	110	20.64	0		2.47	0	oz=28.3|unit (yield from 1 lb ready-to-cook guinea)=275|guinea=528
169045	Gums, seed gums (includes locust bean, guar)	332	4.6	77.3	0	0.5	77.3	oz=28.4
171628	Ham and cheese loaf or roll	241	13.6	4	0	18.7	0	slice (1 oz) (4" x 4" x 3/32" thick)=28|slices=28.5
171629	Ham and cheese spread	245	16.18	2.28		18.53	0	tbsp=15|oz=28.4
173866	Ham salad spread	216	8.68	10.64	0	15.53	0	tbsp=15|oz=28.4
171626	Ham, chopped, canned	239	16.06	0.26	0	18.83	0	oz=28.4|slice (4-1/4" x 4-1/4" x 1/16")=21
171627	Ham, chopped, not canned	221	16.5	0	5	16.7	0	slice (1 oz) (4" x 4" x 3/32" thick)=28|slice (4-1/4" x 4-1/4" x 1/16")=21
174611	Ham, honey, smoked, cooked	122	17.93	7.27	0	2.37	0	oz (1 serving)=28.4
173865	Ham, minced	263	16.28	1.84	0	20.68	0	oz=28.4|slice (4-1/4" x 4-1/4" x 1/16")=21
173863	Ham, sliced, pre-packaged, deli meat (96%fat free, water added)	107	16.85	0.7	0	4.04	0	slice=13
173864	Ham, sliced, regular (approximately 11% fat)	164	16.6	3.63	1	8.8	1.3	grams 1 serving=1|slice=28
173881	Ham, smoked, extra lean, low sodium	141	18.52	10.7	10.68	2.71	0	
168092	Ham, turkey, sliced, extra lean, prepackaged or deli	134	19.6	0.93	0.5	5.8	0	cup pieces=138|cubic inch=20
169827	Hazelnuts, beaked (Northern Plains Indians)	628	14.89	22.98		52.99	9.8	nut=0.4|oz=28.4
171630	Headcheese, pork	157	13.83	0	0	10.9	0	slice (1 oz) (4" x 4" x 3/32" thick)=28|g=1
168569	Hearts of palm, canned	28	2.52	4.62		0.62	2.4	cup=146|piece=33
167714	Hearts of palm, raw	115	2.7	25.61	17.16	0.2	1.5	
167922	Heinz, Weight Watcher, Chocolate Eclair, frozen	241	4.4	40.3	16.8	6.9	2.1	eclair, frozen=59
169701	Hominy, canned, white	72	1.48	14.26	1.51	0.88	2.5	cup=165
169752	Hominy, canned, yellow	72	1.48	14.26		0.88	2.5	cup=160
169640	Honey	304	0.3	82.4	82.12	0	0.2	cup=339|tbsp=21|packet (0.5 oz)=14
172943	Honey roll sausage, beef	182	18.58	2.18		10.5	0	slice (4" dia x 1/8" thick)=23|oz=28.4
168320	HORMEL ALWAYS TENDER, Boneless Pork Loin, Fresh Pork	145	19.02	0.76	0.08	7.18		oz=28|serving=112|oz=28
168319	HORMEL ALWAYS TENDER, Center Cut Chops, Fresh Pork	167	18.74	0.84	0.28	9.62		oz=28.4|serving=112|oz=28
168318	HORMEL ALWAYS TENDER, Pork Loin Filets, Lemon Garlic-Flavored	118	17.83	1.79	0.22	4.16		oz=28|serving=112|oz=28
168317	HORMEL ALWAYS TENDER, Pork Tenderloin, Peppercorn-Flavored	110	17.21	1.82	0.14	3.8		oz=28
167910	HORMEL ALWAYS TENDER, Pork Tenderloin, Teriyaki-Flavored	119	18.2	4.63	3.33	3.07		oz=28
167911	HORMEL Canadian Style Bacon	122	16.88	1.87	1.43	4.94		serving=56
174593	Hormel Pillow Pak Sliced Turkey Pepperoni	243	30.99	3.78	0	11.52	0	serving=30
167909	HORMEL, Cure 81 Ham	106	18.43	0.21	0	3.59		serving=84
167791	Horned melon (Kiwano)	44	1.78	7.56		1.26		cup=233|fruit (4-2/3" long x 2-3/4" dia)=209
173472	Horseradish, prepared	48	1.18	11.29	7.99	0.69	3.3	tsp=5|tbsp=15
173327	HOT POCKETS Ham 'N Cheese Stuffed Sandwich, frozen	270	9.16	24.69	7.6	15	1.5	serving (1 hot pocket)=127|package yields=256
173326	HOT POCKETS, CROISSANT POCKETS Chicken, Broccoli, and Cheddar Stuffed Sandwich, frozen	235	8.9	30.4	7.6	8.6	1.1	serving (1 hot pocket)=127
172107	HOT POCKETS, meatballs & mozzarella stuffed sandwich, frozen	252	9.32	30.68	7.73	10.23	2.2	hot pocket (1 NLEA serving)=127
173788	HOUSE FOODS Premium Firm Tofu	85	10.92	0.97	0.4	4.19	0.9	oz=28|oz=28
173787	HOUSE FOODS Premium Soft Tofu	59	6.38	2.19	0.53	2.71	0.8	oz=28|oz=28
169808	Huckleberries, raw (Alaska Native)	37	0.4	8.7		0.1		
174289	Hummus, commercial	237	7.78	15	0.62	17.82	5.5	tbsp=15|cup=246
172454	Hummus, home prepared	177	4.86	20.12	0.27	8.59	4	tablespoon=15|cup=246
169782	HUNGRY MAN, Salisbury Steak With Gravy, frozen, unprepared	136	7.96	6.96	0.18	8.53	1.3	patty=64
174999	Hush puppies, prepared from recipe	337	7.7	46	2.03	13.5	2.8	oz=28.4|cup=152|hush puppy=22
175253	Hyacinth beans, mature seeds, cooked, boiled, with salt	117	8.14	20.7		0.58		cup=194
175211	Hyacinth beans, mature seeds, cooked, boiled, without salt	117	8.14	20.69		0.58		cup=194
175210	Hyacinth beans, mature seeds, raw	344	23.9	60.74		1.69	25.6	cup=210
168533	Hyacinth-beans, immature seeds, cooked, boiled, drained, with salt	50	2.95	9.2		0.27		cup=87
169235	Hyacinth-beans, immature seeds, cooked, boiled, drained, without salt	50	2.95	9.2		0.27		cup=87
169234	Hyacinth-beans, immature seeds, raw	46	2.1	9.19	4.08	0.2	3.3	cup=80
171305	Ice cream bar, covered with chocolate and nuts	303	5.62	11.89	10.8	25.84	1.1	
171294	Ice cream bar, stick or nugget, with crunch coating	358	2.11	37.12	21.05	25.26	1.1	pieces=3.7
172228	Ice cream cone, chocolate covered, with nuts, flavors other than chocolate	354	5.21	34.38	25	21.88	1	unit=96
175000	Ice cream cones, cake or wafer-type	417	8.1	79	6	6.9	3	oz=28.4|cone=4|large waffle cone=29
175001	Ice cream cones, sugar, rolled-type	402	7.9	84.1	25.66	3.8	1.7	oz=28.4|cone=10
172227	Ice cream cookie sandwich	240	3.7	39.6	21.3	7.4	1.2	serving=82
172226	Ice cream sandwich	237	4.29	37.14	18.57	8.57	0	serving=70
172229	Ice cream sandwich, made with light ice cream, vanilla	186	4.29	39.64	17.86	3.04	0	serving=70
172230	Ice cream sandwich, vanilla, light, no sugar added	200	5.71	42.86	6.58	2.86	7.1	serving=70
171306	Ice cream sundae cone	254	3	28.89	21.26	14	1	
173466	Ice cream, bar or stick, chocolate covered	331	4.1	24.5	18.3	24.1	0.8	bar=50
171293	Ice cream, light, soft serve, chocolate	141	3.36	23.15	19.46	3.69	0	medium=298
170911	Ice cream, lowfat, no sugar added, cone, added peanuts and chocolate sauce	265	5.33	40.01	10.67	9.33	9.3	
173465	Ice cream, soft serve, chocolate	222	4.1	22.2	21.16	13	0.7	cup=172
170269	Ice creams, BREYERS, 98% Fat Free Chocolate	136	3.89	30.18	20.29	2.17	5.8	serving 1/2 cup=68
170661	Ice creams, BREYERS, 98% Fat Free Vanilla	137	3.3	30.51	20.93	2.2	5.4	serving 1/2 cup=68
170268	Ice creams, BREYERS, All Natural Light French Chocolate	201	5.3	29.68	24.04	7.28	1	serving 1/2 cup=68
170660	Ice creams, BREYERS, All Natural Light French Vanilla	173	4.82	26.03	21.11	5.56	0.2	serving 1/2 cup=68
170663	Ice creams, BREYERS, All Natural Light Mint Chocolate Chip	196	4.69	28.39	25.38	7.09	0.6	serving 1/2 cup=68
170261	Ice creams, BREYERS, All Natural Light Vanilla	162	4.84	25.3	22.78	4.59	0.2	serving 1/2 cup=68
170662	Ice creams, BREYERS, All Natural Light Vanilla Chocolate Strawberry	161	4.69	26.06	22.47	4.35	0.4	serving 1/2 cup=68
170262	Ice creams, BREYERS, No Sugar Added, Butter Pecan	180	3.99	21.3	5.9	10.3	0.9	serving 1/2 cup=68
170668	Ice creams, BREYERS, No Sugar Added, Chocolate Caramel	151	3.54	25.17	5.81	5.8	1	serving 1/2 cup=71
170263	Ice creams, BREYERS, No Sugar Added, French Vanilla	154	4.5	20.75	7.7	7.05	0.5	serving 1/2 cup=68
170264	Ice creams, BREYERS, No Sugar Added, Vanilla	143	3.68	21.92	6.09	6.2	0.5	serving 1/2 cup=69
170664	Ice creams, BREYERS, No Sugar Added, Vanilla Chocolate Strawberry	143	3.71	21.7	6.15	6.26	0.7	serving 1/2 cup=68
170265	Ice creams, BREYERS, No Sugar Added, Vanilla Fudge Twirl	153	3.53	25.63	5.49	5.68	0.8	serving 1/2 cup=72
168809	Ice creams, chocolate	216	3.8	28.2	25.36	11	1.2	individual (3.5 fl oz)=58|cup (4 fl oz)=132
167585	Ice creams, chocolate, light	187	5	25.7	24.71	7.19	0.8	serving=68|unit=100
169633	Ice creams, chocolate, light, no sugar added	173	3.54	26.79	5.65	5.74	0.9	serving 1/2 cup=72
168136	Ice creams, chocolate, rich	251	4.72	19.78	17.35	16.98	0.9	cup=148|cubic inch=10.2
167981	Ice creams, french vanilla, soft-serve	222	4.1	22.2	21.16	13	0.7	cup (4 fl oz)=172
170270	Ice creams, regular, low carbohydrate, chocolate	237	3.8	26.8	6.35	12.7	4.8	individual (3.5 fl oz)=58
170671	Ice creams, regular, low carbohydrate, vanilla	216	3.17	22.23	6.35	12.7	4.8	individual (3.5 fl oz)=58|cup (4 fl oz)=132
168810	Ice creams, strawberry	192	3.2	27.6		8.4	0.9	individual (3.5 fl oz)=58|cup (4 fl oz)=132
167575	Ice creams, vanilla	207	3.5	23.6	21.22	11	0.7	serving 1/2 cup=66
170659	Ice creams, vanilla, fat free	138	4.48	30.06	6.3	0	1	cup=134
167572	Ice creams, vanilla, light	180	4.78	29.46	22.12	4.83	0.3	serving 1/2 cup=76
169631	Ice creams, vanilla, light, no sugar added	169	3.97	21.42	6.46	7.45	0	serving 1/2 cup=68
167576	Ice creams, vanilla, light, soft-serve	126	4.9	21.8	18.69	2.6	0	serving 1/2 cup=88
167573	Ice creams, vanilla, rich	249	3.5	22.29	20.65	16.2	0	cup=214
168089	Imitation cheese, american or cheddar, low cholesterol	390	25	1	1	32	0	cup, shredded=113|cubic inch=18
174656	Incaparina, dry mix (corn and soy flours), unprepared	379	21.75	60.53		5.58	9.9	tbsp=8.9|cup=128
170988	Infant formula, ABBOTT NUTRITION, ALIMENTUM ADVANCE, with iron, powder, not reconstituted, with DHA and ARA	517	13.99	51.91	34.18	28.19	0	scoop=8.7
172323	Infant formula, ABBOTT NUTRITION, SIMILAC NEOSURE, ready-to-feed, with ARA and DHA	69	1.92	6.94	6.9	3.77	0	fl oz=30.5
172326	Infant formula, ABBOTT NUTRITION, SIMILAC, ADVANCE, with iron, liquid concentrate, not reconstituted	127	2.64	13.52	13.52	6.89	0	fl oz=31.4
173561	Infant formula, ABBOTT NUTRITION, SIMILAC, ADVANCE, with iron, powder, not reconstituted	522	10.89	54.73	54.73	28.87	0	scoop=8.5
173560	Infant formula, ABBOTT NUTRITION, SIMILAC, ADVANCE, with iron, ready-to-feed	66	1.36	6.77	6.77	3.7	0	fl oz=30.4
172318	Infant formula, ABBOTT NUTRITION, SIMILAC, ALIMENTUM, ADVANCE, ready-to-feed, with ARA and DHA	67	1.8	6.77	4.4	3.63	0	fl oz=30.5
172310	Infant formula, ABBOTT NUTRITION, SIMILAC, ALIMENTUM, with iron, ready-to-feed	66	1.8	6.77	4.4	3.63	0	fl oz=30.5
171396	Infant formula, ABBOTT NUTRITION, SIMILAC, Expert Care, Diarrhea, ready- to- feed with ARA and DHA	66	1.76	6.67	6.66	3.6	0.7	fl oz=30.4|fl oz=30.6
171399	Infant formula, ABBOTT NUTRITION, SIMILAC, For Spit Up, powder, with ARA and DHA	514	11	55	55	27.75	0	scoop=9.5
171397	Infant formula, ABBOTT NUTRITION, SIMILAC, For Spit Up, ready-to-feed, with ARA and DHA	66	1.4	7.19	7.19	3.54	0	fl oz=30.4|fl oz=30.4
168971	Infant formula, ABBOTT NUTRITION, SIMILAC, GO AND GROW, powder, with ARA and DHA	512	15.36	52.2	52.2	27.65	0	scoop=9.6
171395	Infant formula, ABBOTT NUTRITION, SIMILAC, GO AND GROW, ready-to-feed, with ARA and DHA	66	1.97	6.69	6.69	3.54	0	fl oz=30.6
171382	Infant formula, ABBOTT NUTRITION, SIMILAC, ISOMIL, ADVANCE with iron, liquid concentrate	128	3.13	13.21	13.1	6.98	0	fl oz=31.4
171384	Infant formula, ABBOTT NUTRITION, SIMILAC, ISOMIL, ADVANCE with iron, powder, not reconstituted	517	12.6	53.57	52.97	28.09	0	scoop=8.7
171383	Infant formula, ABBOTT NUTRITION, SIMILAC, ISOMIL, ADVANCE with iron, ready-to-feed	66	1.61	6.7	6.7	3.59	0	fl oz=30.5
173542	Infant formula, ABBOTT NUTRITION, SIMILAC, ISOMIL, with iron, liquid concentrate	128	3.13	13.21	13.1	6.98	0	fl oz=31.4
173543	Infant formula, ABBOTT NUTRITION, SIMILAC, ISOMIL, with iron, powder, not reconstituted	517	12.6	53.57	52.97	28.09	0	scoop=8.7
173541	Infant formula, ABBOTT NUTRITION, SIMILAC, ISOMIL, with iron, ready-to-feed	66	1.61	6.7	6.7	3.59	0	fl oz=30.5
172324	Infant formula, ABBOTT NUTRITION, SIMILAC, NEOSURE, powder, with ARA and DHA	520	14.42	51.75	52.02	28.33	0	fl oz=30.5
172307	Infant formula, ABBOTT NUTRITION, SIMILAC, PM 60/40, powder not reconstituted	524	11.4	54.94	52.38	28.71	0	scoop=8.7
172325	Infant formula, ABBOTT NUTRITION, SIMILAC, SENSITIVE (LACTOSE FREE) ready-to-feed, with ARA and DHA	68	1.48	7.4	7.4	3.74	0	fl oz=30.5
173558	Infant formula, ABBOTT NUTRITION, SIMILAC, SENSITIVE, (LACTOSE FREE), liquid concentrate, with ARA and DHA	128	2.73	13.64	13.78	6.95	0	fl oz=30.5
173559	Infant formula, ABBOTT NUTRITION, SIMILAC, SENSITIVE, (LACTOSE FREE), powder, with ARA and DHA	520	11.13	55.67	55.67	28.14	0	fl oz=30.5
172312	Infant formula, ABBOTT NUTRITION, SIMILAC, with iron, liquid concentrate, not reconstituted	127	2.64	13.76	13.76	6.89	0	fl oz=31.4
173546	Infant formula, ABBOTT NUTRITION, SIMILAC, with iron, powder, not reconstituted	522	10.89	54.73	54.73	28.87	0	scoop=8.5
169786	Infant Formula, GERBER GOOD START 2, GENTLE PLUS, powder	492	10.8	57.1	57.1	25.1	0	scoop=9.4
170997	Infant Formula, GERBER GOOD START 2, GENTLE PLUS, ready-to-feed	66	1.44	7.61	7.61	3.34	0	fl oz=30.4|fl oz=30.4
168972	Infant formula, GERBER, GOOD START 2 SOY, with iron, powder	501	12.5	55.6	55.6	25.6	0	scoop=9.4
170995	Infant formula, GERBER, GOOD START 2 Soy, with iron, ready-to-feed	65	1.84	7.15	7.14	3.28	0	fl oz=30.4|fl oz=30.4
169787	Infant formula, GERBER, GOOD START 2, PROTECT PLUS, powder	501	11.1	56.3	56.3	25.7	0	scoop=9.4
171394	Infant formula, GERBER, GOOD START 2, PROTECT PLUS, ready-to-feed	66	1.44	7.39	7.34	3.37	0	fl oz=30.4|fl oz=30.4
169785	Infant formula, GERBER, GOOD START, PROTECT PLUS, powder	512	11.3	57	57	26.1	0	scoop=9.4
170996	Infant formula, GERBER, GOOD START, PROTECT PLUS, ready-to-feed	65	1.44	7.17	7.17	3.36	0	fl oz=30.4|fl oz=30.4
173522	Infant formula, MEAD JOHNSON, Enfamil 24, ready to feed, with ARA and DHA	71	1.64	6.93	8.1	4.1	0	fl oz=30.5
173523	Infant formula, MEAD JOHNSON, Enfamil Enspire Powder, with ARA and DHA, not reconstituted	514	10.5	57.2	53	27	0	scoop=8.8
172291	Infant formula, MEAD JOHNSON, Enfamil for Supplementing, powder, with ARA and DHA, not reconstituted	513	11.7	55.8	11.8	27	0	serving=8.7
172295	Infant formula, MEAD JOHNSON, Enfamil for Supplementing, ready to feed, with ARA and DHA	68	1.51	7.6	1.93	3.5		ml=1
171387	Infant Formula, MEAD JOHNSON, ENFAMIL GENTLEASE, with iron, prepared from powder	68	1.51	7.6	1.53	3.5	0	fl oz=30.5|scoop=8.7
172304	Infant formula, MEAD JOHNSON, ENFAMIL LIPIL, with iron, ready-to-feed, with ARA and DHA	64	1.38	7.1	7.1	3.5	0	serving 100 ml=106|fl oz=30.5
172290	Infant formula, MEAD JOHNSON, Enfamil Premature 30 Calories, ready to feed, with ARA and DHA	101	3.2	11.13	2	4.8		fl oz=30.5
172289	Infant formula, MEAD JOHNSON, Enfamil Premature High Protein 24 Calories, ready to feed, with ARA and DHA	81	2.8	8.66	4.1	3.9		fl oz=30.4
172292	Infant formula, MEAD JOHNSON, Enfamil Reguline Powder, with ARA and DHA, not reconstituted	513	11.7	55.9	30	27		scoop=8.7
173524	Infant formula, MEAD JOHNSON, Enfamil Reguline, ready to feed, with ARA and DHA	68	1.51	7.6	3.8	3.5		fl oz=30.5
172322	Infant formula, MEAD JOHNSON, ENFAMIL, AR, powder, with ARA and DHA	504	12.4	57.4	56.03	25	0	scoop=9|serving 100 ml=106
172321	Infant formula, MEAD JOHNSON, ENFAMIL, AR, ready-to-feed, with ARA and DHA	71	1.64	8.73	6.44	3.3	0.4	serving 100 ml=106|fl oz=30.5
170986	Infant Formula, MEAD JOHNSON, ENFAMIL, ENFACARE, ready-to-feed, with ARA and DHA	73	2	7.73	3.2	3.8	0	fl oz=30.8
172311	Infant formula, MEAD JOHNSON, ENFAMIL, ENFACARE, with iron, powder, with ARA and DHA	505	13.9	53.8	34	26	0	scoop=9.9
168970	Infant formula, MEAD JOHNSON, ENFAMIL, ENFAGROW, GENTLEASE, Toddler transitions, with ARA and DHA, powder	500	12.9	53.5	12.6	26	0	scoop=9
171390	Infant formula, MEAD JOHNSON, ENFAMIL, Enfagrow, Soy, Toddler ready-to-feed	65	2.17	7.64	7.64	2.89	0	fl oz=30.4|fl oz=30.4
169788	Infant formula, MEAD JOHNSON, ENFAMIL, ENFAGROW, Soy, Toddler transitions, with ARA and DHA, powder	476	15.7	56	5.4	21	0	scoop=9.4
171389	Infant Formula, MEAD JOHNSON, ENFAMIL, GENTLEASE, with ARA and DHA powder not reconstituted	516	11.7	56.5	11.5	27	0	scoop=8.7
172306	Infant formula, MEAD JOHNSON, ENFAMIL, Infant, ready-to-feed, with ARA and DHA	68	1.31	7.86	7	3.5	0	serving 100 ml=106|fl oz=30.5
172303	Infant formula, MEAD JOHNSON, ENFAMIL, Infant, with iron, liquid concentrate, with ARA and DHA, reconstituted	68	1.31	7.86	7	3.5	0	fl oz=31.3
172302	Infant formula, MEAD JOHNSON, ENFAMIL, Infant, with iron, powder, with ARA and DHA	511	10.8	56.2	56	27	0	scope=8.8|scoop=8.5
173537	Infant formula, MEAD JOHNSON, ENFAMIL, LIPIL, low iron, liquid concentrate, with ARA and DHA	131	2.76	14.24	14.24	7.16	0	fl oz=31.3
172305	Infant formula, MEAD JOHNSON, ENFAMIL, LIPIL, low iron, ready to feed, with ARA and DHA	64	1.38	7.18	7.18	3.5	0	serving 100 ml=106|fl oz=30.5
168966	Infant Formula, MEAD JOHNSON, ENFAMIL, Newborn, with ARA and DHA, powder	516	10.7	57.6	54	27	0	scoop=8.7
170994	Infant Formula, MEAD JOHNSON, ENFAMIL, Newborn, with DHA and ARA, ready-to-feed	68	1.38	7.81	6.8	3.48	0	fl oz=30.5|fl oz=30.4
171391	Infant formula, MEAD JOHNSON, ENFAMIL, NUTRAMIGEN AA, ready-to-feed	66	1.84	6.76	6.76	3.48	0	fl oz=30.4|fl oz=30.4
172308	Infant formula, MEAD JOHNSON, ENFAMIL, NUTRAMIGEN WITH LGG, with iron, powder, not reconstituted, with ARA and DHA	514	14.1	53.6	4.5	27	0	scoop=9
168973	Infant formula, MEAD JOHNSON, ENFAMIL, NUTRAMIGEN, PurAmino, powder, not reconstituted	512	13.9	55.68	7.6	26	0	scoop=9.4
173544	Infant formula, MEAD JOHNSON, ENFAMIL, NUTRAMIGEN, with iron, liquid concentrate not reconstituted, with ARA and DHA	68	1.84	7.2	7	3.5	0	fl oz=31.6
172309	Infant formula, MEAD JOHNSON, ENFAMIL, NUTRAMIGEN, with iron, ready-to-feed, with ARA and DHA	68	1.83	7.21	0.1	3.5	0	serving 100 ml=107|fl oz=30.5
168974	Infant formula, MEAD JOHNSON, ENFAMIL, Premature, 20 calories ready-to-feed Low iron	66	1.97	7.21	7.23	3.34	0	fl oz=30.4|fl oz=30.4
169789	Infant formula, MEAD JOHNSON, ENFAMIL, Premature, 24 calories ready-to-feed Low iron	67	1.97	7.19	7.21	3.34	0	fl oz=6|fl oz=30.4
171392	Infant formula, MEAD JOHNSON, ENFAMIL, Premature, with iron, 20 calories, ready-to-feed	63	2.2	6.2	3.6	3.3	0	fl oz=30.4|fl oz=30.4
171393	Infant formula, MEAD JOHNSON, ENFAMIL, Premature, with iron, 24 calories, ready-to-feed	81	2.6	8.88	4.2	3.9	0	fl oz=30.4|fl oz=30.4
168968	Infant Formula, MEAD JOHNSON, ENFAMIL, Premium LIPIL, Infant, Liquid concentrate, not reconstituted	129	2.73	14.42	14.42	6.83	0	fl oz=31.4
168967	Infant Formula, MEAD JOHNSON, ENFAMIL, Premium LIPIL, Infant, powder	510	10.8	57	57	27	0	scoop=8.7
168969	Infant Formula, MEAD JOHNSON, ENFAMIL, Premium, Infant, Liquid concentrate, not reconstituted	129	2.72	14.34	14.34	7.1	0	fl oz=31.4
169791	Infant Formula, MEAD JOHNSON, ENFAMIL, Premium, Infant, powder	510	10.8	57	57	27	0	scoop=8.7
169790	Infant Formula, MEAD JOHNSON, ENFAMIL, Premium, Infant, ready-to-feed	66	1.38	7.39	7.39	3.48	0	fl oz=30.5|fl oz=30.4
173547	Infant formula, MEAD JOHNSON, ENFAMIL, PROSOBEE, liquid concentrate, reconstituted, with ARA and DHA	67	1.63	7.58	0.97	3.4	0	fl oz=31.3
173545	Infant formula, MEAD JOHNSON, ENFAMIL, PROSOBEE, with iron, powder, not reconstituted, with ARA and DHA	512	12.7	54.6	0.1	27	0	scoop=8.8
172301	Infant formula, MEAD JOHNSON, ENFAMIL, with iron, powder	520	10.8	56.2	56	27	0	scoop=8.3
173525	Infant formula, MEAD JOHNSON, Gentlease, ready to feed, with ARA and DHA	68	1.5	7.61	1.93	3.5		fl oz=30
173552	Infant formula, MEAD JOHNSON, NEXT STEP PROSOBEE, powder, not reconstituted	480	15.6	57.1	56	21	0	scoop=9.3
172314	Infant formula, MEAD JOHNSON, NEXT STEP, PROSOBEE LIPIL, powder, with ARA and DHA	480	15.6	57.1	56	21	0	scoop=9.3
172315	Infant formula, MEAD JOHNSON, NEXT STEP, PROSOBEE, LIPIL, ready to feed, with ARA and DHA	67	2.14	8.09	7.77	2.91	0	serving 100 ml=103|fl oz=30.5
173527	Infant formula, MEAD JOHNSON, Pregestimil 20 Calories, ready to feed, with ARA and DHA	69	1.84	7	0.02	3.7		ml=0
172293	Infant formula, MEAD JOHNSON, Pregestimil 24 Calories, ready to feed, with ARA and DHA	72	2.2	5.95	0.02	4.4		ml=1
173538	Infant formula, MEAD JOHNSON, PREGESTIMIL, with iron, powder, with ARA and DHA, not reconstituted	517	14	52.2	4.1	28	0	scoop=8.8
173539	Infant formula, MEAD JOHNSON, PREGESTIMIL, with iron, with ARA and DHA, prepared from powder	67	1.86	6.54	0.53	3.7	0	serving 100 ml=104|fl oz=30.8
173548	Infant formula, MEAD JOHNSON, PROSOBEE, with iron, ready to feed, with ARA and DHA	64	1.64	6.47	0.97	3.5	0	serving 100 ml=106|fl oz=30.5
173540	Infant formula, MEAD JOHNSON, PROSOBEE, with iron, ready-to-feed	63	1.64	6.11	6.11	3.5	0	Serving 100 ml=106|fl oz=30.5
173553	Infant formula, MEAD JOHNSON,NEXT STEP PROSOBEE, prepared from powder	67	2.14	8.08	7.77	2.91	0	fl oz=30.5
173551	Infant formula, NESTLE, GOOD START ESSENTIALS SOY, with iron, powder	502	12.5	55.7	44.38	25.5	0	scoop=8.5
172316	Infant formula, NESTLE, GOOD START SOY, with ARA and DHA, powder	503	12.5	55.6	44.38	25.6	0	scoop=9.4
170991	Infant formula, NESTLE, GOOD START SOY, with DHA and ARA, liquid concentrate	132	3.31	14.71	11.74	6.67	0	fl oz=29.2
173549	Infant formula, NESTLE, GOOD START SOY, with DHA and ARA, ready-to-feed	64	1.6	7.13	5.68	3.28	0	oz=29
171386	Infant formula, NESTLE, GOOD START SUPREME, with iron, DHA and ARA, prepared from liquid concentrate	66	1.45	7.39	5	3.37	0	fl oz=31.4
171385	Infant formula, NESTLE, GOOD START SUPREME, with iron, DHA and ARA, ready-to-feed	66	1.45	7.39	5	3.37	0	fl oz=30.5
173535	Infant formula, NESTLE, GOOD START SUPREME, with iron, liquid concentrate, not reconstituted	127	2.79	14.2	9.7	6.5	0	fl oz=31.4
173536	Infant formula, NESTLE, GOOD START SUPREME, with iron, powder	509	11.3	57.32	39.3	26.1	0	scoop=8.7
172320	Infant formula, PBM PRODUCTS, store brand, liquid concentrate, not reconstituted	130	2.9	13.9	13.9	7	0	fl oz=31.4
173554	Infant formula, PBM PRODUCTS, store brand, powder	524	12	56	56	28	0	scoop=8.4
172319	Infant formula, PBM PRODUCTS, store brand, ready-to-feed	63	1.4	6.39	6.4	3.5	0	fl oz=30.4
173556	Infant formula, PBM PRODUCTS, store brand, soy, liquid concentrate, not reconstituted	126	3.6	12.18	12.18	7	0	fl oz=31.4
173557	Infant formula, PBM PRODUCTS, store brand, soy, powder	508	13.6	52.2	52.2	27.2	0	scoop=8.7
173555	Infant formula, PBM PRODUCTS, store brand, soy, ready-to-feed	63	1.8	6.09	6.1	3.5	0	fl oz=30.4
167923	Interstate Brands Corp, Wonder Hamburger Rolls	273	8.07	50.84	11.06	4.15	2.6	serving=43
168190	Jackfruit, canned, syrup pack	92	0.36	23.94		0.14	0.9	cup, drained=178
174687	Jackfruit, raw	95	1.72	23.25	19.08	0.64	1.5	cup, sliced=165|cup 1" pieces=151
169641	Jams and preserves	278	0.37	68.86	48.5	0.07	1.1	tbsp=20|packet (0.5 oz)=14
170645	Jams and preserves, apricot	242	0.7	64.4	43.4	0.2	0.3	tbsp=20|packet (0.5 oz)=14
169058	Jams and preserves, no sugar (with sodium saccharin), any flavor	132	0.3	53.42	37.81	0.3	2.5	cup=224|tbsp=14
167706	Jams, preserves, marmalade, reduced sugar	151	0	37.6	29.41	0.1	1.5	tablespoon=17
170280	Jams, preserves, marmalades, sweetened with fruit juice	212	0	52.93	42	0	0.9	tablespoon=19
168150	Java-plum, (jambolan), raw	60	0.72	15.56		0.23		cup=135|fruit=3
169642	Jellies	266	0.15	69.95	51.22	0.02	1	serving 1 tbsp=21|packet (0.5 oz)=14
169879	Jellies, no sugar (with sodium saccharin), any flavors	121	0.55	29.6	3.39	0	2.2	cup=300|tbsp=19
168145	Jellies, reduced sugar, home preserved	179	0.3	46.1	45.3	0.03	0.8	tbsp=19|cup=300
168129	Jellyfish, dried, salted	36	5.5	0	0	1.4	0	cup=58
169236	Jerusalem-artichokes, raw	73	2	17.44	9.6	0.01	1.6	cup slices=150
169237	Jew's ear, (pepeao), raw	25	0.48	6.75		0.04		cup slices=99|piece=6
169784	JIMMY DEAN, Sausage, Egg, and Cheese Breakfast Biscuit, frozen, unprepared	328	9.29	21.07	3.1	22.9	2	biscuit=128|box=595
168197	Juice, apple and grape blend, with added ascorbic acid	50	0.16	12.46	10.92	0.12	0.2	fl oz=31.2
168198	Juice, apple, grape and pear blend, with added ascorbic acid and calcium	52	0.17	12.96	9.95	0.12	0.2	fl oz=31.2
168152	Jujube, Chinese, fresh, dried	281	4.72	72.52		0.5	6	
168151	Jujube, raw	79	1.2	20.23		0.2		
169354	Jute, potherb, cooked, boiled, drained, with salt	37	3.68	7.29	1	0.2	2	cup=87
168420	Jute, potherb, cooked, boiled, drained, without salt	37	3.68	7.29	1	0.2	2	cup=87
168419	Jute, potherb, raw	34	4.65	5.8		0.25		cup=28
169355	Kale, cooked, boiled, drained, with salt	44	2.94	5.3	1.21	1.21	2.3	cup=118
169238	Kale, cooked, boiled, drained, without salt	36	2.94	5.3	1.21	1.21	4	cup=118
169356	Kale, frozen, cooked, boiled, drained, with salt	36	2.94	5.3	1.21	1.21	2.3	cup=118
169240	Kale, frozen, cooked, boiled, drained, without salt	36	2.94	5.3	1.21	1.21	2.3	cup=118
169239	Kale, frozen, unprepared	28	2.66	4.88	0.85	0.46	2	cup=203|package (10 oz)=284
168421	Kale, raw	35	2.92	4.42	0.99	1.49	4.1	cup=21
169241	Kanpyo, (dried gourd strips)	258	8.58	65.03		0.56	9.8	strip=6.3|cup=54
173255	Keebler, Keebler Chocolate Graham SELECTS	465	7.1	71.8	26.5	16.6		serving=31
170904	Kefir, lowfat, plain, LIFEWAY	43	3.79	4.77	4.61	1.02	0	cup=243|bottle=971
171301	Kefir, lowfat, strawberry, LIFEWAY	62	3.39	10.2	9.21	0.9	0	cup=247|bottle=989
167936	Keikitos (muffins), Latino bakery item	467	6.81	53.16	25.81	25.24	1.2	piece=42
170339	KFC, biscuit	358	7.5	43.55	4.04	17.05	2	biscuit=49
170340	KFC, Coleslaw	144	0.91	15.65	13.54	8.64	2	package=112|cup=191
170341	KFC, Crispy Chicken Strips	274	20.25	13.66	0	15.42	1.4	strip=47
170348	KFC, Fried Chicken, EXTRA CRISPY, Breast, meat and skin with breading	268	21.24	8.47		16.55		breast, with skin=212|breast, without skin=140|breast, bone and skin removed=121
170344	KFC, Fried Chicken, EXTRA CRISPY, Breast, meat only, skin and breading removed	153	27.25	0.25		4.82		breast, without skin=140|breast, bone and skin removed=121
170349	KFC, Fried Chicken, EXTRA CRISPY, Drumstick, meat and skin with breading	274	20.62	7.96		17.73		drumstick, with skin=81|drumstick, without skin=57|drumstick, bone and skin removed=41
170345	KFC, Fried Chicken, EXTRA CRISPY, Drumstick, meat only, skin and breading removed	170	25.9	0		7.43		drumstick, bone and skin removed=41|drumstick, without skin=57
170343	KFC, Fried Chicken, EXTRA CRISPY, Skin and Breading	464	10.96	22.54	0	36.61	1.5	
170746	KFC, Fried Chicken, EXTRA CRISPY, Thigh, meat and skin with breading	309	17.17	10.3		22.14		thigh, with skin=152|thigh, without skin=91|thigh, bone and skin removed=72
170742	KFC, Fried Chicken, EXTRA CRISPY, Thigh, meat only, skin and breading removed	179	22.41	0		9.96		thigh, without skin=91|thigh, bone and skin removed=72
170747	KFC, Fried Chicken, EXTRA CRISPY, Wing, meat and skin with breading	337	20.8	11.66		23		wing, with skin=68|wing, without skin=44|wing, bone and skin removed=29
170743	KFC, Fried Chicken, EXTRA CRISPY, Wing, meat only, skin and breading removed	236	28.67	2.97		12.13		wing, without skin=44|wing, bone and skin removed=29
170744	KFC, Fried Chicken, ORIGINAL RECIPE, Breast, meat and skin with breading	231	21.94	6.28	0	13.11		breast, with skin=212|breast, without skin=152|breast, bone and skin removed=115
170739	KFC, Fried Chicken, ORIGINAL RECIPE, Breast, meat only, skin and breading removed	149	26.89	0		4.56		breast without skin=152|breast bone and skin removed=115
170745	KFC, Fried Chicken, ORIGINAL RECIPE, Drumstick, meat and skin with breading	239	22.3	5.39		14.22		drumstick, with skin=75|drumstick, without skin=57|drumstick, bone and skin removed=40
170740	KFC, Fried Chicken, ORIGINAL RECIPE, Drumstick, meat only, skin and breading removed	175	26.3	0.11		7.66		drumstick, bone and skin removed=40|drumstick, without skin=57
170738	KFC, Fried Chicken, ORIGINAL RECIPE, Skin and Breading	384	14.17	18.79	0	28.01	0	
170346	KFC, Fried Chicken, ORIGINAL RECIPE, Thigh, meat and skin with breading	269	18.9	8.46	0	17.73	0	thigh, with skin=135|thigh, without skin=86|thigh, bone and skin removed=60
170741	KFC, Fried Chicken, ORIGINAL RECIPE, Thigh, meat only, skin and breading removed	175	22.78	0.01		9.31		thigh without skin=86|thigh bone and skin removed=60
170347	KFC, Fried Chicken, ORIGINAL RECIPE, Wing, meat and skin with breading	297	21.7	9.93	0	18.9	0	wing, with skin=60|wing, without skin=39|wing, bone and skin removed=23
170342	KFC, Fried Chicken, ORIGINAL RECIPE, Wing, meat only, skin and breading removed	216	28.65	1.76		10.49		wing wing without skin=39|wing bone and skin removed=23
170737	KFC, Popcorn Chicken	351	17.67	21.18	0	21.74	1	piece=6.4|pieces=5.6
173877	Kielbasa, fully cooked, grilled	337	12.45	5.03	2.39	29.68	0	oz=28.3|link=367
173878	Kielbasa, fully cooked, pan-fried	333	12.36	4.78	2.38	29.43	0	link=370
173879	Kielbasa, fully cooked, unheated	325	10.84	3.72	2.05	29.63	0	oz=28.3|link=396
174607	Kielbasa, Polish, turkey and beef, smoked	226	13.1	3.9	0	17.6	0	serving 2 oz=56
168153	Kiwifruit, green, raw	61	1.14	14.66	8.99	0.52	3	cup, sliced=180|fruit (2" dia)=69|NLEA serving=148
168211	Kiwifruit, ZESPRI SunGold, raw	63	1.02	15.79	12.3	0.28	1.4	fruit=81
173867	Knackwurst, knockwurst, pork, beef	307	11.1	3.2	0	27.7	0	link=72|oz=28.4
169357	Kohlrabi, cooked, boiled, drained, with salt	29	1.8	6.69	2.8	0.11	1.1	cup slices=165
168425	Kohlrabi, cooked, boiled, drained, without salt	29	1.8	6.69	2.8	0.11	1.1	cup slices=165
168424	Kohlrabi, raw	27	1.7	6.2	2.6	0.1	3.6	cup=135|slice=16
172211	KRAFT BREAKSTONE'S FREE Fat Free Sour Cream	91	4.7	15.1	7.2	1.3	0	tbsp=16
172210	KRAFT BREAKSTONE'S Reduced Fat Sour Cream	152	4.5	6.5	6.4	12	0.1	tbsp=15.5
173446	KRAFT CHEEZ WHIZ LIGHT Pasteurized Process Cheese Product	215	16.3	16.2	8.2	9.5	0.2	tbsp=17.5
172209	KRAFT CHEEZ WHIZ Pasteurized Process Cheese Sauce	276	12	9.2	6.7	21	0.3	tbsp=16.5
167514	Kraft Foods, Shake N Bake Original Recipe, Coating for Pork, dry	377	6.1	79.8		3.7		serving=28
173447	KRAFT FREE Singles American Nonfat Pasteurized Process Cheese Product	148	22.7	11.7	6.7	1	0.2	slice=21
173449	KRAFT VELVEETA LIGHT Reduced Fat Pasteurized Process Cheese Product	222	19.6	11.8	8.5	10.6	0	oz=28
173448	KRAFT VELVEETA Pasteurized Process Cheese Spread	303	16.3	9.8	8.1	22	0	oz=28
175079	Kraft, Stove Top Stuffing Mix Chicken Flavor	381	12.6	73.1	10.1	4.1	2.5	NLEA serving (makes 1/2 cup prepared)=28
168154	Kumquats, raw	71	1.88	15.9	9.36	0.86	6.5	fruit without refuse=19
172608	Lamb, Australian, ground, 85% lean / 15% fat, raw	255	17.14	0		20.71		serving (4 oz)=113
174398	Lamb, Australian, imported, fresh, composite of trimmed retail cuts, separable lean and fat, trimmed to 1/8" fat, cooked	256	24.52	0		16.82		oz=28.3|piece, cooked, excluding refuse (yield from 1 lb raw meat with refuse)=270
174397	Lamb, Australian, imported, fresh, composite of trimmed retail cuts, separable lean and fat, trimmed to 1/8" fat, raw	229	17.84	0		16.97		oz=28.4|lb=453.6|oz=28.3
174400	Lamb, Australian, imported, fresh, composite of trimmed retail cuts, separable lean only, trimmed to 1/8" fat, cooked	201	26.71	0		9.63		oz=28.3|piece, cooked, excluding refuse (yield from 1 lb raw meat with refuse)=236
174399	Lamb, Australian, imported, fresh, composite of trimmed retail cuts, separable lean only, trimmed to 1/8" fat, raw	142	20.25	0		6.18		oz=28.4|lb=453.6|oz=28.3
174891	Lamb, Australian, imported, fresh, external fat, cooked	538	16.9	0	0	52.3	0	oz=28.3
174892	Lamb, Australian, imported, fresh, external fat, raw	487	12.59	0	0	48.5	0	oz=28.2
172575	Lamb, Australian, imported, fresh, foreshank, separable lean and fat, trimmed to 1/8" fat, cooked, braised	236	24.78	0		14.44		oz=28.3|piece, cooked, excluding refuse (yield from 1 lb raw meat with refuse)=211
172574	Lamb, Australian, imported, fresh, foreshank, separable lean and fat, trimmed to 1/8" fat, raw	195	18.85	0		12.68		oz=28.4|lb=453.6|oz=28.3
174402	Lamb, Australian, imported, fresh, foreshank, separable lean only, trimmed to 1/8" fat, cooked, braised	165	27.5	0		5.22		oz=28.3|piece, cooked, excluding refuse (yield from 1 lb raw meat with refuse)=180
174401	Lamb, Australian, imported, fresh, foreshank, separable lean only, trimmed to 1/8" fat, raw	123	20.83	0		3.81		oz=28.4|lb=453.6|oz=28.3
172658	Lamb, Australian, imported, fresh, leg, bottom, boneless, separable lean and fat, trimmed to 1/8" fat, cooked, roasted	219	27.54	0	0	12.04	0	oz=28.3|leg bottom, boneless=723
172659	Lamb, Australian, imported, fresh, leg, bottom, boneless, separable lean and fat, trimmed to 1/8" fat, raw	187	20.97	0	0	11.43	0	oz=28.2|leg bottom, boneless=989
174885	Lamb, Australian, imported, fresh, leg, bottom, boneless, separable lean only, trimmed to 1/8" fat, cooked, roasted	190	28.6	0	0	8.35	0	oz=28.3|leg bottom, boneless=723
172653	Lamb, Australian, imported, fresh, leg, bottom, boneless, separable lean only, trimmed to 1/8" fat, raw	136	22.28	0	0	5.24	0	oz=28.2|leg bottom, boneless=989
174411	Lamb, Australian, imported, fresh, leg, center slice, bone-in, separable lean and fat, trimmed to 1/8" fat, cooked, broiled	215	25.54	0		11.78		oz=28.3
174410	Lamb, Australian, imported, fresh, leg, center slice, bone-in, separable lean and fat, trimmed to 1/8" fat, raw	195	19.17	0		12.56		oz=28.4
172585	Lamb, Australian, imported, fresh, leg, center slice, bone-in, separable lean only, trimmed to 1/8" fat, cooked, broiled	183	26.75	0		7.68		oz=28.3
174412	Lamb, Australian, imported, fresh, leg, center slice, bone-in, separable lean only, trimmed to 1/8" fat, raw	143	20.65	0		6.08		oz=28.4
174893	Lamb, Australian, imported, fresh, leg, hindshank, heel on, bone-in, separable lean and fat, trimmed to 1/8" fat, cooked, braised	204	29.52	0	0	9.5	0	oz=28.3|leg hindshank, heel on=418
174894	Lamb, Australian, imported, fresh, leg, hindshank, heel on, bone-in, separable lean and fat, trimmed to 1/8" fat, raw	196	20.58	0	0	12.68	0	oz=28.2|leg hindshank, heel on=530
174886	Lamb, Australian, imported, fresh, leg, hindshank, heel on, bone-in, separable lean only, trimmed to 1/8" fat, cooked, braised	174	30.73	0	0	5.63	0	oz=28.3|leg hindshank, heel on=418
174887	Lamb, Australian, imported, fresh, leg, hindshank, heel on, bone-in, separable lean only, trimmed to 1/8" fat, raw	122	22.49	0	0	3.53	0	oz=28.2|leg hindshank, heel on=530
172579	Lamb, Australian, imported, fresh, leg, shank half, separable lean and fat, trimmed to 1/8" fat, cooked, roasted	231	25.25	0		13.69		oz=28.3|piece, cooked, excluding refuse (yield from 1 lb raw meat with refuse)=277
172578	Lamb, Australian, imported, fresh, leg, shank half, separable lean and fat, trimmed to 1/8" fat, raw	201	18.59	0		13.48		oz=28.4|lb=453.6|oz=28.3
174405	Lamb, Australian, imported, fresh, leg, shank half, separable lean only, trimmed to 1/8" fat, cooked, roasted	182	27.18	0		7.27		oz=28.3|piece, cooked, excluding refuse (yield from 1 lb raw meat with refuse)=246
172580	Lamb, Australian, imported, fresh, leg, shank half, separable lean only, trimmed to 1/8" fat, raw	133	20.45	0		5.1		oz=28.4|lb=453.6|oz=28.3
172583	Lamb, Australian, imported, fresh, leg, sirloin chops, boneless, separable lean and fat, trimmed to 1/8" fat, cooked, broiled	235	25.75	0		13.83		oz=28.3
172582	Lamb, Australian, imported, fresh, leg, sirloin chops, boneless, separable lean and fat, trimmed to 1/8" fat, raw	208	18.33	0		14.38		oz=28.4
174409	Lamb, Australian, imported, fresh, leg, sirloin chops, boneless, separable lean only, trimmed to 1/8" fat, cooked, broiled	188	27.63	0		7.8		oz=28.3
172584	Lamb, Australian, imported, fresh, leg, sirloin chops, boneless, separable lean only, trimmed to 1/8" fat, raw	132	20.43	0		4.91		oz=28.4
174407	Lamb, Australian, imported, fresh, leg, sirloin half, boneless, separable lean and fat, trimmed to 1/8" fat, cooked, roasted	281	24.88	0		19.38		oz=28.3|piece, cooked, excluding refuse (yield from 1 lb raw meat with refuse)=306
174406	Lamb, Australian, imported, fresh, leg, sirloin half, boneless, separable lean and fat, trimmed to 1/8" fat, raw	254	17.25	0		20		oz=28.4|lb=453.6|oz=28.3
172581	Lamb, Australian, imported, fresh, leg, sirloin half, boneless, separable lean only, trimmed to 1/8" fat, cooked, roasted	215	27.75	0		10.65		oz=28.3|piece, cooked, excluding refuse (yield from 1 lb raw meat with refuse)=259
174408	Lamb, Australian, imported, fresh, leg, sirloin half, boneless, separable lean only, trimmed to 1/8" fat, raw	138	20.48	0		5.64		oz=28.4|lb=453.6|oz=28.3
174895	Lamb, Australian, imported, fresh, leg, trotter off, bone-in, separable lean and fat, trimmed to 1/8" fat, cooked, roasted	226	30.15	0.08	0	11.64	0	oz=28.3|leg trotter off=1808
174896	Lamb, Australian, imported, fresh, leg, trotter off, bone-in, separable lean and fat, trimmed to 1/8" fat, raw	175	21.95	0	0	9.73	0	oz=28.2|leg trotter off=2674
172654	Lamb, Australian, imported, fresh, leg, trotter off, bone-in, separable lean only, trimmed to 1/8" fat, cooked, roasted	215	32.08	0	0	9.59	0	oz=28.3|leg trotter off=1808
172655	Lamb, Australian, imported, fresh, leg, trotter off, bone-in, separable lean only, trimmed to 1/8" fat, raw	131	23.11	0	0	4.33	0	oz=28.2|leg trotter off=2674
174404	Lamb, Australian, imported, fresh, leg, whole (shank and sirloin), separable lean and fat, trimmed to 1/8" fat, cooked, roasted	244	25.16	0		15.13		oz=28.3|piece, cooked, excluding refuse (yield from 1 lb raw meat with refuse)=284
174403	Lamb, Australian, imported, fresh, leg, whole (shank and sirloin), separable lean and fat, trimmed to 1/8" fat, raw	215	18.24	0		15.19		oz=28.4|lb=453.6|oz=28.3
172577	Lamb, Australian, imported, fresh, leg, whole (shank and sirloin), separable lean only, trimmed to 1/8" fat, cooked, roasted	190	27.31	0		8.1		oz=28.3|piece, cooked, excluding refuse (yield from 1 lb raw meat with refuse)=251
172576	Lamb, Australian, imported, fresh, leg, whole (shank and sirloin), separable lean only, trimmed to 1/8" fat, raw	135	20.46	0		5.23		oz=28.4|lb=453.6|oz=28.3
172587	Lamb, Australian, imported, fresh, loin, separable lean and fat, trimmed to 1/8" fat, cooked, broiled	219	25.49	0		12.25		oz=28.3
172586	Lamb, Australian, imported, fresh, loin, separable lean and fat, trimmed to 1/8" fat, raw	203	19.32	0		13.38		oz=28.4|oz=28.3
174413	Lamb, Australian, imported, fresh, loin, separable lean only, trimmed to 1/8" fat, cooked, broiled	192	26.53	0		8.75		oz=28.3
172588	Lamb, Australian, imported, fresh, loin, separable lean only, trimmed to 1/8" fat, raw	146	21	0		6.24		oz=28.4|oz=28.3
172663	Lamb, Australian, imported, fresh, rack, roast, frenched, bone-in, separable lean and fat, trimmed to 1/8" fat, cooked, roasted	291	25.96	0	0	20.77	0	oz=28.3|roast=447
174890	Lamb, Australian, imported, fresh, rack, roast, frenched, bone-in, separable lean only, trimmed to 1/8" fat, cooked, roasted	244	28.01	0	0	14.64	0	oz=28.3|roast=447
172662	Lamb, Australian, imported, fresh, rack, roast, frenched, denuded, bone-in, separable lean and fat, trimmed to 0" fat, cooked, roasted	193	25.95	0	0	9.91	0	oz=28.3|roast=329
174889	Lamb, Australian, imported, fresh, rack, roast, frenched, denuded, bone-in, separable lean only, trimmed to 0" fat, cooked, roasted	175	26.52	0	0	7.63	0	oz=28.3|roast=329
174415	Lamb, Australian, imported, fresh, rib chop, frenched, bone-in, separable lean and fat, trimmed to 1/8" fat, cooked, grilled	305	28.48	0	0	21.2	0	oz=28.3|chop=54
172589	Lamb, Australian, imported, fresh, rib chop, frenched, bone-in, separable lean only, trimmed to 1/8" fat, cooked, grilled	234	32.16	0	0	11.68	0	oz=28.3|piece, cooked, excluding refuse (yield from 1 lb raw meat with refuse)=241|chop=54
174898	Lamb, Australian, imported, fresh, rib chop, frenched, denuded, bone-in, separable lean and fat, trimmed to 0" fat, cooked, grilled	276	30.9	0	0	16.96	0	oz=28.3|chop=43
172661	Lamb, Australian, imported, fresh, rib chop, frenched, denuded, bone-in, separable lean only, trimmed to 0" fat, cooked, grilled	236	33.17	0	0	11.5	0	oz=28.3|chop=43
174414	Lamb, Australian, imported, fresh, rib chop/rack roast, frenched, bone-in, separable lean and fat, trimmed to 1/8" fat, raw	237	21.26	0	0	16.89	0	oz=28.2|chop=63
174416	Lamb, Australian, imported, fresh, rib chop/rack roast, frenched, bone-in, separable lean only, trimmed to 1/8" fat, raw	147	24.07	0	0	5.59	0	oz=28.2|chop=63|oz=28.3
172656	Lamb, Australian, imported, fresh, seam fat, cooked	554	13.81	1.55	0	54.72	0	
172657	Lamb, Australian, imported, fresh, seam fat, raw	459	15.65	0	0	44.01	0	oz=28.2
172573	Lamb, Australian, imported, fresh, separable fat, cooked	639	9.42	0		66.4		oz=28.3|piece, cooked, excluding refuse (yield from 1 lb raw meat with refuse)=248
172572	Lamb, Australian, imported, fresh, separable fat, raw	648	6.27	0		68.87		oz=28.4|lb=453.6|oz=28.3
172597	Lamb, Australian, imported, fresh, shoulder ,blade, separable lean only, trimmed to 1/8" fat, cooked, broiled	231	23.83	0		14.38		oz=28.3|piece, cooked, excluding refuse (yield from 1 lb raw meat with refuse)=233
174418	Lamb, Australian, imported, fresh, shoulder, arm, separable lean and fat, trimmed to 1/8" fat, cooked, braised	311	29.7	0		20.38		oz=28.3
174417	Lamb, Australian, imported, fresh, shoulder, arm, separable lean and fat, trimmed to 1/8" fat, raw	243	17.06	0		18.89		oz=28.4|oz=28.3
174420	Lamb, Australian, imported, fresh, shoulder, arm, separable lean only, trimmed to 1/8" fat, cooked, braised	238	34.17	0		10.23		oz=28.3
174419	Lamb, Australian, imported, fresh, shoulder, arm, separable lean only, trimmed to 1/8" fat, raw	137	19.88	0		5.81		oz=28.4|oz=28.3
172595	Lamb, Australian, imported, fresh, shoulder, blade, separable lean and fat, trimmed to 1/8" fat, cooked, broiled	291	21.71	0		22.03		oz=28.3|piece, cooked, excluding refuse (yield from 1 lb raw meat with refuse)=273
172594	Lamb, Australian, imported, fresh, shoulder, blade, separable lean and fat, trimmed to 1/8" fat, raw	262	16.48	0		21.28		oz=28.4|lb=453.6|oz=28.3
172596	Lamb, Australian, imported, fresh, shoulder, blade, separable lean only, trimmed to 1/8" fat, raw	164	19.1	0		9.09		oz=28.4|lb=453.6|oz=28.3
172591	Lamb, Australian, imported, fresh, shoulder, whole (arm and blade), separable lean and fat, trimmed to 1/8" fat, cooked	296	23.58	0		21.65		oz=28.3|piece, cooked, excluding refuse (yield from 1 lb raw meat with refuse)=262
172590	Lamb, Australian, imported, fresh, shoulder, whole (arm and blade), separable lean and fat, trimmed to 1/8" fat, raw	256	16.68	0		20.47		oz=28.4|lb=453.6|oz=28.3
172593	Lamb, Australian, imported, fresh, shoulder, whole (arm and blade), separable lean only, trimmed to 1/8" fat, cooked	233	26.18	0		13.44		oz=28.3|piece, cooked, excluding refuse (yield from 1 lb raw meat with refuse)=222
172592	Lamb, Australian, imported, fresh, shoulder, whole (arm and blade), separable lean only, trimmed to 1/8" fat, raw	155	19.36	0		8.01		oz=28.4|lb=453.6|oz=28.3
174897	Lamb, Australian, imported, fresh, tenderloin, boneless, separable lean and fat, trimmed to 1/8" fat, cooked, roasted	187	30.87	0	0	7.02	0	oz=28.3|roast=121
172660	Lamb, Australian, imported, fresh, tenderloin, boneless, separable lean and fat, trimmed to 1/8" fat, raw	143	23.23	0	0	5.52	0	oz=28.2|roast=146
174888	Lamb, Australian, imported, fresh, tenderloin, boneless, separable lean only, trimmed to 1/8" fat, cooked, roasted	184	30.97	0	0	6.71	0	oz=28.3|roast=121
172652	Lamb, Australian, imported, fresh, tenderloin, boneless, separable lean only, trimmed to 1/8" fat, raw	136	23.42	0	0	4.73	0	oz=28.2|roast=146
174310	Lamb, composite of trimmed retail cuts, separable fat, trimmed to 1/4" fat, choice, cooked	586	12.16	0	0	59.18	0	oz=28.3|unit, cooked (yield from 1 lb raw meat)=286
174309	Lamb, composite of trimmed retail cuts, separable fat, trimmed to 1/4" fat, choice, raw	665	6.65	0		70.61	0	oz=28.4|lb=453.6
172480	Lamb, composite of trimmed retail cuts, separable lean and fat, trimmed to 1/4" fat, choice, cooked	294	24.52	0	0	20.94	0	oz=28.3|piece, cooked, excluding refuse (yield from 1 lb raw meat with refuse)=242
172479	Lamb, composite of trimmed retail cuts, separable lean and fat, trimmed to 1/4" fat, choice, raw	267	16.88	0		21.59	0	oz=28.4|lb=453.6
172546	Lamb, composite of trimmed retail cuts, separable lean and fat, trimmed to 1/8" fat, choice, cooked	271	25.51	0		18.01	0	oz=28.3|piece, cooked, excluding refuse (yield from 1 lb raw meat with refuse)=250
172545	Lamb, composite of trimmed retail cuts, separable lean and fat, trimmed to 1/8" fat, choice, raw	243	17.54	0		18.66	0	oz=28.4|lb=453.6
174308	Lamb, composite of trimmed retail cuts, separable lean only, trimmed to 1/4" fat, choice, cooked	206	28.22	0		9.52	0	oz=28.3|piece, cooked, excluding refuse (yield from 1 lb raw meat with refuse)=187
174307	Lamb, composite of trimmed retail cuts, separable lean only, trimmed to 1/4" fat, choice, raw	134	20.29	0		5.25	0	oz=28.4|lb=453.6
172509	Lamb, cubed for stew or kabob (leg and shoulder), separable lean only, trimmed to 1/4" fat, cooked, braised	223	33.69	0	0	8.8	0	oz=28.3|unit, cooked (yield from 1 lb raw meat)=272
172510	Lamb, cubed for stew or kabob (leg and shoulder), separable lean only, trimmed to 1/4" fat, cooked, broiled	186	28.08	0		7.33	0	oz=28.3|unit, cooked (yield from 1 lb raw meat)=327
172508	Lamb, cubed for stew or kabob (leg and shoulder), separable lean only, trimmed to 1/4" fat, raw	134	20.21	0		5.28	0	oz=28.4|lb=453.6
172482	Lamb, foreshank, separable lean and fat, trimmed to 1/4" fat, choice, cooked, braised	243	28.37	0	0	13.46	0	piece, cooked, excluding refuse (yield from 1 lb raw meat with refuse)=148|oz=28.3
172481	Lamb, foreshank, separable lean and fat, trimmed to 1/4" fat, choice, raw	201	18.91	0		13.38	0	oz=28.4|lb=453.6
172547	Lamb, foreshank, separable lean and fat, trimmed to 1/8" fat, choice, raw	201	18.91	0		13.38	0	oz=28.4|lb=453.6
174371	Lamb, foreshank, separable lean and fat, trimmed to 1/8" fat, cooked, braised	243	28.37	0		13.46	0	piece, cooked, excluding refuse (yield from 1 lb raw meat with refuse)=148|oz=28.3
172484	Lamb, foreshank, separable lean only, trimmed to 1/4" fat, choice, cooked, braised	187	31.01	0		6.02	0	piece, cooked, excluding refuse (yield from 1 lb raw meat with refuse)=128|oz=28.3
172483	Lamb, foreshank, separable lean only, trimmed to 1/4" fat, choice, raw	120	21.08	0		3.29	0	oz=28.4|lb=453.6
172544	Lamb, ground, cooked, broiled	283	24.75	0	0	19.65	0	oz=28.3|unit, cooked (yield from 1 lb raw meat)=313
174370	Lamb, ground, raw	282	16.56	0	0	23.41	0	oz=28.4|oz=28.2
172485	Lamb, leg, shank half, separable lean and fat, trimmed to 1/4" fat, choice, cooked, roasted	225	26.41	0		12.45	0	oz=28.3|piece, cooked, excluding refuse (yield from 1 lb raw meat with refuse)=269
174315	Lamb, leg, shank half, separable lean and fat, trimmed to 1/4" fat, choice, raw	201	18.58	0		13.49	0	oz=28.4|lb=453.6
172548	Lamb, leg, shank half, separable lean and fat, trimmed to 1/8" fat, choice, cooked, roasted	217	26.73	0		11.4	0	oz=28.3|piece, cooked, excluding refuse (yield from 1 lb raw meat with refuse)=267
174374	Lamb, leg, shank half, separable lean and fat, trimmed to 1/8" fat, choice, raw	185	18.99	0		11.5	0	oz=28.4|lb=453.6
172487	Lamb, leg, shank half, separable lean only, trimmed to 1/4" fat, choice, cooked, roasted	180	28.17	0		6.67	0	oz=28.3|piece, cooked, excluding refuse (yield from 1 lb raw meat with refuse)=238
172486	Lamb, leg, shank half, separable lean only, trimmed to 1/4" fat, choice, raw	125	20.52	0		4.19	0	oz=28.4|lb=453.6
174316	Lamb, leg, sirloin half, separable lean and fat, trimmed to 1/4" fat, choice, cooked, roasted	292	24.63	0		20.67	0	oz=28.3|piece, cooked, excluding refuse (yield from 1 lb raw meat with refuse)=262
172488	Lamb, leg, sirloin half, separable lean and fat, trimmed to 1/4" fat, choice, raw	272	16.94	0		22.11	0	oz=28.4|lb=453.6
172550	Lamb, leg, sirloin half, separable lean and fat, trimmed to 1/8" fat, choice, cooked, roasted	284	24.95	0		19.67	0	oz=28.3|piece, cooked, excluding refuse (yield from 1 lb raw meat with refuse)=260
172549	Lamb, leg, sirloin half, separable lean and fat, trimmed to 1/8" fat, choice, raw	261	17.21	0		20.8	0	oz=28.4|lb=453.6
174318	Lamb, leg, sirloin half, separable lean only, trimmed to 1/4" fat, choice, cooked, roasted	204	28.35	0		9.17	0	oz=28.3|piece, cooked, excluding refuse (yield from 1 lb raw meat with refuse)=201
174317	Lamb, leg, sirloin half, separable lean only, trimmed to 1/4" fat, choice, raw	134	20.55	0		5.08	0	oz=28.4|lb=453.6
174312	Lamb, leg, whole (shank and sirloin), separable lean and fat, trimmed to 1/4" fat, choice, cooked, roasted	258	25.55	0	0	16.48	0	oz=28.3|piece, cooked, excluding refuse (yield from 1 lb raw meat with refuse)=265
174311	Lamb, leg, whole (shank and sirloin), separable lean and fat, trimmed to 1/4" fat, choice, raw	230	17.91	0		17.07	0	oz=28.4|lb=453.6
174373	Lamb, leg, whole (shank and sirloin), separable lean and fat, trimmed to 1/8" fat, choice, cooked, roasted	242	26.2	0		14.42	0	oz=28.3|piece, cooked, excluding refuse (yield from 1 lb raw meat with refuse)=260
174372	Lamb, leg, whole (shank and sirloin), separable lean and fat, trimmed to 1/8" fat, choice, raw	209	18.47	0		14.42	0	oz=28.4|lb=453.6
174314	Lamb, leg, whole (shank and sirloin), separable lean only, trimmed to 1/4" fat, choice, cooked, roasted	191	28.3	0	0	7.74	0	oz=28.3|piece, cooked, excluding refuse (yield from 1 lb raw meat with refuse)=218
174313	Lamb, leg, whole (shank and sirloin), separable lean only, trimmed to 1/4" fat, choice, raw	128	20.56	0		4.51	0	oz=28.4|lb=453.6
172489	Lamb, loin, separable lean and fat, trimmed to 1/4" fat, choice, cooked, broiled	316	25.17	0	0	23.08	0	oz=28.3|chop, excluding refuse (yield from 1 raw chop, with refuse, weighing 120 g)=64
172490	Lamb, loin, separable lean and fat, trimmed to 1/4" fat, choice, cooked, roasted	309	22.55	0	0	23.59	0	oz=28.3|piece, cooked, excluding refuse (yield from 1 lb raw meat with refuse)=269
174319	Lamb, loin, separable lean and fat, trimmed to 1/4" fat, choice, raw	310	16.32	0		26.63	0	oz=28.4|chop, excluding refuse (yield from 1 raw chop, with refuse, weighing 120 g)=95
174375	Lamb, loin, separable lean and fat, trimmed to 1/8" fat, choice, cooked, broiled	297	26.06	0		20.61	0	oz=28.3|steak, excluding refuse (yield from 1 raw steak, with refuse, weighing 102 g)=53
174376	Lamb, loin, separable lean and fat, trimmed to 1/8" fat, choice, cooked, roasted	290	23.27	0		21.12	0	oz=28.3|piece, cooked, excluding refuse (yield from 1 lb raw meat with refuse)=265
172551	Lamb, loin, separable lean and fat, trimmed to 1/8" fat, choice, raw	279	17.18	0		22.75	0	oz=28.4|steak, excluding refuse (yield from 1 raw steak, with refuse, weighing 102 g)=79
172492	Lamb, loin, separable lean only, trimmed to 1/4" fat, choice, cooked, broiled	216	29.99	0	0	9.73	0	oz=28.3|chop, excluding refuse (yield from 1 raw chop, with refuse, weighing 120 g)=46
174320	Lamb, loin, separable lean only, trimmed to 1/4" fat, choice, cooked, roasted	202	26.59	0		9.76	0	oz=28.3|piece, cooked, excluding refuse (yield from 1 lb raw meat with refuse)=193
172491	Lamb, loin, separable lean only, trimmed to 1/4" fat, choice, raw	143	20.88	0		5.94	0	oz=28.4|chop, excluding refuse (yield from 1 raw chop, with refuse, weighing 120 g)=65
174436	Lamb, New Zealand, imported, brains, cooked, soaked and fried	154	14.03	0	0	10.92	0	oz=28.3
174437	Lamb, New Zealand, imported, brains, raw	118	11.33	0	0	8.03	0	oz=28.2
172610	Lamb, New Zealand, imported, breast, separable lean only, cooked, braised	270	28.16	0	0	17.53	0	oz=28.3
172611	Lamb, New Zealand, imported, breast, separable lean only, raw	149	18.31	1.02	0	7.98	0	oz=28.2
172612	Lamb, New Zealand, imported, chump, boneless, separable lean only, cooked, fast roasted	142	23.69	0	0	5.27	0	oz=28.3
174438	Lamb, New Zealand, imported, chump, boneless, separable lean only, raw	121	21.68	0	0	3.83	0	oz=28.2
172630	Lamb, New Zealand, imported, flap, boneless, separable lean and fat, cooked, braised	376	20.48	0.14	0	32.63	0	oz=28.3
172631	Lamb, New Zealand, imported, flap, boneless, separable lean and fat, raw	337	16.17	0.27	0	30.14	0	oz=28.2
174440	Lamb, New Zealand, imported, flap, boneless, separable lean only, cooked, braised	234	27.88	0	0	13.6	0	oz=28.3
174441	Lamb, New Zealand, imported, flap, boneless, separable lean only, raw	180	21.72	0	0	10.31	0	oz=28.2
172514	Lamb, New Zealand, imported, fore-shank, separable lean and fat, cooked, braised	256	30.35	0.03	0	14.99	0	oz=28.3|serving=85
172513	Lamb, New Zealand, imported, fore-shank, separable lean and fat, raw	183	20.09	0.09	0	11.38	0	oz=28.2|serving=115
174341	Lamb, New Zealand, imported, fore-shank, separable lean only, cooked, braised	209	33.31	0	0	8.4	0	oz=28.3|serving=85
174340	Lamb, New Zealand, imported, fore-shank, separable lean only, raw	122	22.05	0	0	3.77	0	oz=28.2|serving=115
172512	Lamb, New Zealand, imported, frozen, composite of trimmed retail cuts, separable fat, cooked	586	9.72	0		60.39	0	oz=28.3|unit, cooked (yield from 1 lb raw meat)=286
172511	Lamb, New Zealand, imported, frozen, composite of trimmed retail cuts, separable fat, raw	640	6.92	0		67.63	0	oz=28.4|lb=453.6
174337	Lamb, New Zealand, imported, frozen, composite of trimmed retail cuts, separable lean and fat, cooked	305	24.42	0		22.26	0	oz=28.3|piece, cooked, excluding refuse (yield from 1 lb raw meat with refuse)=222
174336	Lamb, New Zealand, imported, frozen, composite of trimmed retail cuts, separable lean and fat, raw	277	16.74	0		22.74	0	oz=28.4|lb=453.6
174385	Lamb, New Zealand, imported, frozen, composite of trimmed retail cuts, separable lean and fat, trimmed to 1/8" fat, cooked	270	25.26	0		17.98	0	oz=28.3|piece, cooked, excluding refuse (yield from 1 lb raw meat with refuse)=242
174384	Lamb, New Zealand, imported, frozen, composite of trimmed retail cuts, separable lean and fat, trimmed to 1/8" fat, raw	232	17.95	0		17.2	0	oz=28.4|lb=453.6
174339	Lamb, New Zealand, imported, frozen, composite of trimmed retail cuts, separable lean only, cooked	206	29.59	0		8.86	0	oz=28.3|piece, cooked, excluding refuse (yield from 1 lb raw meat with refuse)=164
174338	Lamb, New Zealand, imported, frozen, composite of trimmed retail cuts, separable lean only, raw	128	20.75	0		4.41	0	oz=28.4|lb=453.6
174387	Lamb, New Zealand, imported, frozen, foreshank, separable lean and fat, trimmed to 1/8" fat, cooked, braised	258	26.97	0		15.83	0	oz=28.3|piece, cooked, excluding refuse (yield from 1 lb raw meat with refuse)=168
174386	Lamb, New Zealand, imported, frozen, foreshank, separable lean and fat, trimmed to 1/8" fat, raw	223	18.04	0		16.15	0	oz=28.4|lb=453.6
174343	Lamb, New Zealand, imported, frozen, leg, whole (shank and sirloin), separable lean and fat, cooked, roasted	246	24.81	0		15.56	0	oz=28.3|piece, cooked, excluding refuse (yield from 1 lb raw meat with refuse)=258
172561	Lamb, New Zealand, imported, frozen, leg, whole (shank and sirloin), separable lean and fat, trimmed to 1/8" fat, cooked, roasted	234	25.34	0		13.95	0	oz=28.3|piece, cooked, excluding refuse (yield from 1 lb raw meat with refuse)=253
172560	Lamb, New Zealand, imported, frozen, leg, whole (shank and sirloin), separable lean and fat, trimmed to 1/8" fat, raw	201	18.76	0		13.37	0	oz=28.4|lb=453.6
172516	Lamb, New Zealand, imported, frozen, leg, whole (shank and sirloin), separable lean only, cooked, roasted	181	27.68	0		7.01	0	oz=28.3|piece, cooked, excluding refuse (yield from 1 lb raw meat with refuse)=218
175259	Lamb, New Zealand, imported, frozen, loin, separable lean and fat, cooked, broiled	315	23.43	0	0	23.88	0	oz=28.3|chop, excluding refuse (yield from 1 raw chop, with refuse, weighing 85 g)=43
172563	Lamb, New Zealand, imported, frozen, loin, separable lean and fat, trimmed to 1/8" fat, cooked, broiled	296	24.41	0		21.28	0	oz=28.3|chop, excluding refuse (yield from 1 raw chop, with refuse, weighing 85 g)=42
172562	Lamb, New Zealand, imported, frozen, loin, separable lean and fat, trimmed to 1/8" fat, raw	273	17.18	0		22.1	0	oz=28.4|chop, excluding refuse (yield from 1 raw chop, with refuse, weighing 85 g)=63
173811	Lamb, New Zealand, imported, frozen, loin, separable lean only, cooked, broiled	199	29.31	0		8.24	0	oz=28.3|chop, excluding refuse (yield from 1 raw chop, with refuse, weighing 85 g)=30
174389	Lamb, New Zealand, imported, frozen, rib, separable lean and fat, trimmed to 1/8" fat, cooked, roasted	317	19.86	0		25.74	0	oz=28.3|piece, cooked, excluding refuse (yield from 1 lb raw meat with refuse)=233
174388	Lamb, new zealand, imported, frozen, rib, separable lean and fat, trimmed to 1/8" fat, raw	311	15.87	0		27	0	oz=28.4|lb=453.6
175263	Lamb, New Zealand, imported, frozen, shoulder, whole (arm and blade), separable lean and fat, cooked, braised	357	28.21	0		26.27	0	oz=28.3|piece, cooked, excluding refuse (yield from 1 lb raw meat with refuse)=206
174391	Lamb, New Zealand, imported, frozen, shoulder, whole (arm and blade), separable lean and fat, trimmed to 1/8" fat, cooked, braised	342	29.43	0		24.03	0	oz=28.3|piece, cooked, excluding refuse (yield from 1 lb raw meat with refuse)=233
174390	Lamb, New Zealand, imported, frozen, shoulder, whole (arm and blade), separable lean and fat, trimmed to 1/8" fat, raw	251	17.19	0		19.74	0	oz=28.4|lb=453.6
173814	Lamb, New Zealand, imported, frozen, shoulder, whole (arm and blade), separable lean only, cooked, braised	285	34.06	0		15.5	0	oz=28.3|piece, cooked, excluding refuse (yield from 1 lb raw meat with refuse)=157
172616	Lamb, New Zealand, imported, ground lamb, cooked, braised	192	22.6	0	0	11.34	0	oz=28.3
172617	Lamb, New Zealand, imported, ground lamb, raw	193	20.33	0	0	12.41	0	oz=28.2
174443	Lamb, New Zealand, imported, heart, cooked, soaked and simmered	161	26.26	0	0	6.21	0	oz=28.3
174444	Lamb, New Zealand, imported, heart, raw	105	18.09	0	0	3.68	0	oz=28.2
172632	Lamb, New Zealand, imported, hind-shank, separable lean and fat, cooked, braised	247	29.59	0.04	0	14.22	0	oz=28.3
172633	Lamb, New Zealand, imported, hind-shank, separable lean and fat, raw	186	18.39	0.73	0	12.12	0	oz=28.2
174453	Lamb, New Zealand, imported, hind-shank, separable lean only, cooked, braised	196	32.5	0	0	7.37	0	oz=28.3
174454	Lamb, New Zealand, imported, hind-shank, separable lean only, raw	115	20.4	0.73	0	3.35	0	oz=28.2
172609	Lamb, New Zealand, imported, Intermuscular fat, cooked	596	8.53	0	0	62.44	0	oz=28.3
174434	Lamb, New Zealand, imported, Intermuscular fat, raw	640	4.63	1.26	0	68.53	0	
174439	Lamb, New Zealand, imported, kidney, cooked, soaked and fried	112	19.78	0.18	0	3.56	0	oz=28.3
174442	Lamb, New Zealand, imported, kidney, raw	84	15.21	0.03	0	2.54	0	oz=28.2
174460	Lamb, New Zealand, imported, leg chop/steak, bone-in, separable lean and fat, cooked, fast fried	212	24.26	0.04	0	12.76	0	oz=28.3
174342	Lamb, New Zealand, imported, leg chop/steak, bone-in, separable lean and fat, raw	206	18.64	0.13	0	14.52	0	oz=28.2|serving=115
174459	Lamb, New Zealand, imported, leg chop/steak, bone-in, separable lean only, cooked, fast fried	162	26.31	0	0	6.35	0	oz=28.3
172515	Lamb, New Zealand, imported, leg chop/steak, bone-in, separable lean only, raw	126	21.1	0	0	4.64	0	oz=28.2|serving=115
172614	Lamb, New Zealand, imported, liver, cooked, soaked and fried	168	25.8	1.48	0	6.56	0	oz=28.3
172615	Lamb, New Zealand, imported, liver, raw	136	20.7	2.22	0	4.92	0	oz=28.2
174461	Lamb, New Zealand, imported, loin chop, separable lean and fat, cooked, fast fried	332	21.5	0.41	0	27.11	0	oz=28.3
172517	Lamb, New Zealand, imported, loin chop, separable lean and fat, raw	298	15.4	0.22	0	26.19	0	oz=28.2|serving=115
174457	Lamb, New Zealand, imported, loin chop, separable lean only, cooked, fast fried	208	27.43	0.41	0	10.7	0	oz=28.3
173810	Lamb, New Zealand, imported, loin chop, separable lean only, raw	142	19.98	0	0	6.88	0	oz=28.2|serving=115
174462	Lamb, New Zealand, imported, loin saddle, separable lean and fat, cooked, fast roasted	274	21.13	0.1	0	20.98	0	oz=28.3
174463	Lamb, New Zealand, imported, loin saddle, separable lean and fat, raw	273	16.56	0.2	0	22.9	0	oz=28.2
172624	Lamb, New Zealand, imported, loin saddle, separable lean only, cooked, fast roasted	162	25.53	0	0	6.7	0	oz=28.3
172625	Lamb, New Zealand, imported, loin saddle, separable lean only, raw	131	20.86	0	0	5.32	0	oz=28.2
172634	Lamb, New Zealand, imported, loin, boneless, separable lean and fat, cooked, fast roasted	157	28.96	0	0	4.57	0	oz=28.3
172635	Lamb, New Zealand, imported, loin, boneless, separable lean and fat, raw	122	21.44	0	0	3.99	0	oz=28.2
174451	Lamb, New Zealand, imported, loin, boneless, separable lean only, cooked, fast roasted	156	28.99	0	0	4.49	0	oz=28.3
174452	Lamb, New Zealand, imported, loin, boneless, separable lean only, raw	120	21.5	0	0	3.77	0	oz=28.2
172636	Lamb, New Zealand, imported, neck chops, separable lean and fat, cooked, braised	307	28.53	0.03	0	21.43	0	oz=28.3
172637	Lamb, New Zealand, imported, neck chops, separable lean and fat, raw	231	17.43	0.14	0	17.9	0	oz=28.2
172626	Lamb, New Zealand, imported, neck chops, separable lean only, cooked, braised	264	31.4	0	0	15.36	0	oz=28.3
174455	Lamb, New Zealand, imported, neck chops, separable lean only, raw	151	19.84	0	0	7.97	0	oz=28.2
172638	Lamb, New Zealand, imported, netted shoulder, rolled, boneless, separable lean and fat, cooked, slow roasted	287	21.45	0.05	0	22.33	0	oz=28.3
174464	Lamb, New Zealand, imported, netted shoulder, rolled, boneless, separable lean and fat, raw	252	16.9	0.2	0	20.36	0	oz=28.2
172627	Lamb, New Zealand, imported, netted shoulder, rolled, boneless, separable lean only, cooked, slow roasted	199	25.14	0	0	10.91	0	oz=28.3
172628	Lamb, New Zealand, imported, netted shoulder, rolled, boneless, separable lean only, raw	143	20.2	0	0	6.88	0	oz=28.2
172640	Lamb, New Zealand, imported, rack - fully frenched, separable lean and fat, cooked, fast roasted	195	23.56	0.01	0	11.2	0	oz=28.3
172641	Lamb, New Zealand, imported, rack - fully frenched, separable lean and fat, raw	169	19.88	0.05	0	9.96	0	oz=28.2
172629	Lamb, New Zealand, imported, rack - fully frenched, separable lean only, cooked, fast roasted	173	24.39	0	0	8.38	0	oz=28.3
174456	Lamb, New Zealand, imported, rack - fully frenched, separable lean only, raw	147	20.61	0	0	7.12	0	oz=28.2
173813	Lamb, New Zealand, imported, rack - partly frenched, separable lean and fat, cooked, fast roasted	253	22.06	0.04	0	18.29	0	oz=28.3|serving=85
173812	Lamb, New Zealand, imported, rack - partly frenched, separable lean and fat, raw	240	18.12	0.13	0	18.52	0	oz=28.2|serving=115
175261	Lamb, New Zealand, imported, rack - partly frenched, separable lean only, cooked, fast roasted	193	24.43	0	0	10.63	0	oz=28.3|serving=85
175260	Lamb, New Zealand, imported, rack - partly frenched, separable lean only, raw	160	20.65	0	0	8.61	0	oz=28.2|serving=115
174874	Lamb, New Zealand, imported, square-cut shoulder chops, separable lean and fat, cooked, braised	322	26.79	0.05	0	23.86	0	oz=28.3
174875	Lamb, New Zealand, imported, square-cut shoulder chops, separable lean and fat, raw	275	17.02	0.23	0	22.84	0	oz=28.2
174449	Lamb, New Zealand, imported, square-cut shoulder chops, separable lean only, cooked, braised	255	31.06	0	0	14.56	0	oz=28.3
174450	Lamb, New Zealand, imported, square-cut shoulder chops, separable lean only, raw	164	20.62	0	0	9.08	0	oz=28.2
174876	Lamb, New Zealand, imported, square-cut shoulder, separable lean and fat, cooked, slow roasted	294	20.88	0.03	0	23.39	0	oz=28.3
175262	Lamb, New Zealand, imported, square-cut shoulder, separable lean and fat, raw	272	16.16	0.24	0	22.89	0	oz=28.2|serving=115
174458	Lamb, New Zealand, imported, square-cut shoulder, separable lean only, cooked, slow roasted	192	25.08	0	0	10.13	0	oz=28.3
175264	Lamb, New Zealand, imported, square-cut shoulder, separable lean only, raw	154	19.72	0	0	8.3	0	oz=28.2|serving=115
172613	Lamb, New Zealand, imported, subcutaneous fat, cooked	674	5.24	0.62	0	72.28	0	oz=28.3
174435	Lamb, New Zealand, imported, subcutaneous fat, raw	703	3.87	0.55	0	76.16	0	
174445	Lamb, New Zealand, imported, sweetbread, cooked, soaked and simmered	144	21.13	0	0	6.61	0	oz=28.3
174446	Lamb, New Zealand, imported, sweetbread, raw	72	11	0	0	3.16	0	oz=28.2
172639	Lamb, New Zealand, imported, tenderloin, separable lean and fat, cooked, fast fried	157	27.87	0	0	5	0	oz=28.3
174878	Lamb, New Zealand, imported, tenderloin, separable lean and fat, raw	120	20.43	0.01	0	4.22	0	oz=28.2
172622	Lamb, New Zealand, imported, tenderloin, separable lean only, cooked, fast fried	155	27.94	0	0	4.81	0	oz=28.3
172623	Lamb, New Zealand, imported, tenderloin, separable lean only, raw	116	20.53	0	0	3.81	0	oz=28.2
172618	Lamb, New Zealand, imported, testes, cooked, soaked and fried	125	21.01	0	0	4.56	0	oz=28.3
172619	Lamb, New Zealand, imported, testes, raw	68	11.4	0.14	0	2.38	0	oz=28.2
172620	Lamb, New Zealand, imported, tongue - swiss cut, cooked, soaked and simmered	272	17.51	0.86	0	22.04	0	oz=28.3
172621	Lamb, New Zealand, imported, tongue - swiss cut, raw	225	14.27	0	0	18.61	0	oz=28.2
172642	Lamb, New Zealand, imported, tunnel-boned leg, chump off, shank off, separable lean and fat, cooked, slow roasted	208	23.41	0.03	0	12.68	0	oz=28.3
174877	Lamb, New Zealand, imported, tunnel-boned leg, chump off, shank off, separable lean and fat, raw	121	20.93	0		4.09		oz=28.2
174447	Lamb, New Zealand, imported, tunnel-boned leg, chump off, shank off, separable lean only, cooked, slow roasted	159	25.29	0	0	6.44	0	oz=28.3
174448	Lamb, New Zealand, imported, tunnel-boned leg, chump off, shank off, separable lean only, raw	121	20.93	0	0	4.09	0	oz=28.2
174322	Lamb, rib, separable lean and fat, trimmed to 1/4" fat, choice, cooked, broiled	361	22.13	0	0	29.59	0	oz=28.3|piece, cooked, excluding refuse (yield from 1 lb raw meat with refuse)=229
174323	Lamb, rib, separable lean and fat, trimmed to 1/4" fat, choice, cooked, roasted	359	21.12	0		29.82	0	oz=28.3|piece, cooked, excluding refuse (yield from 1 lb raw meat with refuse)=255
174321	Lamb, rib, separable lean and fat, trimmed to 1/4" fat, choice, raw	372	14.52	0		34.39	0	oz=28.4|lb=453.6
174378	Lamb, rib, separable lean and fat, trimmed to 1/8" fat, choice, cooked, broiled	340	23.06	0		26.82	0	oz=28.3|piece, cooked, excluding refuse (yield from 1 lb raw meat with refuse)=222
172552	Lamb, rib, separable lean and fat, trimmed to 1/8" fat, choice, cooked, roasted	341	21.82	0		27.53	0	oz=28.3|piece, cooked, excluding refuse (yield from 1 lb raw meat with refuse)=248
174377	Lamb, rib, separable lean and fat, trimmed to 1/8" fat, choice, raw	342	15.32	0		30.71	0	oz=28.4|lb=453.6
172494	Lamb, rib, separable lean only, trimmed to 1/4" fat, choice, cooked, broiled	235	27.74	0	0	12.95	0	piece, cooked, excluding refuse (yield from 1 lb raw meat with refuse)=147|oz=28.3
172495	Lamb, rib, separable lean only, trimmed to 1/4" fat, choice, cooked, roasted	232	26.16	0		13.31	0	oz=28.3|piece, cooked, excluding refuse (yield from 1 lb raw meat with refuse)=159
172493	Lamb, rib, separable lean only, trimmed to 1/4" fat, choice, raw	169	19.98	0		9.23	0	oz=28.4|lb=453.6
172501	Lamb, shoulder, arm, separable lean and fat, trimmed to 1/4" fat, choice, cooked, braised	346	30.39	0		24	0	oz=28.3|chop, excluding refuse (yield from 1 raw chop, with refuse, weighing 160 g)=70
174328	Lamb, shoulder, arm, separable lean and fat, trimmed to 1/4" fat, choice, cooked, broiled	281	24.44	0		19.55	0	oz=28.3|chop, excluding refuse (yield from 1 raw chop, with refuse, weighing 160 g)=93
174329	Lamb, shoulder, arm, separable lean and fat, trimmed to 1/4" fat, choice, cooked, roasted	279	22.53	0		20.24	0	oz=28.3|piece, cooked, excluding refuse (yield from 1 lb raw meat with refuse)=286
172500	Lamb, shoulder, arm, separable lean and fat, trimmed to 1/4" fat, choice, raw	260	16.79	0		20.9	0	oz=28.4|chop, excluding refuse (yield from 1 raw chop, with refuse, weighing 160 g)=133
174381	Lamb, shoulder, arm, separable lean and fat, trimmed to 1/8" fat, choice, cooked, braised	337	31.1	0		22.65	0	oz=28.3|steak, excluding refuse (yield from 1 raw steak, with refuse, weighing 102 g)=45
174380	Lamb, shoulder, arm, separable lean and fat, trimmed to 1/8" fat, choice, raw	244	17.19	0		18.94	0	oz=28.4|steak, excluding refuse (yield from 1 raw steak, with refuse, weighing 102 g)=84
174383	Lamb, shoulder, arm, separable lean and fat, trimmed to 1/8" fat, choice, roasted	267	22.93	0		18.75	0	oz=28.3|piece, cooked, excluding refuse (yield from 1 lb raw meat with refuse)=284
174382	Lamb, shoulder, arm, separable lean and fat, trimmed to 1/8" fat, cooked, broiled	269	24.91	0		18.05	0	oz=28.3|steak, excluding refuse (yield from 1 raw steak, with refuse, weighing 102 g)=59
174331	Lamb, shoulder, arm, separable lean only, trimmed to 1/4" fat, choice, cooked, braised	279	35.54	0		14.08	0	oz=28.3|chop, excluding refuse (yield from 1 raw chop, with refuse, weighing 160 g)=55
172502	Lamb, shoulder, arm, separable lean only, trimmed to 1/4" fat, choice, cooked, broiled	200	27.71	0		9.02	0	oz=28.3|chop, excluding refuse (yield from 1 raw chop, with refuse, weighing 160 g)=74
172503	Lamb, shoulder, arm, separable lean only, trimmed to 1/4" fat, choice, cooked, roasted	192	25.46	0		9.26	0	oz=28.3|piece, cooked, excluding refuse (yield from 1 lb raw meat with refuse)=224
174330	Lamb, shoulder, arm, separable lean only, trimmed to 1/4" fat, choice, raw	132	19.99	0		5.2	0	oz=28.4|chop, excluding refuse (yield from 1 raw chop, with refuse, weighing 160 g)=101
172505	Lamb, shoulder, blade, separable lean and fat, trimmed to 1/4" fat, choice, cooked, braised	345	28.51	0		24.73	0	oz=28.3|piece, cooked, excluding refuse (yield from 1 lb raw meat with refuse)=209
174332	Lamb, shoulder, blade, separable lean and fat, trimmed to 1/4" fat, choice, cooked, broiled	278	23.08	0	0	19.94	0	oz=28.3|piece, cooked, excluding refuse (yield from 1 lb raw meat with refuse)=252
174333	Lamb, shoulder, blade, separable lean and fat, trimmed to 1/4" fat, choice, cooked, roasted	281	22.25	0		20.61	0	oz=28.3|piece, cooked, excluding refuse (yield from 1 lb raw meat with refuse)=258
172504	Lamb, shoulder, blade, separable lean and fat, trimmed to 1/4" fat, choice, raw	259	16.63	0		20.86	0	oz=28.4|lb=453.6
172557	Lamb, shoulder, blade, separable lean and fat, trimmed to 1/8" fat, choice, cooked, braised	339	28.92	0		23.88	0	oz=28.3|piece, cooked, excluding refuse (yield from 1 lb raw meat with refuse)=207
172558	Lamb, shoulder, blade, separable lean and fat, trimmed to 1/8" fat, choice, cooked, broiled	267	23.48	0		18.5	0	oz=28.3|piece, cooked, excluding refuse (yield from 1 lb raw meat with refuse)=250
172559	Lamb, shoulder, blade, separable lean and fat, trimmed to 1/8" fat, choice, cooked, roasted	270	22.62	0		19.19	0	oz=28.3|piece, cooked, excluding refuse (yield from 1 lb raw meat with refuse)=256
172556	Lamb, shoulder, blade, separable lean and fat, trimmed to 1/8" fat, choice, raw	244	17.01	0		18.97	0	oz=28.4|lb=453.6
174335	Lamb, shoulder, blade, separable lean only, trimmed to 1/4" fat, choice, cooked, braised	288	32.35	0		16.64	0	oz=28.3|piece, cooked, excluding refuse (yield from 1 lb raw meat with refuse)=168
172506	Lamb, shoulder, blade, separable lean only, trimmed to 1/4" fat, choice, cooked, broiled	211	25.48	0		11.32	0	oz=28.3|piece, cooked, excluding refuse (yield from 1 lb raw meat with refuse)=207
172507	Lamb, shoulder, blade, separable lean only, trimmed to 1/4" fat, choice, cooked, roasted	209	24.61	0		11.57	0	oz=28.3|piece, cooked, excluding refuse (yield from 1 lb raw meat with refuse)=210
174334	Lamb, shoulder, blade, separable lean only, trimmed to 1/4" fat, choice, raw	151	19.29	0		7.63	0	oz=28.4|lb=453.6
172497	Lamb, shoulder, whole (arm and blade), separable lean and fat, trimmed to 1/4" fat, choice, cooked, braised	344	28.68	0		24.55	0	oz=28.3|piece, cooked, excluding refuse (yield from 1 lb raw meat with refuse)=218
174324	Lamb, shoulder, whole (arm and blade), separable lean and fat, trimmed to 1/4" fat, choice, cooked, broiled	278	24.42	0		19.26	0	oz=28.3|piece, cooked, excluding refuse (yield from 1 lb raw meat with refuse)=248
174325	Lamb, shoulder, whole (arm and blade), separable lean and fat, trimmed to 1/4" fat, choice, cooked, roasted	276	22.51	0	0	19.97	0	oz=28.3|piece, cooked, excluding refuse (yield from 1 lb raw meat with refuse)=269
172496	Lamb, shoulder, whole (arm and blade), separable lean and fat, trimmed to 1/4" fat, choice, raw	264	16.58	0	0	21.45	0	oz=28.2|lb=453.6
172554	Lamb, shoulder, whole (arm and blade), separable lean and fat, trimmed to 1/8" fat, choice, cooked, braised	338	29.46	0		23.57	0	oz=28.3|piece, cooked, excluding refuse (yield from 1 lb raw meat with refuse)=213
172555	Lamb, shoulder, whole (arm and blade), separable lean and fat, trimmed to 1/8" fat, choice, cooked, broiled	268	23.84	0		18.39	0	oz=28.3|piece, cooked, excluding refuse (yield from 1 lb raw meat with refuse)=242
174379	Lamb, shoulder, whole (arm and blade), separable lean and fat, trimmed to 1/8" fat, choice, cooked, roasted	269	22.7	0		19.08	0	oz=28.3|piece, cooked, excluding refuse (yield from 1 lb raw meat with refuse)=263
172553	Lamb, shoulder, whole (arm and blade), separable lean and fat, trimmed to 1/8" fat, choice, raw	244	17.07	0		18.96	0	oz=28.4|lb=453.6
174327	Lamb, shoulder, whole (arm and blade), separable lean only, trimmed to 1/4" fat, choice, cooked, braised	283	32.81	0		15.89	0	oz=28.3|piece, cooked, excluding refuse (yield from 1 lb raw meat with refuse)=174
172498	Lamb, shoulder, whole (arm and blade), separable lean only, trimmed to 1/4" fat, choice, cooked, broiled	210	27.12	0	0	10.5	0	oz=28.3|piece, cooked, excluding refuse (yield from 1 lb raw meat with refuse)=202
172499	Lamb, shoulder, whole (arm and blade), separable lean only, trimmed to 1/4" fat, choice, cooked, roasted	204	24.94	0	0	10.77	0	oz=28.3|piece, cooked, excluding refuse (yield from 1 lb raw meat with refuse)=217
174326	Lamb, shoulder, whole (arm and blade), separable lean only, trimmed to 1/4" fat, choice, raw	144	19.55	0	0	6.76	0	oz=28.2|lb=453.6
172526	Lamb, variety meats and by-products, brain, cooked, braised	145	12.55	0		10.17	0	oz=28.3|unit, cooked (yield from 1 lb raw meat)=347
174350	Lamb, variety meats and by-products, brain, cooked, pan-fried	273	16.97	0		22.19	0	oz=28.3|unit, cooked (yield from 1 lb raw meat)=240
172525	Lamb, variety meats and by-products, brain, raw	122	10.4	0		8.58	0	oz=28.4|oz=28.2
172528	Lamb, variety meats and by-products, heart, cooked, braised	185	24.97	1.93		7.91	0	oz=28.3|unit, cooked (yield from 1 lb raw meat)=191
172527	Lamb, variety meats and by-products, heart, raw	122	16.47	0.21		5.68	0	oz=28.4|oz=28.2
174355	Lamb, variety meats and by-products, kidneys, cooked, braised	137	23.65	0.99		3.62	0	oz=28.3|unit, cooked (yield from 1 lb raw meat)=255
174354	Lamb, variety meats and by-products, kidneys, raw	97	15.74	0.82		2.95	0	oz=28.4|oz=28.2
172532	Lamb, variety meats and by-products, liver, cooked, braised	220	30.57	2.53		8.81	0	oz=28.3|unit, cooked (yield from 1 lb raw meat)=336
172533	Lamb, variety meats and by-products, liver, cooked, pan-fried	238	25.53	3.78		12.65	0	oz=28.3|unit, cooked (yield from 1 lb raw meat)=322
172531	Lamb, variety meats and by-products, liver, raw	139	20.38	1.78		5.02	0	oz=28.4|oz=28.2
174360	Lamb, variety meats and by-products, lungs, cooked, braised	113	19.88	0		3.1	0	oz=28.3|unit, cooked (yield from 1 lb raw meat)=381
174359	Lamb, variety meats and by-products, lungs, raw	95	16.7	0		2.6	0	oz=28.4|oz=28.2
172537	Lamb, variety meats and by-products, mechanically separated, raw	276	14.97	0		23.54	0	oz=28.4|oz=28.4
172539	Lamb, variety meats and by-products, pancreas, cooked, braised	234	22.83	0		15.12	0	oz=28.3|unit, cooked (yield from 1 lb raw meat)=231
172538	Lamb, variety meats and by-products, pancreas, raw	152	14.84	0		9.82	0	oz=28.4|oz=28.2
174365	Lamb, variety meats and by-products, spleen, cooked, braised	156	26.46	0		4.77	0	oz=28.3|unit, cooked (yield from 1 lb raw meat)=295
174364	Lamb, variety meats and by-products, spleen, raw	101	17.2	0		3.1	0	oz=28.4|oz=28.2
174367	Lamb, variety meats and by-products, tongue, cooked, braised	275	21.57	0		20.28	0	oz=28.3|unit, cooked (yield from 1 lb raw meat)=255
174366	Lamb, variety meats and by-products, tongue, raw	222	15.7	0		17.17	0	oz=28.4|oz=28.2
168534	Lambsquarters, cooked, boiled, drained, with salt	32	3.2	5	0.62	0.7	2.1	cup, chopped=180
169245	Lambsquarters, cooked, boiled, drained, without salt	32	3.2	5	0.62	0.7	2.1	cup, chopped=180
169244	Lambsquarters, raw	43	4.2	7.3		0.8	4	
168995	Lambsquarters, raw (Northern Plains Indians)	47	4.21	6.96		0.28	6.3	leaf=0.9
169815	Lambsquarters, steamed (Northern Plains Indians)	48	4.06	7.47		0.16	5.2	cup=65
171401	Lard	902	0	0	0	100	0	tbsp=12.8|cup=205
173334	Lasagna with meat & sauce, frozen entree	124	6.63	14.39	2.96	4.42	1.4	piece side=134|piece corner=115|piece center=278
172101	Lasagna with meat & sauce, low-fat, frozen entree	101	6.81	13.5		2.23	1.3	package=309|oz=28.4
172114	Lasagna with meat sauce, frozen, prepared	135	7.28	15.36	3.11	4.92	1.7	piece side=123|piece corner=114|piece center=255
173333	Lasagna, cheese, frozen, prepared	130	6.54	13.84	4.23	5.33	1.7	cup 1 serving=225
168960	Lasagna, cheese, frozen, unprepared	145	5.06	21.61	3.8	4.22	1.7	cup 1 serving=237
172106	Lasagna, Vegetable, frozen, baked	139	6.87	14.18	2.54	6.04	1.9	serving=227|cup=226|oz=28.4
172108	LEAN POCKETS, Ham N Cheddar	230	10.28	32.52	7.6	6.53	1.7	hot pocket (1 NLEA serving)=127|each (analytical measurement)=129
172109	Lean Pockets, Meatballs & Mozzarella	240	10.49	32.28	8.81	7.7	2	each=128
172803	Leavening agents, baking powder, double-acting, sodium aluminum sulfate	53	0	27.7	0	0	0.2	tsp=4.6|tsp=4.6
172804	Leavening agents, baking powder, double-acting, straight phosphate	51	0.1	24.1	0	0	0.2	tsp=4.6|tsp=4.6
172805	Leavening agents, baking powder, low-sodium	97	0.1	46.9	0	0.4	2.2	tsp=5|tsp=5
175040	Leavening agents, baking soda	0	0	0	0	0	0	tsp=4.6|tsp=4.6
175041	Leavening agents, cream of tartar	258	0	61.5	0	0	0.2	tsp=3|tsp=3
175043	Leavening agents, yeast, baker's, active dry	325	40.44	41.22	0	7.61	26.9	tsp=4|tbsp=12|packet=7.2
175042	Leavening agents, yeast, baker's, compressed	105	8.4	18.1	0	1.9	8.1	cake (0.6 oz)=17
173868	Lebanon bologna, beef	172	19.03	0.44	0	10.44	0	serving 2 slices=57|oz=28.4|oz=28.5
168535	Leeks, (bulb and lower leaf-portion), cooked, boiled, drained, with salt	31	0.81	7.62	2.11	0.2	1	leek=124|cup, chopped=104
168426	Leeks, (bulb and lower leaf-portion), cooked, boiled, drained, without salt	31	0.81	7.62	2.11	0.2	1	leek=124|cup, chopped or diced=104
169246	Leeks, (bulb and lower leaf-portion), raw	61	1.5	14.15	3.9	0.3	1.8	cup=89|leek=89|slice=6
170485	Leeks, (bulb and lower-leaf portion), freeze-dried	321	15.2	74.65		2.1	10.4	tbsp=0.2|cup=3.2
168573	Lemon grass (citronella), raw	99	1.82	25.31		0.49		cup=67|tbsp=4.8
167801	Lemon juice from concentrate, bottled, CONCORD	24	0.4	5.37	1.42	0.07		tbsp=15|tsp=5.2
167802	Lemon juice from concentrate, bottled, REAL LEMON	17	0.47	5.66	1.59	0.07	0.7	tbsp=15|tsp=5
167748	Lemon juice from concentrate, canned or bottled	17	0.45	5.62	1.53	0.07	0.7	tbsp=15|tsp=5|fl oz=30.5|cup=244
167747	Lemon juice, raw	22	0.35	6.9	2.52	0.24	0.3	cup=244|fl oz=30.5|lemon yields=48|wedge yields=5.9
167749	Lemon peel, raw	47	1.5	16	4.17	0.3	10.6	tbsp=6|tsp=2
173666	Lemonade, frozen concentrate, pink	192	0.22	48.86	46.46	0.69	0.3	fl oz=36.4|can (12 fl oz)=437|can (6 fl oz)=218
173216	Lemonade, frozen concentrate, white	196	0.22	49.89	44.46	0.7	0.3	fl oz=36.5|can (12 fl oz)=438|can (6 fl oz)=219
173217	Lemonade, frozen concentrate, white, prepared with water	40	0.07	10.42	9.98	0.04	0	fl oz=30.9|cup 8 fl oz=247
174859	Lemonade, powder, prepared with water	14	0	3.59	3.5	0.04	0	fl oz=33|cup 8 fl oz=264
167746	Lemons, raw, without peel	29	1.1	9.32	2.5	0.3	2.8	cup, sections=212|fruit (2-1/8" dia)=58|fruit (2-3/8" dia)=84|wedge or slice (1/8 of one 2-1/8" dia lemon)=7|NLEA serving=58
175254	Lentils, mature seeds, cooked, boiled, with salt	114	9.02	19.54	1.8	0.38	7.9	cup=198
172421	Lentils, mature seeds, cooked, boiled, without salt	116	9.02	20.13	1.8	0.38	7.9	cup=198|tbsp=12.3
174284	Lentils, pink or red, raw	358	23.91	63.1		2.17	10.8	cup=192
172420	Lentils, raw	352	24.63	63.35	2.03	1.06	10.7	cup=192|tablespoon=12
168551	Lentils, sprouted, cooked, stir-fried, with salt	101	8.8	21.25		0.45		
168428	Lentils, sprouted, cooked, stir-fried, without salt	101	8.8	21.25		0.45		
168427	Lentils, sprouted, raw	106	8.96	22.14		0.55		cup=77
168429	Lettuce, butterhead (includes boston and bibb types), raw	13	1.35	2.23	0.94	0.22	1.1	cup, shredded or chopped=55|head (5" dia)=163|leaf, large=15|leaf, medium=7.5|leaf=5
169247	Lettuce, cos or romaine, raw	17	1.23	3.29	1.19	0.3	2.1	cup shredded=47|leaf inner=6|leaf outer=28|head=626|NLEA serving=85
169249	Lettuce, green leaf, raw	15	1.36	2.87	0.78	0.15	1.3	cup shredded=36|head=360|leaf inner=4.8|leaf outer=24
169248	Lettuce, iceberg (includes crisphead types), raw	14	0.9	2.97	1.97	0.14	1.2	cup shredded=72|cup, chopped (1/2" pieces, loosely packed)=57|head, large=755|head, medium (6" dia)=539|head, small=324|leaf, large=15|leaf, medium=8|leaf, small=5|NLEA Serving=89
168431	Lettuce, red leaf, raw	13	1.33	2.26	0.48	0.22	0.9	cup shredded=28|leaf inner=2.6|leaf outer=17|head=309|NLEA serving=85
171307	Light ice cream, Creamsicle	165	1.54	32.75	18.46	3.08	0	
172085	Light Ice Cream, soft serve, blended with cookie pieces	169	3.97	25.55	21.19	5.66	0.1	fl oz cup=28.1
173324	Light Ice Cream, soft serve, blended with milk chocolate candies	182	4.02	26.82	24.37	6.46	0.2	fl oz cup=29
169317	Lima beans, immature seeds, canned, no salt added, solids and liquids	71	4.07	13.33	0.93	0.29	3.6	cup=248|can (303 x 406)=454
169136	Lima beans, immature seeds, canned, regular pack, solids and liquids	71	4.07	13.33		0.29	3.6	cup=248|can (303 x 406)=454
169316	Lima beans, immature seeds, cooked, boiled, drained, with salt	123	6.81	23.64	1.63	0.32	5.3	cup=170
169135	Lima beans, immature seeds, cooked, boiled, drained, without salt	123	6.81	23.64	1.63	0.32	5.4	cup=170
169318	Lima beans, immature seeds, frozen, baby, cooked, boiled, drained, with salt	105	6.65	19.45	1.37	0.3	4.8	cup=180|package (10 oz) yields=311
169956	Lima beans, immature seeds, frozen, baby, cooked, boiled, drained, without salt	105	6.65	19.45	1.37	0.3	4.8	cup=180|package (10 oz) yields=311
169955	Lima beans, immature seeds, frozen, baby, unprepared	132	7.59	25.14		0.44	6	cup=164|package (10 oz)=284
168498	Lima beans, immature seeds, frozen, fordhook, cooked, boiled, drained, with salt	103	6.07	19.32	1.34	0.34	5.3	cup=170|package (10 oz) yields=311
169954	Lima beans, immature seeds, frozen, fordhook, cooked, boiled, drained, without salt	103	6.07	19.32	1.34	0.34	5.3	cup=170|package (10 oz) yields=311
169953	Lima beans, immature seeds, frozen, fordhook, unprepared	106	6.4	19.83	1.39	0.35	5.5	cup=160|package (10 oz)=284
168396	Lima beans, immature seeds, raw	113	6.84	20.17	1.48	0.86	4.9	cup=156
174254	Lima beans, large, mature seeds, canned	79	4.93	14.91		0.17	4.8	cup=241
173802	Lima beans, large, mature seeds, cooked, boiled, with salt	115	7.8	20.88	2.9	0.38	7	cup=188
174253	Lima beans, large, mature seeds, cooked, boiled, without salt	115	7.8	20.88	2.9	0.38	7	cup=188|tbsp=11.7
174252	Lima beans, large, mature seeds, raw	338	21.46	63.38	8.5	0.69	19	cup=178|tbsp=11.1
173803	Lima beans, thin seeded (baby), mature seeds, cooked, boiled, with salt	126	8.04	23.31		0.38	7.7	cup=182
172422	Lima beans, thin seeded (baby), mature seeds, cooked, boiled, without salt	126	8.04	23.31		0.38	7.7	cup=182
174255	Lima beans, thin seeded (baby), mature seeds, raw	335	20.62	62.83	8.32	0.93	20.6	cup=202
168157	Lime juice, canned or bottled, unsweetened	21	0.25	6.69	1.37	0.23	0.4	cup=246|fl oz=30.8
168156	Lime juice, raw	25	0.42	8.42	1.69	0.07	0.4	cup=242|fl oz=30.8|lime yields=44
174862	Limeade, frozen concentrate, prepared with water	52	0	13.79	13.27	0	0	fl oz=30.9|cup 8 fl oz=247
168155	Limes, raw	30	0.7	10.54	1.69	0.2	2.8	fruit (2" dia)=67|NLEA serving=67
169087	Litchis, dried	277	3.8	70.7	66.1	1.2	4.6	fruit=2.5
169086	Litchis, raw	66	0.83	16.53	15.23	0.44	1.3	cup=190|fruit without refuse=9.6
172050	LITTLE CAESARS 14" Cheese Pizza, Large Deep Dish Crust	263	12.63	30.1	3.66	10.22	1.3	slice=102|pie=919
173289	LITTLE CAESARS 14" Cheese Pizza, Thin Crust	309	16.23	22.85	2.76	16.99	1.6	slice=48|pie=562|pie=724
172047	LITTLE CAESARS 14" Original Round Cheese Pizza, Regular Crust	265	13.39	31.5	4.02	9.54	1.7	slice=89|pie=758
172049	LITTLE CAESARS 14" Original Round Meat and Vegetable Pizza, Regular Crust	243	12.12	23.1	3.74	11.35	2.1	slice=115|pie=1043
172048	LITTLE CAESARS 14" Original Round Pepperoni Pizza, Regular Crust	273	13.59	31.01	3.76	10.5	1.7	slice=90|pie=852
173288	LITTLE CAESARS 14" Pepperoni Pizza, Large Deep Dish Crust	265	12.93	29.03	3.39	10.81	1.5	slice=104|pie=938
173869	Liver cheese, pork	304	15.2	2.1		25.6	0	oz=28.4|slice=38
173870	Liver sausage, liverwurst, pork	326	14.1	2.2		28.5	0	slice (2-1/2" dia x 1/4" thick)=18|oz=28.4
174596	Liverwurst spread	305	12.38	5.89	1.65	25.45	2.5	cup=220
169088	Loganberries, frozen	55	1.52	13.02	7.7	0.31	5.3	cup, unthawed=147
169907	Longans, dried	286	4.9	74		0.4		fruit=1.7
169089	Longans, raw	60	1.31	15.14		0.1	1.1	fruit without refuse=3.2
169908	Loquats, raw	47	0.43	12.14		0.2	1.7	cup, cubed=149|large=20|medium=16|small=13.6
168536	Lotus root, cooked, boiled, drained, with salt	66	1.58	16.02		0.07	3.1	cup=120|slices (2-1/2" dia)=8.9
168430	Lotus root, cooked, boiled, drained, without salt	66	1.58	16.02	0.5	0.07	3.1	cup=120|slices (2-1/2" dia)=8.9
169250	Lotus root, raw	74	2.6	17.23		0.1	4.9	slices (2-1/2" dia)=8.1|root (9-1/2" long)=115
174594	Luncheon meat, pork and chicken, minced, canned, includes Spam Lite	196	15.23	1.35	1.26	13.9	0	oz (1 serving)=28
172951	Luncheon meat, pork with ham, minced, canned, includes Spam (Hormel)	315	13.4	4.6	0	26.6	0	oz 1 NLEA serving=28
174571	Luncheon meat, pork, canned	334	12.5	2.1	0	30.3	0	oz=28.4|slice (4-1/4" x 4-1/4" x 1/16")=21
172950	Luncheon meat, pork, ham, and chicken, minced, canned, reduced sodium, added ascorbic acid, includes SPAM, 25% less sodium	293	12.5	3.4	0	25.1	0	oz 1 NLEA serving=28
174587	Luncheon sausage, pork and beef	260	15.38	1.58		20.9	0	slice (4" dia x 1/8" thick)=23|oz=28.4
169066	Luncheon slices, meatless	189	17.78	4.44	2.22	11.11	1.1	slice, thin=14
173804	Lupins, mature seeds, cooked, boiled, with salt	116	15.57	9.29		2.92	2.8	cup=166
172424	Lupins, mature seeds, cooked, boiled, without salt	119	15.57	9.88		2.92	2.8	cup=166
172423	Lupins, mature seeds, raw	371	36.17	40.37		9.74	18.9	cup=180
172931	Luxury loaf, pork	141	18.4	4.9		4.8	0	slice (1 oz) (4" x 4" x 3/32" thick)=28|slices=28.5
173340	Macaroni and cheese dinner with dry sauce mix, boxed, uncooked	379	13.86	70.12	9.61	4.82	3.2	serving (makes about 1 cup prepared)=70
172965	Macaroni and cheese loaf, chicken, pork and beef	228	11.76	11.63	0	14.96	0	slice=38
169770	Macaroni and cheese, box mix with cheese sauce, prepared	164	6.68	23.1	1.57	4.99	1.2	cup prepared=189
169769	Macaroni and cheese, box mix with cheese sauce, unprepared	334	12.73	46.66	6.43	10.67	1.8	serving (3.5 oz)=25|serving (4 oz)=37
173325	Macaroni and Cheese, canned entree	82	3.38	11.52	0.5	2.46	0.5	serving=244
173337	Macaroni and Cheese, canned, microwavable	134	5.98	13.96	1.41	5.99	0.4	oz 1 serving=28.4
173341	Macaroni and cheese, dry mix, prepared with 2% milk and 80% stick margarine from dry mix	190	4.89	23.93	4.27	8.28	1.2	cup=198
173342	Macaroni and cheese, frozen entree	149	5.6	17.28	1.53	6.41	1.1	cup=137|container (mean weight over brands)=283
169774	Macaroni or noodles with cheese, made from reduced fat packaged mix, unprepared	297	13.1	52.06	5.04	4.03	2	serving (3.5 oz)=99
169776	Macaroni or noodles with cheese, microwaveable, unprepared	388	11.48	70.75	8.2	6.56	1.6	serving 1 pouch=61
168904	Macaroni, vegetable, enriched, cooked	128	4.53	26.61	1.15	0.11	4.3	cup spiral shaped=134
168903	Macaroni, vegetable, enriched, dry	367	13.14	74.88		1.04	4.3	cup spiral shaped=84|oz=28.5
169400	Malabar spinach, cooked	23	2.98	2.71		0.78	2.1	cup=44|bunch=17
174863	Malt beverage, includes non-alcoholic beer	37	0.21	8.05	8.05	0.12	0	fl oz=29.6|cup=237
169909	Mammy-apple, (mamey), raw	51	0.5	12.5		0.5	3	fruit without refuse=846
167785	Mango nectar, canned	51	0.11	13.12	12.45	0.06	0.3	cup=251
169091	Mango, dried, sweetened	319	2.45	78.58	66.27	1.18	2.4	
169910	Mangos, raw	60	0.82	14.98	13.66	0.38	1.6	cup pieces=165|fruit without refuse=336
169090	Mangosteen, canned, syrup pack	73	0.41	17.91		0.58	1.8	cup, drained=196|cup=216
167766	Maraschino cherries, canned, drained	165	0.22	41.97	38.77	0.21	3.2	cherry (NLEA serving)=5
173589	Margarine Spread, 40-49% fat, tub	401	0.27	0		44.46	0	
173587	Margarine, 80% fat, stick, includes regular and hydrogenated corn and soybean oils	717	0.16	0.7		80.71	0	tbsp=14
171432	Margarine, 80% fat, tub, CANOLA HARVEST Soft Spread (canola, palm and palm kernel oils)	730	0.41	1.39		80.32		tablespoon (1 NLEA serving)=14
173605	Margarine, industrial, non-dairy, cottonseed, soy oil (partially hydrogenated ), for flaky pastries	714	1.9	0	0	80.2	0	tbsp=14
172369	Margarine, industrial, soy and partially hydrogenated soy oil, use for baking, sauces and candy	714	0.18	0.71	0	80	0	tbsp=14|cup=227|tsp=4.7
171431	Margarine, margarine-like vegetable oil spread, 67-70% fat, tub	606	0.07	0.59		68.29		tbsp (1 NLEA serving)=14
173588	Margarine, margarine-type vegetable oil spread, 70% fat, soybean and partially hydrogenated soybean, stick	628	0.26	1.53		70.22		tbsp (1 NLEA serving)=14
172346	Margarine, regular, 80% fat, composite, stick, with salt	717	0.16	0.7	0	80.71	0	tbsp=14|cup=227|tsp=4.7|pat (1" sq, 1/3" high)=5|stick=113
171435	Margarine, regular, 80% fat, composite, stick, with salt, with added vitamin D	717	0.16	0.7	0	80.71	0	tablespoon=14|cup=227|teaspoon=4
173585	Margarine, regular, 80% fat, composite, stick, without salt	717	0.16	0.7	0	80.71	0	tbsp=14.2|cup=227|pat (1" sq, 1/3" high)=5|stick=113
171040	Margarine, regular, 80% fat, composite, stick, without salt, with added vitamin D	717	0.16	0.7	0	80.71	0	tbsp=14|cup=229|teaspoon=4.8
172347	Margarine, regular, 80% fat, composite, tub, with salt	713	0.22	0.75	0	80.17	0	tbsp=14.2|cup=227
171436	Margarine, regular, 80% fat, composite, tub, with salt, with added vitamin D	713	0.22	0.75	0	80.17	0	tbsp=14
172349	Margarine, regular, 80% fat, composite, tub, without salt	713	0.22	0.75	0	80.17	0	tbsp=14.2|cup=227
171018	Margarine, regular, hard, soybean (hydrogenated)	719	0.9	0.9	0	80.5	0	tsp=4.7|stick=113
171415	Margarine,spread, 35-39% fat, tub	349	0.23	1.52	0	37.98	0	cup=232|tsp=4.8
173599	Margarine-like shortening, industrial, soy (partially hydrogenated), cottonseed, and soy, principal use flaky pastries	628	0	0	0	71	0	tbsp=14
172352	Margarine-like spread with yogurt, 70% fat, stick, with salt	630	0.3	0.5	0	70	0	tablespoon=14
173586	Margarine-like spread with yogurt, approximately 40% fat, tub, with salt	330	2	2	0	35	0	tablespoon=14
171035	Margarine-like spread, BENECOL Light Spread	357	0	5.71		38.71		tablespoon (1 NLEA serving)=14
172372	Margarine-like spread, SMART BALANCE Light Buttery Spread	337	0.02	1.98		36.41		tbsp=14
173610	Margarine-like spread, SMART BALANCE Omega Plus Spread (with plant sterols & fish oil)	605	0.13	0.16	0	70.95	0	tablespoon=14
172371	Margarine-like spread, SMART BALANCE Regular Buttery Spread with flax oil	583	0.14	0.14	0	64.63	0	tablespoon=14
173609	Margarine-like spread, SMART BEAT Smart Squeeze	47	0	7.1	1	2.1	0	tablespoon=14
173608	Margarine-like spread, SMART BEAT Super Light without saturated fat	158	0	0	0	17.1	0	tablespoon=14
171039	Margarine-like vegetable-oil spread, stick/tub/bottle, 60% fat, with added vitamin D	535	0.6	0	0	59.17	0	tbsp=14|cup=229|teaspoon=4.8
169052	Margarine-like, butter-margarine blend, 80% fat, stick, without salt	718	0.9	0.6	0	80.7	0	tablespoon=14
172339	Margarine-like, margarine-butter blend, soybean oil and butter	727	0.31	0.77	0	80.32	0	tbsp=14.1|cup=227|tsp=4.7|stick=111
172354	Margarine-like, vegetable oil spread, 20% fat, with salt	175	0	0.4	0	19.5	0	tbsp=15|cup=240
172355	Margarine-like, vegetable oil spread, 20% fat, without salt	175	0	0.4	0	19.5	0	tbsp=12.8|cup=205
172348	Margarine-like, vegetable oil spread, 60% fat, stick, with salt	537	0.12	0.69	0	60.39	0	tbsp=14.3|cup=229|tsp=4.8
171437	Margarine-like, vegetable oil spread, 60% fat, stick, with salt, with added vitamin D	537	0.12	0.69	0	60.39	0	tbsp=14
173583	Margarine-like, vegetable oil spread, 60% fat, stick/tub/bottle, with salt	526	0.6	0	0	59.17	0	tbsp=14.3|cup=229|tsp=4.8
172350	Margarine-like, vegetable oil spread, 60% fat, stick/tub/bottle, without salt	533	0.17	0.86	0	59.81	0	tbsp=14
171041	Margarine-like, vegetable oil spread, 60% fat, stick/tub/bottle, without salt, with added vitamin D	542	0.17	0.86	0	59.81	0	tbsp=14
173582	Margarine-like, vegetable oil spread, 60% fat, tub, with salt	533	0.17	0.86	0	59.81	0	tbsp=14|cup=229|tsp=4.8
171038	Margarine-like, vegetable oil spread, 60% fat, tub, with salt, with added vitamin D	533	0.17	0.86	0	59.81	0	tbsp=14|cup=229|teaspoon=4.8
171434	Margarine-like, vegetable oil spread, approximately 37% fat, unspecified oils, with salt, with added vitamin D	339	0.51	0.66	0	37.77	0	tbsp=14.9
172351	Margarine-like, vegetable oil spread, fat free, liquid, with salt	43	1.5	2.5	0	3	0	tbsp=15
172353	Margarine-like, vegetable oil spread, fat-free, tub	44	0.1	4.34	0	3.04	0	tbsp=14.6|cup=233
169860	Margarine-like, vegetable oil spread, stick or tub, sweetened	534	0	16.7	16.7	52	0	tablespoon=14
169053	Margarine-like, vegetable oil-butter spread, reduced calorie, tub, with salt	450	1	1	0	50	0	tablespoon=14
173580	Margarine-like, vegetable oil-butter spread, tub, with salt	362	1	1	0	40	0	tablespoon=14
168819	Marmalade, orange	246	0.3	66.3	60	0	0.7	tbsp=20|package (0.5 oz)=14|serving=20|cup=320
175081	Martha White Foods, Martha White's Buttermilk Biscuit Mix, dry	388	7.81	59.41	4.46	13.23	1.5	serving=41
175080	Martha White Foods, Martha White's Chewy Fudge Brownie Mix, dry	407	4.42	83.58	54.76	6.16	2.9	serving=28
168004	Mary's Gone Crackers, Original Crackers, Organic Gluten Free	446	12.06	64.29	1	15.63	16.2	crackers=2.5
167608	Mashu roots, raw (Alaska Native)	135	5.8	22.6		2.4		
167736	Mayonnaise dressing, no cholesterol	688	0	0.3	0.3	77.8	0	tbsp=15|cup=239
168115	Mayonnaise, low sodium, low calorie or diet	231	0.3	16	4.2	19.2	0	tbsp=14|cup=224
167695	Mayonnaise, made with tofu	322	5.95	3.06	0.85	31.79	1.1	tbsp=15|cup=240
171443	Mayonnaise, reduced fat, with olive oil	361	0.37	0	0	40	0	tbsp=15|cup=232
168094	Mayonnaise, reduced-calorie or diet, cholesterol-free	333	0.9	6.7	4.2	33.3	0	tbsp=14.6|cup=231
172072	McDONALD'S Bacon Ranch Salad with Crispy Chicken	122	8.82	6.08	1.53	6.3	1	item 11.3 oz=319
172069	McDONALD'S, Bacon Egg & Cheese Biscuit	304	13.45	22.26	2.18	18.77	0.9	item 4.9 oz=142
173312	McDONALD'S, Bacon Ranch Salad with Grilled Chicken	81	10.28	3.64	1.73	3.14	1	item 10.8 oz=305
172073	McDONALD'S, Bacon Ranch Salad without chicken	61	4.14	4.2	2.14	3.64	1.5	item 7.8 oz=223
173300	McDONALD'S, Bacon, Egg & Cheese McGRIDDLES	272	12.03	26.19	9.56	13.19	0.8	item 5.8 oz=165
172064	McDONALD'S, BIG BREAKFAST	285	10.16	17.5	0.93	19.37	1.1	item 9.5 oz=269
170720	McDONALD'S, BIG MAC	257	11.82	20.08	3.97	14.96	1.6	item 7.6 oz=219
172067	McDONALD'S, BIG MAC (without Big Mac Sauce)	234	12.79	21.01	3.7	11.57	1.7	item=200
170320	McDONALD'S, Cheeseburger	263	12.97	27.81	6.22	11.79	1.1	item 4 oz=119
173297	McDONALD'S, Chicken McNUGGETS	302	15.79	15.09	0.08	19.81		pieces=16|pieces=15.8|pieces=15.9
173309	McDONALD'S, Deluxe Breakfast, with syrup and margarine	285	7.56	29.48	9.88	15.23	1	item 14.8 oz=420
172065	McDONALD'S, Double Cheeseburger	282	15.5	18.79	4.23	16.09	0.8	sandwich=155
172066	McDONALD'S, DOUBLE QUARTER POUNDER with Cheese	262	16.96	14.43	3.49	16.22	1	item=280
173307	McDONALD'S, Egg McMUFFIN	228	13.64	21.67	2.13	9.66	1.1	sandwich=126
170319	McDONALD'S, FILET-O-FISH	282	11.26	26.39	3.67	14.64	1.4	sandwich=134
173314	McDONALD'S, FILET-O-FISH (without tartar sauce)	243	12.47	31.08	4.27	7.62	1	item=124
170721	McDONALD'S, french fries	323	3.41	42.58	0.21	15.47	3.9	small serving=71|medium serving=117|large serving=154|kids serving=31
172075	McDONALD'S, Fruit 'n Yogurt Parfait	105	2.73	20.72	12.83	1.3	1	item 5.2 oz=149
173313	McDONALD'S, Fruit 'n Yogurt Parfait (without granola)	90	2.47	17.67	11.9	1.13	0.9	item=142
170717	McDONALD'S, Hamburger	264	12.92	30.28	6.03	10.09	1.3	sandwich=95
173298	McDONALD'S, Hash Brown	271	2.48	28.56	0.54	16.3	2.8	serving 1 patty=53
173301	McDONALD'S, Hot Caramel Sundae	188	3.58	33.36	23.54	4.89	0	item (6.4 oz)=182
173302	McDONALD'S, Hot Fudge Sundae	186	4.14	30.05	26.89	5.91	0.4	item (6.3 oz)=179
173299	McDONALD'S, Hotcakes (plain)	228	6	38.27	8.84	5.84	1.4	hotcakes 5.3 oz=49.7
173311	McDONALD'S, Hotcakes (with 2 pats margarine & syrup)	272	4.05	46.08	20.58	8.06	0.9	item=221
173310	McDONALD'S, Hotcakes and Sausage	294	7.81	37.55	7.29	12.5	1.6	item=192
173305	McDONALD'S, McCHICKEN Sandwich	273	10.43	27.97	3.57	13.21	1.3	sandwich=131
173306	McDONALD'S, McCHICKEN Sandwich (without mayonnaise)	240	11.08	30.95	4.16	8.46	1.4	item=138
173303	McDONALD'S, McFLURRY with M&M'S CANDIES	177	4.02	26.82	24.37	6.46	0.2	regular (12 fl oz)=348|large (16 fl oz)=504
173304	McDONALD'S, McFLURRY with OREO cookies	165	3.97	25.55	21.19	5.66	0.1	regular (12 fl oz)=337|large (16 fl oz)=487
170321	McDONALD'S, QUARTER POUNDER	244	14.1	22.17	5.13	11.55	1.6	item=171
170719	McDONALD'S, QUARTER POUNDER with Cheese	258	14.59	19.95	4.91	14.22	1.4	item 7.1 oz=199
170777	McDONALD'S, RANCH SNACK WRAP, Crispy	275	11.48	23.22	2.48	15.1	1.3	wrap=133
170778	McDONALD'S, RANCH SNACK WRAP, Grilled	222	13.77	18.43	1.53	10.31	0.9	wrap=123
172070	McDONALD'S, Sausage Biscuit	376	9.62	27.2	1.97	25.4	1.2	item 4.1 oz=117
172071	McDONALD'S, Sausage Biscuit with Egg	311	11.27	19.28	1.43	22.26	0.8	item 5.7 oz=163
172063	McDONALD'S, Sausage Burrito	277	11.1	22.97	2.57	15.63	1.2	burrito=109
172059	McDONALD'S, Sausage McGRIDDLES	312	8.41	31.25	11.23	17.76	1	item=135
173308	McDONALD'S, Sausage McMUFFIN	333	12.66	24.52	1.93	21.06	1.4	item 4 oz=115
172068	McDONALD'S, Sausage McMUFFIN with Egg	274	12.59	17.28	1.57	17.83	0.9	item 5.8 oz=165
172060	McDONALD'S, Sausage, Egg & Cheese McGRIDDLES	283	10.77	22.04	7.9	17.73	0.6	item 7 oz=199
172074	McDONALD'S, Side Salad	20	1.03	4.3	2.24	0.19	1.6	item 3.1 oz=87
170776	McDONALD'S, Southern Style Chicken Biscuit	304	11.93	30.56	2.62	14.93	1.4	biscuit regular size biscuit=132
172062	McDONALD'S, Strawberry Sundae	158	3.19	28.09	25.32	3.95	0	item (6.3 oz)=178
172061	McDONALD'S, Vanilla Reduced Fat Ice Cream Cone	162	4.24	26.36	19.49	4.86	0.1	item (3.2 oz)=90
173257	Mckee Baking, Little Debbie Nutty Bars, Wafers with Peanut Butter, Chocolate Covered	548	8	55.2	34	32.8		serving=57
174268	Meat extender	311	41.71	34.71		2.97	17.5	cup=88|oz=28.4
171638	Meatballs, frozen, Italian style	286	14.4	8.06	3.47	22.21	2.3	oz=28.3|pieces=18.7
169067	Meatballs, meatless	197	21	8	1.25	9	4.6	cup=144
169912	Melon balls, frozen	33	0.84	7.94		0.25	0.7	cup, unthawed=173
167629	Melon, banana (Navajo)	21	0.84	4.06	3.36	0.2	0.3	
169092	Melons, cantaloupe, raw	34	0.84	8.16	7.86	0.19	0.9	cup, balls=177|cup, cubes=160|cup, diced=156|melon, large (about 6-1/2" dia)=814|wedge, large (1/8 of large melon)=102|melon, medium (about 5" dia)=552|wedge, medium (1/8 of medium melon)=69|melon, small (about 4-1/4" dia)=441|wedge, small (1/8 of small melon)=55|cantaloupe balls=13.8|NLEA serving=134
169093	Melons, casaba, raw	28	1.11	6.58	5.69	0.1	0.9	cup, cubes=170|melon=1640|fruit=1640
169911	Melons, honeydew, raw	36	0.54	9.09	8.12	0.14	0.8	cup, diced (approx 20 pieces per cup)=170|cup, balls=177|melon (5-1/4" dia)=1000|melon (6" - 7" dia)=1280|wedge (1/8 of 5-1/4" dia melon)=125|wedge (1/8 of 6" to 7" dia melon)=160|honeydew balls=13.8|NLEA serving=134
174650	Milk and cereal bar	413	6.47	72.05	45.97	10.98	0.4	bar=25
170890	Milk dessert bar, frozen, made from lowfat milk	147	4.41	32	22.06	1.47	6.6	bar=68
167686	Milk dessert, frozen, milk-fat free, chocolate	167	4.3	37.7	37.7	1	0	cup=137
170883	Milk shakes, thick chocolate	119	3.05	21.15	20.85	2.7	0.3	fl oz=28.4|container (10.6 oz)=300
170884	Milk shakes, thick vanilla	112	3.86	17.75	17.75	3.03	0	fl oz=28.4|container (11 oz)=313
171264	Milk substitutes, fluid, with lauric acid oil	61	1.75	6.16		3.41	0	cup=244|quart=976
171274	Milk, buttermilk, dried	387	34.3	49	49	5.78	0	cup=120|cup=120|tbsp=6.5
170874	Milk, buttermilk, fluid, cultured, lowfat	40	3.31	4.79	5.36	1.07	0	cup=245|fl oz=30.6|quart=980
167697	Milk, buttermilk, fluid, cultured, reduced fat	56	4.1	5.3	5.3	2	0	cup=245|fl oz=30.6
172225	Milk, buttermilk, fluid, whole	62	3.21	4.88	4.88	3.31	0	cup=245
171275	Milk, canned, condensed, sweetened	321	7.91	54.4	54.4	8.7	0	fl oz=38.2|cup=306
170878	Milk, canned, evaporated, nonfat, with added vitamin A and vitamin D	78	7.55	11.35	11.35	0.2	0	fl oz=31.9|cup=256|cup=256
172194	Milk, canned, evaporated, with added vitamin A	134	6.81	10.04		7.56	0	fl oz=31.5|cup=252
171276	Milk, canned, evaporated, with added vitamin D and without added vitamin A	134	6.81	10.04	10.04	7.56	0	fl oz=31.5|cup=252|can (13 oz)=369|cup=252
171277	Milk, chocolate beverage, hot cocoa, homemade	77	3.52	10.74	9.66	2.34	1	cup=250|fl oz=31.2
171303	Milk, chocolate, fat free, with added vitamin A and vitamin D	67	3.39	13.46	8.39	0	0	cup=250|fl oz=31.2|quart=1000
173450	Milk, chocolate, fluid, commercial, reduced fat, with added calcium	78	2.99	12.13	9.55	1.9	0.7	cup=250|fl oz=31.2|quart=1000
170880	Milk, chocolate, fluid, commercial, reduced fat, with added vitamin A and vitamin D	76	2.99	12.13	9.55	1.9	0.7	cup=250|fl oz=31.2|quart=1000
170879	Milk, chocolate, fluid, commercial, whole, with added vitamin A and vitamin D	83	3.17	10.34	9.54	3.39	0.8	cup=250|fl oz=31.2|quart=1000
170910	Milk, chocolate, lowfat, reduced sugar	57	3.43	7.68	7.29	1.04	0	
170881	Milk, chocolate, lowfat, with added vitamin A and vitamin D	64	3.46	10.15	9.94	1.11	0.1	cup=250|quart=1000
171273	Milk, dry, nonfat, calcium reduced	354	35.5	51.8		0.2	0	oz=28.4|lb=452
171272	Milk, dry, nonfat, instant, with added vitamin A and vitamin D	358	35.1	52.19	52.19	0.72	0	cup=68|envelope (1-1/3 cup)=91|cup (makes 1 cup reconstituted milk)=69.7
172196	Milk, dry, nonfat, instant, without added vitamin A and vitamin D	358	35.1	52.19	52.19	0.72	0	cup=68|envelope (1-1/3 cup)=91
172195	Milk, dry, nonfat, regular, with added vitamin A and vitamin D	362	36.16	51.98	51.98	0.77	0	cup=120|cup=120
170877	Milk, dry, nonfat, regular, without added vitamin A and vitamin D	362	36.16	51.98	51.98	0.77	0	cup=120|cup=120|tbsp=4.6
170876	Milk, dry, whole, with added vitamin D	496	26.32	38.42	38.42	26.71	0	cup=128|cup=128
173454	Milk, dry, whole, without added vitamin D	496	26.32	38.42	38.42	26.71	0	cup=128|cup=128
171302	Milk, evaporated, 2% fat, with added vitamin A and vitamin D	107	6.67	15.74	6.67	2	0	cup=252|fl oz=31.5|can (13 oz)=369|cup=252
170861	Milk, filled, fluid, with blend of hydrogenated vegetable oils	63	3.33	4.74		3.46	0	cup=244|quart=976
170862	Milk, filled, fluid, with lauric acid oil	63	3.33	4.74	4.74	3.4	0	cup=244|fl oz=30.5|quart=976
173441	Milk, fluid, 1% fat, without added vitamin A and vitamin D	42	3.37	4.99	5.2	0.97	0	cup=244|quart=976
169868	Milk, fluid, nonfat, calcium fortified (fat free or skim)	35	3.4	4.85	4.85	0.18	0	cup=247|fl oz=30.9
171278	Milk, goat, fluid, with added vitamin D	69	3.56	4.45	4.45	4.14	0	fl oz=30.5|cup=244|quart=976
171279	Milk, human, mature, fluid	70	1.03	6.89	6.89	4.38	0	fl oz=30.8|cup=246
167730	Milk, imitation, non-soy	46	1.6	5.3	5.3	2	0	cup=244|fl oz=30.5
171280	Milk, indian buffalo, fluid	97	3.75	5.18		6.89	0	cup=244|quart=976
170875	Milk, low sodium, fluid	61	3.1	4.46	4.46	3.46	0	cup=244|fl oz=30.5|quart=976
171268	Milk, lowfat, fluid, 1% milkfat, protein fortified, with added vitamin A and vitamin D	48	3.93	5.52		1.17	0	cup=246|quart=984
170873	Milk, lowfat, fluid, 1% milkfat, with added nonfat milk solids, vitamin A and vitamin D	43	3.48	4.97		0.97	0	cup=245|quart=980
170872	Milk, lowfat, fluid, 1% milkfat, with added vitamin A and vitamin D	42	3.37	4.99	5.2	0.97	0	cup=244|fl oz=30.5|quart=976
171271	Milk, nonfat, fluid, protein fortified, with added vitamin A and vitamin D (fat free and skim)	41	3.96	5.56		0.25	0	cup=246|quart=984
171270	Milk, nonfat, fluid, with added nonfat milk solids, vitamin A and vitamin D (fat free or skim)	37	3.57	5.02	5.02	0.25	0	cup=245|fl oz=30.6|quart=980
171269	Milk, nonfat, fluid, with added vitamin A and vitamin D (fat free or skim)	34	3.37	4.96	5.09	0.08	0	cup=245|fl oz=30.6|quart=980
173432	Milk, nonfat, fluid, without added vitamin A and vitamin D (fat free or skim)	35	3.37	4.86	5.09	0.18	0	cup=245|quart=980
171266	Milk, producer, fluid, 3.7% milkfat	64	3.28	4.65		3.66	0	cup=244|quart=976
170871	Milk, reduced fat, fluid, 2% milkfat, protein fortified, with added vitamin A and vitamin D	56	3.95	5.49	5.26	1.98	0	cup=246|quart=984
170870	Milk, reduced fat, fluid, 2% milkfat, with added nonfat milk solids and vitamin A and vitamin D	51	3.48	4.97		1.92	0	cup=245|quart=980
172193	Milk, reduced fat, fluid, 2% milkfat, with added nonfat milk solids, without added vitamin A	56	3.95	5.49		1.98	0	cup=245|quart=980
171267	Milk, reduced fat, fluid, 2% milkfat, with added vitamin A and vitamin D	50	3.3	4.8	5.06	1.98	0	cup=244|fl oz=30.5|quart=976
172205	Milk, reduced fat, fluid, 2% milkfat, without added vitamin A and vitamin D	50	3.3	4.8	5.06	1.98	0	cup=246|quart=984
170882	Milk, sheep, fluid	108	5.98	5.36		7	0	cup=245|quart=980
171265	Milk, whole, 3.25% milkfat, with added vitamin D	61	3.15	4.8	5.05	3.25	0	cup=244|fl oz=30.5|tbsp=15|quart=976
172217	Milk, whole, 3.25% milkfat, without added vitamin A and vitamin D	61	3.15	4.78	5.05	3.27	0	cup=244|tbsp=15|fl oz=30.5|quart=976
172023	Millet flour	382	10.75	75.12	1.66	4.25	3.5	cup=119
168871	Millet, cooked	119	3.51	23.67	0.13	1	1.3	cup=174
167724	Millet, puffed	354	13	80	0.55	3.4	2.7	cup=21
169702	Millet, raw	378	11.02	72.85		4.22	8.5	cup=200
172442	Miso	198	12.79	25.37	6.2	6.01	5.4	tbsp=17|cup=275
175082	Mission Foods, Mission Flour Tortillas, Soft Taco, 8 inch	287	8.7	49.6		6		serving=51
168820	Molasses	290	0	74.73	74.72	0.1	0	cup=337|serving 1 tbsp=20
174213	Mollusks, abalone, mixed species, cooked, fried	189	19.63	11.05		6.78	0	oz=28.3
174212	Mollusks, abalone, mixed species, raw	105	17.1	6.01	0	0.76	0	oz=28.3
171976	Mollusks, clam, mixed species, canned, drained solids	142	24.25	5.9	0	1.59	0	oz=28.3|cup=160
171977	Mollusks, clam, mixed species, canned, liquid	2	0.4	0.1	0	0.02	0	oz=28.3|cup=240
171974	Mollusks, clam, mixed species, cooked, breaded and fried	202	14.24	10.33		11.15		oz=28.3|small=9.4
171975	Mollusks, clam, mixed species, cooked, moist heat	148	25.55	5.13		1.95	0	oz=28.3|small=9.5
174214	Mollusks, clam, mixed species, raw	86	14.67	3.57	0	0.96	0	oz=28.3|large=20|lb (with shell), yield after shell removed=68|medium=14.5|small=9|cup (with liquid and clams)=227
173720	Mollusks, conch, baked or broiled	130	26.3	1.7	0	1.2	0	cup, sliced=127|oz cooked, yield=17
172010	Mollusks, cuttlefish, mixed species, cooked, moist heat	158	32.48	1.64		1.4	0	oz=28.3
174215	Mollusks, cuttlefish, mixed species, raw	79	16.24	0.82		0.7	0	oz=28.3
174217	Mollusks, mussel, blue, cooked, moist heat	172	23.8	7.39		4.48	0	oz=28.3
174216	Mollusks, mussel, blue, raw	86	11.9	3.69	0	2.24	0	cup=150|oz=28.4|large=20|medium=16|small=10|oz=28.3
174249	Mollusks, octopus, common, cooked, moist heat	164	29.82	4.4	0	2.08	0	oz=28.3
174218	Mollusks, octopus, common, raw	82	14.91	2.2	0	1.04	0	oz=28.3
171981	Mollusks, oyster, eastern, canned	68	7.06	3.91	0	2.47	0	oz=28.3|cup, undrained=248|oz, drained=23|can (12 oz), oysters and liquid=272|oyster=8|cup, drained=162
171979	Mollusks, oyster, eastern, cooked, breaded and fried	199	8.77	11.62		12.58		oz=28.3|medium=14.7
175173	Mollusks, oyster, eastern, farmed, cooked, dry heat	79	7	7.28		2.12	0	oz=28.3|medium=9.8
175172	Mollusks, oyster, eastern, farmed, raw	59	5.22	5.53		1.55	0	oz=28.3|medium=14
175171	Mollusks, oyster, eastern, wild, cooked, dry heat	79	8.87	4.23	0.96	2.65	0	oz=28.3|medium=9.8
171980	Mollusks, oyster, eastern, wild, cooked, moist heat	102	11.42	5.45	1.23	3.42	0	oz=28.3|medium=7
171978	Mollusks, oyster, eastern, wild, raw	51	5.71	2.72	0.62	1.71	0	medium=14|cup=248
174250	Mollusks, oyster, Pacific, cooked, moist heat	163	18.9	9.9	0	4.6	0	medium=25|oz=28.3
174219	Mollusks, oyster, Pacific, raw	81	9.45	4.95		2.3	0	medium=50|oz=28.3
167742	Mollusks, scallop, (bay and sea), cooked, steamed	111	20.54	5.41	0	0.84	0	oz=28.3
174221	Mollusks, scallop, mixed species, cooked, breaded and fried	216	18.07	10.13		10.94		large=15.5
174222	Mollusks, scallop, mixed species, imitation, made from surimi	99	12.77	10.62		0.41	0	oz=28.3
174220	Mollusks, scallop, mixed species, raw	69	12.06	3.18	0	0.49	0	unit 2 large or 5 small=30|oz=28.3
167744	Mollusks, snail, raw	90	16.1	2	0	1.4	0	oz=28.3
171982	Mollusks, squid, mixed species, cooked, fried	175	17.94	7.79		7.48	0	oz=28.3
174223	Mollusks, squid, mixed species, raw	92	15.58	3.08	0	1.38	0	oz, boneless=28.4|oz=28.3
171984	Mollusks, whelk, unspecified, cooked, moist heat	275	47.68	15.52		0.8	0	oz=28.3
171983	Mollusks, whelk, unspecified, raw	137	23.84	7.76	0	0.4	0	oz=28.3
167609	Moose, liver, braised (Alaska Native)	155	24.38	3.43		4.89		
167607	Moose, meat, raw (Alaska Native)	103	22.3	0	0	1.5	0	
172462	MORI-NU, Tofu, silken, extra firm	55	7.4	2	0.99	1.9	0.1	slice=84
172461	MORI-NU, Tofu, silken, firm	62	6.9	2.4	1.27	2.7	0.1	slice=84
172464	MORI-NU, Tofu, silken, lite extra firm	38	7	1	0.42	0.7	0	slice=84
172463	MORI-NU, Tofu, silken, lite firm	37	6.3	1.1	0.45	0.8	0	slice=84
174292	MORI-NU, Tofu, silken, soft	55	4.8	2.9	1.31	2.7	0.1	slice=84
174573	Mortadella, beef, pork	311	16.37	3.05	0	25.39	0	oz=28.4|slice (15 per 8 oz package)=15
173805	Mothbeans, mature seeds, cooked, boiled, with salt	117	7.81	20.96		0.55		cup=177
172426	Mothbeans, mature seeds, cooked, boiled, without salt	117	7.81	20.96		0.55		cup=177
172425	Mothbeans, mature seeds, raw	343	22.94	61.52		1.61		cup=196
172932	Mother's loaf, pork	282	12.07	7.53		22.3	0	oz=28.4|slice (4-1/4" x 4-1/4" x 1/16")=21
168552	Mountain yam, hawaii, cooked, steamed, with salt	82	1.73	19.99		0.08		cup, cubes=145
168433	Mountain yam, hawaii, cooked, steamed, without salt	82	1.73	20		0.08		cup, cubes=145
168432	Mountain yam, hawaii, raw	67	1.34	16.3	0.31	0.1	2.5	cup, cubes=136|yam=420
168017	Mouse nuts, roots (Alaska Native)	81	3.9	16.1		0.1		
168018	Mouse nuts, seedlings (Alaska Native)	104	7.3	16.3		1.1		
167929	Muffin, blueberry, commercially prepared, low-fat	255	4.23	50.05	27.05	4.22	4.2	muffin small=71|oz=28.4
172765	Muffins, blueberry, commercially prepared (Includes mini-muffins)	375	4.49	53	31.47	16.07	1.1	oz=28.4|mini (1-1/4" dia)=17|small (2-3/4" dia x 2")=66|medium=113|large (3-1/4" dia x 2-3/4")=139|extra large=168|muffin=31
172766	Muffins, blueberry, dry mix	293	3.48	61	32.73	3.25	1.4	serving=43|package, mix + drained berries=356|oz=28.4
172768	Muffins, blueberry, prepared from recipe, made with low fat (2%) milk	285	6.5	40.7		10.8		oz=28.4|muffin=57
172767	Muffins, blueberry, toaster-type	313	4.6	53.3	4.85	9.5	1.8	oz=28.4|muffin, toaster=33
175045	Muffins, blueberry, toaster-type, toasted	333	4.9	56.7	12.95	10.1	1.9	oz=28.4|muffin, toaster=31
175002	Muffins, corn, commercially prepared	305	5.9	51	17.78	8.4	3.4	oz=28.4|mini=17|small=66|medium=113|large=139|extra large=168
175003	Muffins, corn, dry mix, prepared	321	7.4	49.1		10.2	2.4	oz=28.4
175005	Muffins, corn, prepared from recipe, made with low fat (2%) milk	316	7.1	44.2		12.3		oz=28.4|muffin (2-3/4" dia x 2")=57
175004	Muffins, corn, toaster-type	346	5.3	57.9		11.3	1.6	oz=28.4|muffin, toaster=33
174996	Muffins, English, mixed-grain (includes granola)	235	9.1	46.3	0.81	1.8	2.8	oz=28.4|muffin=66
174994	Muffins, English, plain, enriched, with ca prop (includes sourdough)	227	8.87	44.17	3.53	1.69	3.5	oz=28.4|muffin=57
174995	Muffins, English, plain, toasted, enriched, with calcium propionate (includes sourdough)	270	10.32	52.65	3.47	2.02	2.8	oz=28.4|muffin=52
174997	Muffins, English, raisin-cinnamon (includes apple-cinnamon)	240	7.91	48.1	14.76	1.8	2.6	oz=28.4|muffin=57
172760	Muffins, English, raisin-cinnamon, toasted (includes apple-cinnamon)	276	8.87	55.04	13.34	2.21	3	oz=28.4|muffin=52
172761	Muffins, English, wheat	223	8.7	44.8	1.56	2	4.6	oz=28.4|muffin=57
172762	Muffins, English, whole-wheat	203	8.8	40.4	8.09	2.1	6.7	oz=28.4|muffin=66
172769	Muffins, oat bran	270	7	48.3	8.22	7.4	4.6	oz=28.4|mini=17|small=66|medium=113|large=139|extra large=168
172764	Muffins, plain, prepared from recipe, made with low fat (2%) milk	296	6.9	41.4		11.4	2.7	oz=28.4|muffin=57
172770	Muffins, wheat bran, dry mix	396	7.1	73		12		oz=28.4|package (7 oz)=198
175046	Muffins, wheat bran, toaster-type with raisins, toasted	313	5.5	55.5	23.07	9.4	8.2	oz=28.4|muffin, toaster=34
169913	Mulberries, raw	43	1.44	9.8	8.1	0.39	1.7	cup=140|fruit=1.5
175255	Mung beans, mature seeds, cooked, boiled, with salt	105	7.02	19.15	2	0.38	7.6	cup=202
174257	Mung beans, mature seeds, cooked, boiled, without salt	105	7.02	19.15	2	0.38	7.6	cup=202
174256	Mung beans, mature seeds, raw	347	23.86	62.62	6.6	1.15	16.3	cup=207|tbsp=13
168499	Mung beans, mature seeds, sprouted, cooked, boiled, drained, with salt	19	2.03	3.6	2.84	0.09	0.8	cup=124
169137	Mung beans, mature seeds, sprouted, cooked, boiled, drained, without salt	21	2.03	4.19	2.84	0.09	0.8	cup=124
169138	Mung beans, mature seeds, sprouted, cooked, stir-fried	50	4.3	10.59		0.21	1.9	cup=124
169957	Mung beans, mature seeds, sprouted, raw	30	3.04	5.94	4.13	0.18	1.8	cup=104|package (12 oz)=340
175256	Mungo beans, mature seeds, cooked, boiled, with salt	105	7.54	18.34	2.01	0.55	6.4	cup=180
172427	Mungo beans, mature seeds, cooked, boiled, without salt	105	7.54	18.34	2.01	0.55	6.4	cup=180|oz dry, yield after cooking=69
174259	Mungo beans, mature seeds, raw	341	25.21	58.99		1.64	18.3	cup=207
167627	Mush, blue corn with ash (Navajo)	54	0.66	11.74	0.19	0.49	1.1	
169376	Mushroom, white, exposed to ultraviolet light, raw	22	3.09	3.26	1.98	0.34	1	cup pieces or slices=70|cup whole=96|large=23|slice=6|medium=18|small=10
168557	Mushrooms, brown, italian, or crimini, exposed to ultraviolet light, raw	22	2.5	4.3	1.72	0.1	0.6	cup whole=87|cup sliced=72|piece whole=20
168434	Mushrooms, brown, italian, or crimini, raw	22	2.5	4.3	1.72	0.1	0.6	cup whole=87|cup sliced=72|piece whole=20
169254	Mushrooms, canned, drained solids	25	1.87	5.09	2.34	0.29	2.4	cup=156|can=132|large=16|medium=12|small=7|slices=4|caps=5.9|cup pieces=156
168422	Mushrooms, Chanterelle, raw	32	1.49	6.86	1.16	0.53	3.8	cup=54|piece=5.4
169382	Mushrooms, enoki, raw	37	2.66	7.81	0.22	0.29	2.7	large=5|medium=3|cup whole=64|cup sliced=65
169403	Mushrooms, maitake, raw	31	1.94	6.97	2.07	0.19	2.7	cup diced=70|piece whole=1.1
168423	Mushrooms, morel, raw	31	3.12	5.1	0.6	0.57	2.8	cup=66|piece=12.9
168580	Mushrooms, oyster, raw	33	3.31	6.09	1.11	0.41	2.3	large=148|small=15|cup sliced=86
169377	Mushrooms, portabella, exposed to ultraviolet light, grilled	29	3.28	4.44	2.26	0.58	2.2	cup sliced=121
170143	Mushrooms, portabella, exposed to ultraviolet light, raw	22	2.11	3.87	2.5	0.35	1.3	cup diced=86|piece whole=84
169243	Mushrooms, portabella, grilled	29	3.28	4.44	2.26	0.58	2.2	cup sliced=121
169255	Mushrooms, portabella, raw	22	2.11	3.87	2.5	0.35	1.3	cup diced=86|piece whole=84
170097	Mushrooms, shiitake, cooked, with salt	56	1.56	14.39	3.84	0.22	2.1	cup pieces=145|mushrooms=18
168437	Mushrooms, shiitake, cooked, without salt	56	1.56	14.39	3.84	0.22	2.1	cup pieces=145|mushrooms=18
168436	Mushrooms, shiitake, dried	296	9.58	75.37	2.21	0.99	11.5	mushroom=3.6|mushrooms=3.8
169242	Mushrooms, shiitake, raw	34	2.24	6.79	2.38	0.49	2.5	piece whole=19
168435	Mushrooms, shiitake, stir-fried	39	3.45	7.68	0.3	0.35	3.6	cup whole=89|cup sliced=97|piece whole=19
168582	Mushrooms, straw, canned, drained solids	32	3.83	4.64		0.68	2.5	cup=182|piece=5.5
168537	Mushrooms, white, cooked, boiled, drained, with salt	28	2.17	5.29	2.34	0.47	2.2	cup pieces=156|tbsp=9.8|mushroom=12
169252	Mushrooms, white, cooked, boiled, drained, without salt	28	2.17	5.29	2.34	0.47	2.2	cup pieces=156|tbsp=9.8|mushroom=12
169402	Mushrooms, white, microwaved	35	3.91	6.04	0	0.46	2.5	
169251	Mushrooms, white, raw	22	3.09	3.26	1.98	0.34	1	cup, pieces or slices=70|cup, whole=96|large=23|medium=18|slice=6|small=10|cup pieces=70
169253	Mushrooms, white, stir-fried	26	3.58	4.04	0	0.33	1.8	cup sliced=108
170503	Mustard greens, cooked, boiled, drained, with salt	26	2.56	4.51	1.41	0.47	2	cup, chopped=140
169257	Mustard greens, cooked, boiled, drained, without salt	26	2.56	4.51	1.41	0.47	2	cup, chopped=140
170504	Mustard greens, frozen, cooked, boiled, drained, with salt	19	2.27	3.11	0.32	0.25	2.8	cup, chopped or diced=150|package (10 oz) yields=212
169259	Mustard greens, frozen, cooked, boiled, drained, without salt	19	2.27	3.11	0.32	0.25	2.8	cup, chopped=150|package (10 oz) yields=212
169258	Mustard greens, frozen, unprepared	20	2.49	3.41		0.27	3.3	cup, chopped=146|package (10 oz)=284
169256	Mustard greens, raw	27	2.86	4.67	1.32	0.42	3.2	cup, chopped=56
170505	Mustard spinach, (tendergreen), cooked, boiled, drained, with salt	16	1.7	2.8		0.2	2	cup, chopped=180
168439	Mustard spinach, (tendergreen), cooked, boiled, drained, without salt	16	1.7	2.8		0.2	2	cup, chopped=180
168438	Mustard spinach, (tendergreen), raw	22	2.2	3.9		0.3	2.8	cup, chopped=150
172234	Mustard, prepared, yellow	60	3.74	5.83	0.92	3.34	4	tsp or 1 packet=5|cup=249
167634	Mutton, cooked, roasted (Navajo)	234	33.43	0.08		11.09		oz=28.4
175083	Nabisco, Nabisco Grahams Crackers	424	6.99	76.2	23	10	3.4	serving=28
175084	Nabisco, Nabisco Oreo Crunchies, Cookie Crumb Topping	476	4.78	70.23	36	21.5	3.2	serving=11
173258	Nabisco, Nabisco Ritz Crackers	492	7.23	63.51	8.14	23.21	2.3	cracker=3.3|cracker (1 NLEA serving)=3.2
167924	Nabisco, Nabisco Snackwell's Fat Free Devil's Food Cookie Cakes	305	5	74.25	43.38	1.09	1.6	serving=16
167788	Nance, canned, syrup, drained	95	0.56	22.79	15.66	1.28	7	fruit without pits=3.7
167789	Nance, frozen, unsweetened	73	0.66	16.97	8.31	1.16	7.5	cup without pits, thawed=112|fruit without pits, thawed=3.3
167790	Naranjilla (lulo) pulp, frozen, unsweetened	25	0.44	5.9	3.74	0.22	1.1	cup thawed=120
172443	Natto	211	19.4	12.68	4.89	11	5.4	cup=175
169914	Nectarines, raw	44	1.06	10.55	7.89	0.32	1.7	cup slices=143|small (2-1/3" dia)=129|medium (2-1/2" dia)=142|large (2-3/4" dia)=156|NLEA serving=140
170506	New zealand spinach, cooked, boiled, drained, with salt	12	1.3	2.13	0.25	0.17	1.4	cup, chopped=180
168441	New Zealand spinach, cooked, boiled, drained, without salt	12	1.3	2.13	0.25	0.17	1.4	cup, chopped=180
168440	New Zealand spinach, raw	14	1.5	2.5	0.29	0.2	1.5	cup, chopped=56
174258	Noodles, chinese, cellophane or long rice (mung beans), dehydrated	351	0.16	86.09	0	0.06	0.5	cup=140
168905	Noodles, chinese, chow mein	471	10.88	63.64	0	21.24	6.7	cup dry=56|oz=28.7
168919	Noodles, egg, cooked, enriched, with added salt	138	4.54	25.16	0.4	2.07	1.2	cup=160
169762	Noodles, egg, cooked, unenriched, with added salt	138	4.54	25.16	0.4	2.07	1.2	cup=160
169731	Noodles, egg, dry, enriched	384	14.16	71.27	1.88	4.44	3.3	cup=38|oz=28.5
169755	Noodles, egg, dry, unenriched	384	14.16	71.27	1.88	4.44	3.3	cup=38
169732	Noodles, egg, enriched, cooked	138	4.54	25.16	0.4	2.07	1.2	cup=160
169734	Noodles, egg, spinach, enriched, cooked	132	5.04	24.25	0.71	1.57	2.3	cup=160
169733	Noodles, egg, spinach, enriched, dry	382	14.61	70.32		4.55	6.8	cup=38|oz=28.5
168926	Noodles, egg, unenriched, cooked, without added salt	138	4.54	25.16	0.4	2.07	1.2	cup=160
169735	Noodles, flat, crunchy, Chinese restaurant	521	10.33	51.9	0.25	31.72	1.9	cup=45
168907	Noodles, japanese, soba, cooked	99	5.06	21.44		0.1		cup=114
168906	Noodles, japanese, soba, dry	336	14.38	74.62		0.71		oz=28.5
168909	Noodles, japanese, somen, cooked	131	4	27.54		0.18		cup=176
168908	Noodles, japanese, somen, dry	356	11.35	74.1		0.81	4.3	oz=28.5
169388	Nopales, cooked, without salt	15	1.35	3.28	1.12	0.05	2	cup=149|pad=29
168571	Nopales, raw	16	1.32	3.33	1.15	0.09	2.2	cup, sliced=86
170892	Nutritional supplement for people with diabetes, liquid	88	4.4	11.88	2.64	3.08	2.2	can=227
170566	Nuts, acorn flour, full fat	501	7.49	54.65		30.17		oz=28.4
170565	Nuts, acorns, dried	509	8.1	53.66		31.41		oz=28.4
170157	Nuts, acorns, raw	387	6.15	40.75		23.86		oz=28.4
168603	Nuts, almond butter, plain, with salt added	614	20.96	18.82	6.27	55.5	10.3	tbsp=16|cup=250
168588	Nuts, almond butter, plain, without salt added	614	20.96	18.82	4.43	55.5	10.3	tbsp=16|cup=250
170160	Nuts, almond paste	458	9	47.81	36.25	27.74	4.8	oz=28.4|cup, firmly packed=227
170567	Nuts, almonds	579	21.15	21.55	4.35	49.93	12.5	cup, whole=143|cup, sliced=92|cup, slivered=108|cup, ground=95|oz (23 whole kernels)=28.4|almond=1.2
170568	Nuts, almonds, blanched	590	21.4	18.67	4.63	52.52	9.9	cup whole kernels=145|tbsp=9.1|oz=28.4
168596	Nuts, almonds, dry roasted, with salt added	598	20.96	21.01	4.86	52.54	10.9	cup whole kernels=138|oz (22 whole kernels)=28.4
170158	Nuts, almonds, dry roasted, without salt added	598	20.96	21.01	4.86	52.54	10.9	cup whole kernels=138|oz (22 whole kernels)=28.4
168592	Nuts, almonds, honey roasted, unblanched	594	18.17	27.9		49.9	13.7	cup whole kernels=144|oz=28.4
168602	Nuts, almonds, oil roasted, lightly salted	607	21.23	17.68	4.55	55.17	10.5	cup whole kernels=157|oz (22 whole kernels)=28.4
169419	Nuts, almonds, oil roasted, with salt added	607	21.23	17.68	4.55	55.17	10.5	cup whole kernels=157|oz (22 whole kernels)=28.4
169420	Nuts, almonds, oil roasted, with salt added, smoke flavor	607	21.43	17.86	3.57	55.89	10.7	oz (28 almonds)=28
170159	Nuts, almonds, oil roasted, without salt added	607	21.23	17.68	4.55	55.17	10.5	cup whole kernels=157|oz (22 whole kernels)=28.4
170161	Nuts, beechnuts, dried	576	6.2	33.5		50		oz=28.4
170569	Nuts, brazilnuts, dried, unblanched	659	14.32	11.74	2.33	67.1	7.5	cup, whole=133|kernel=5|oz (6 kernels)=28.4
170570	Nuts, butternuts, dried	612	24.9	12.05		56.98	4.7	cup=120|oz=28.4|nutmeat=3
168597	Nuts, cashew butter, plain, with salt added	609	12.12	30.3	9.09	53.03	3	tbsp=16|oz=28.4
170163	Nuts, cashew butter, plain, without salt added	587	17.56	27.57		49.41	2	tbsp=16|oz=28.4
169421	Nuts, cashew nuts, dry roasted, with salt added	574	15.31	32.69	5.01	46.35	3	cup, halves and whole=137|oz=28.4
170571	Nuts, cashew nuts, dry roasted, without salt added	574	15.31	32.69	5.01	46.35	3	cup, halves and whole=137|tbsp=8.6|oz=28.4
169422	Nuts, cashew nuts, oil roasted, with salt added	581	16.84	30.16	5.01	47.77	3.3	cup, whole=129|cup, halves and pieces=129|oz (18 kernels)=28.4
170572	Nuts, cashew nuts, oil roasted, without salt added	580	16.84	29.87	5.01	47.77	3.3	cup, whole=129|cup, halves and pieces=129|oz (18 kernels)=28.4
170162	Nuts, cashew nuts, raw	553	18.22	30.19	5.91	43.85	3.3	oz=28.4
170166	Nuts, chestnuts, chinese, boiled and steamed	153	2.88	33.64		0.76		oz=28.4
170165	Nuts, chestnuts, chinese, dried	363	6.82	79.76		1.81		oz=28.4
170164	Nuts, chestnuts, chinese, raw	224	4.2	49.07		1.11		oz=28.4
170573	Nuts, chestnuts, chinese, roasted	239	4.48	52.36		1.19		oz=28.4
170168	Nuts, chestnuts, european, boiled and steamed	131	2	27.76		1.38		oz=28.4
170167	Nuts, chestnuts, european, dried, peeled	369	5.01	78.43		3.91		oz=28.4
170576	Nuts, chestnuts, european, dried, unpeeled	374	6.39	77.31		4.45	11.7	oz=28.4
170575	Nuts, chestnuts, european, raw, peeled	196	1.63	44.17		1.25		oz=28.4
170574	Nuts, chestnuts, european, raw, unpeeled	213	2.42	45.54		2.26	8.1	cup=145|oz=28.4
170190	Nuts, chestnuts, european, roasted	245	3.17	52.96	10.6	2.2	5.1	cup=143|oz=28.4|kernels=8.4
168589	Nuts, chestnuts, japanese, boiled and steamed	56	0.82	12.64		0.19		oz=28.4
169408	Nuts, chestnuts, japanese, dried	360	5.25	81.43		1.24		cup=155|oz=28.4
169413	Nuts, chestnuts, japanese, raw	154	2.25	34.91		0.53		oz=28.4
168590	Nuts, chestnuts, japanese, roasted	201	2.97	45.13		0.8		oz=28.4
170171	Nuts, coconut cream, canned, sweetened	357	1.17	53.21	51.5	16.31	0.2	tbsp=19|cup=296
170580	Nuts, coconut cream, raw (liquid expressed from grated meat)	330	3.63	6.65		34.68	2.2	tbsp=15|cup=240
168585	Nuts, coconut meat, dried (desiccated), creamed	684	5.3	21.52		69.08		oz=28.4
170170	Nuts, coconut meat, dried (desiccated), not sweetened	660	6.88	23.65	7.35	64.53	16.3	oz=28.4
170578	Nuts, coconut meat, dried (desiccated), sweetened, flaked, canned	443	3.35	40.91		31.69	4.5	cup=77|oz=28.5
170577	Nuts, coconut meat, dried (desiccated), sweetened, flaked, packaged	456	3.13	51.85	36.75	27.99	9.9	cup=85|oz=28.4
168586	Nuts, coconut meat, dried (desiccated), sweetened, shredded	501	2.88	47.67	43.17	35.49	4.5	cup, shredded=93|package (7 oz)=199
170579	Nuts, coconut meat, dried (desiccated), toasted	592	5.3	44.4		47		oz=28.4
170169	Nuts, coconut meat, raw	354	3.33	15.23	6.23	33.49	9	cup, shredded=80|medium=397|piece (2" x 2" x 1/2")=45
170173	Nuts, coconut milk, canned (liquid expressed from grated meat and water)	197	2.02	2.81		21.33		cup=226|tbsp=15
169409	Nuts, coconut milk, frozen (liquid expressed from grated meat and water)	202	1.61	5.58		20.8		cup=240|tbsp=15
170172	Nuts, coconut milk, raw (liquid expressed from grated meat and water)	230	2.29	5.54	3.34	23.84	2.2	cup=240|tbsp=15
170174	Nuts, coconut water (liquid from coconuts)	19	0.72	3.71	2.61	0.2	1.1	cup=240|tbsp=15|coconut yields=206
169411	Nuts, formulated, wheat-based, all flavors except macadamia, without salt	647	13.11	20.79		62.3	5.2	oz=28.4
170180	Nuts, formulated, wheat-based, unflavored, with salt added	622	13.82	23.68		57.7	5.2	oz=28.4
170176	Nuts, ginkgo nuts, canned	111	2.29	22.1		1.62	9.3	cup (78 kernels)=155|oz (14 kernels)=28.4
170175	Nuts, ginkgo nuts, dried	348	10.35	72.45		2		oz=28.4
170584	Nuts, ginkgo nuts, raw	182	4.32	37.6		1.68		oz=28.4
170581	Nuts, hazelnuts or filberts	628	14.95	16.7	4.34	60.75	9.7	cup, chopped=115|cup, ground=75|cup, whole=135|oz (21 whole kernels)=28.4|nuts=1.4
170582	Nuts, hazelnuts or filberts, blanched	629	13.7	17	3.49	61.15	11	oz=28.4
170583	Nuts, hazelnuts or filberts, dry roasted, without salt added	646	15.03	17.6	4.89	62.4	9.4	oz=28.4
170177	Nuts, hickorynuts, dried	657	12.72	18.25		64.37	6.4	cup=120|oz=28.4|nut=3
168598	Nuts, macadamia nuts, dry roasted, with salt added	716	7.79	12.83	4.14	76.08	8	cup, whole or halves=132|oz (10-12 kernels)=28.4
170179	Nuts, macadamia nuts, dry roasted, without salt added	718	7.79	13.38	4.14	76.08	8	cup, whole or halves=132|oz (10-12 kernels)=28.4
170178	Nuts, macadamia nuts, raw	718	7.91	13.82	4.57	75.77	8.6	cup, whole or halves=134|oz (10-12 kernels)=28.4
170181	Nuts, mixed nuts, dry roasted, with peanuts, salt added, CHOSEN ROASTER	608	18	24.62	3.9	53.2	7.1	cup=132
170586	Nuts, mixed nuts, dry roasted, with peanuts, salt added, PLANTERS pistachio blend	572	23.28	23.07	4.45	47.52	8.1	cup=147
168599	Nuts, mixed nuts, dry roasted, with peanuts, with salt added	594	17.3	25.35	4.8	51.45	9	cup=137|oz=28.4
170585	Nuts, mixed nuts, dry roasted, with peanuts, without salt added	607	19.5	22.42	5	53.5	6.4	cup=131|oz=28.4
169427	Nuts, mixed nuts, oil roasted, with peanuts, lightly salted	607	20.04	21.05	4.15	53.95	7	oz=28.4
168600	Nuts, mixed nuts, oil roasted, with peanuts, with salt added	607	20.04	21.05	4.15	53.95	7	cup=134|oz=28.4|nuts, assorted=1.4
170587	Nuts, mixed nuts, oil roasted, with peanuts, without salt added	607	20.04	21.05	4.15	53.95	7	cup=134|oz=28.4
169428	Nuts, mixed nuts, oil roasted, without peanuts, lightly salted	607	17.86	25	5.21	50	7.1	oz=28.4
169423	Nuts, mixed nuts, oil roasted, without peanuts, with salt added	615	15.52	22.27	4.38	56.17	5.5	cup=144|oz=28.4
170588	Nuts, mixed nuts, oil roasted, without peanuts, without salt added	615	15.52	22.27		56.17	5.5	cup=144|oz=28.4
170182	Nuts, pecans	691	9.17	13.86	3.97	71.97	9.6	cup, chopped=109|cup, halves=99|oz (19 halves)=28.4
169424	Nuts, pecans, dry roasted, with salt added	710	9.5	13.55	4.06	74.27	9.4	oz=28.4
170183	Nuts, pecans, dry roasted, without salt added	710	9.5	13.55	4.06	74.27	9.4	oz=28.4
169425	Nuts, pecans, oil roasted, with salt added	715	9.2	13.01	3.97	75.23	9.5	cup=110|oz (15 halves)=28.4
170589	Nuts, pecans, oil roasted, without salt added	715	9.2	13.01	3.97	75.23	9.5	cup=110|oz (15 halves)=28.4
170590	Nuts, pilinuts, dried	719	10.8	3.98		79.55		cup=120|oz (15 kernels)=28.4
170591	Nuts, pine nuts, dried	673	13.69	13.08	3.59	68.37	3.7	cup=135|oz (167 kernels)=28.4|nuts=0.2
170592	Nuts, pine nuts, pinyon, dried	629	11.57	19.3		60.98	10.7	oz=28.4|nuts=0.1
169426	Nuts, pistachio nuts, dry roasted, with salt added	569	21.05	27.55	7.74	45.82	10.3	cup=123|oz (49 kernels)=28.4|kernel=0.7
170185	Nuts, pistachio nuts, dry roasted, without salt added	572	21.05	28.28	7.74	45.82	10.3	cup=123|oz (49 kernels)=28.4|kernel=0.7
170184	Nuts, pistachio nuts, raw	560	20.16	27.17	7.66	45.32	10.6	cup=123|oz (49 kernels)=28.4|kernel=0.7
170186	Nuts, walnuts, black, dried	619	24.06	9.58	1.1	59.33	6.8	cup, chopped=125|tbsp=7.8|oz=28.4
170594	Nuts, walnuts, dry roasted, with salt added	643	14.29	17.86	3.57	60.71	7.1	oz=28
170187	Nuts, walnuts, english	654	15.23	13.71	2.61	65.21	6.7	cup, chopped=117|cup, ground=80|cup, in shell, edible yield (7 nuts)=28|cup shelled (50 halves)=100|cup pieces or chips=120|oz (14 halves)=28.4
170593	Nuts, walnuts, glazed	500	8.28	47.59	32.14	35.71	3.6	oz=28
168873	Oat bran, cooked	40	3.21	11.44		0.86	2.6	cup=219
168872	Oat bran, raw	246	17.3	66.22	1.45	7.03	15.4	cup=94
169741	Oat flour, partially debranned	404	14.66	65.7	0.8	9.12	6.5	cup=104
169705	Oats (Includes foods for USDA's Food Distribution Program)	389	16.89	66.27		6.9	10.6	cup=156
168019	Octopus (Alaska Native)	56	12.3	0		0.8		
169915	Oheloberries, raw	28	0.38	6.84		0.22		cup=140|fruit=1.1
171031	Oil, almond	884	0	0	0	100	0	tablespoon=13.6|cup=218|tsp=4.5
171032	Oil, apricot kernel	884	0	0	0	100	0	tablespoon=13.6|cup=218|tsp=4.5
173573	Oil, avocado	884	0	0		100	0	tbsp=14|cup=218|tsp=4.5
171428	Oil, babassu	884	0	0	0	100	0	tbsp=13.6|cup=218|tsp=4.5
167611	Oil, bearded seal (Oogruk) (Alaska Native)	899	0.56	0		99.6		
168981	Oil, beluga, whale (Alaska Native)	900	0	0	0	100	0	
172336	Oil, canola	884	0	0	0	100	0	tbsp=14|cup=218|tsp=4.5
171421	Oil, cocoa butter	884	0	0	0	100	0	tablespoon=13.6|cup=218|tsp=4.5
171412	Oil, coconut	892	0	0	0	99.06	0	tbsp=13.6|cup=218|tsp=4.5
171433	Oil, cooking and salad, ENOVA, 80% diglycerides	884	0	0		100		tbsp (1 NLEA serving)=14|cup=214
169867	Oil, corn and canola	884	0	0	0	100	0	tbsp=14|cup=224|teaspoon=4.5
171029	Oil, corn, industrial and retail, all purpose salad or cooking	900	0	0	0	100	0	tbsp=13.6|cup=218|tsp=4.5
167737	Oil, corn, peanut, and olive	884	0	0	0	100	0	tablespoon=14|teaspoon=4.5
171024	Oil, cottonseed, salad or cooking	884	0	0	0	100	0	tablespoon=13.6|cup=218|tsp=4.5
173563	Oil, cupu assu	884	0	0	0	100	0	tablespoon=13.6|cup=218|tsp=4.5
167702	Oil, flaxseed, cold pressed	884	0.11	0	0	99.98	0	tbsp=13.6|cup=218
171442	Oil, flaxseed, contains added sliced flaxseed	878	0.37	0.39		99.01		tablespoon=13.7|cup=219
171028	Oil, grapeseed	884	0	0	0	100	0	tablespoon=13.6|cup=218|tsp=4.5
171427	Oil, hazelnut	884	0	0	0	100	0	tablespoon=13.6|cup=218|tsp=4.5
172360	Oil, industrial, canola (partially hydrogenated) oil for deep fat frying	884	0	0	0	100	0	tablespoon=13.6|teaspoon=4.5|cup=218
172359	Oil, industrial, canola for salads, woks and light frying	884	0	0	0	100	0	tablespoon=13.6|teaspoon=4.5|cup=218
172358	Oil, industrial, canola with antifoaming agent, principal uses salads, woks and light frying	884	0	0	0	100	0	tablespoon=13.6|cup=218
171042	Oil, industrial, canola, high oleic	900	0	0	0	100	0	tablespoon=14|cup=218|teaspoon=4.5
172367	Oil, industrial, coconut (hydrogenated), used for whipped toppings and coffee whiteners	880	0	0	0	99.5	0	tbsp=13.6|cup=218|tsp=4.5
172365	Oil, industrial, coconut, confection fat, typical basis for ice cream coatings	884	0	0	0	100	0	tbsp=13.6|cup=218|tsp=4.5
173595	Oil, industrial, coconut, principal uses candy coatings, oil sprays, roasting nuts	884	0	0	0	100	0	tbsp=13.6|cup=218|tsp=4.5
171441	Oil, industrial, cottonseed, fully hydrogenated	884	0	0	0	100	0	tablespoon=13.6|cup=218|teaspoon=4.5
172357	Oil, industrial, mid-oleic, sunflower	884	0	0	0	100	0	tablespoon=13.6|teaspoon=4.5|cup=218
172368	Oil, industrial, palm and palm kernel, filling fat (non-hydrogenated)	880	0	0	0	99.5	0	tbsp=13.6|cup=218|tsp=4.5
172366	Oil, industrial, palm kernel (hydrogenated) , used for whipped toppings, non-dairy	884	0	0	0	100	0	tbsp=13.6|cup=218|tsp=4.5
173602	Oil, industrial, palm kernel (hydrogenated), confection fat, intermediate grade product	884	0	0	0	100	0	tbsp=13.6|cup=218|tsp=4.5
173601	Oil, industrial, palm kernel (hydrogenated), confection fat, uses similar to 95 degree hard butter	884	0	0	0	100	0	tbsp=13.6|cup=218|tsp=4.5
173603	Oil, industrial, palm kernel (hydrogenated), filling fat	884	0	0	0	100	0	tbsp=13.6|cup=218|tsp=4.5
173600	Oil, industrial, palm kernel, confection fat, uses similar to high quality cocoa butter	884	0	0	0	100	0	tbsp=13.6|cup=218|tsp=4.5
172362	Oil, industrial, soy ( partially hydrogenated), all purpose	884	0	0	0	100	0	tbsp=13.6|cup=218|tsp=4.5
172363	Oil, industrial, soy (partially hydrogenated ) and soy (winterized), pourable clear fry	884	0	0	0	100	0	tbsp=13.6|cup=218|tsp=4.5
173604	Oil, industrial, soy (partially hydrogenated ), palm, principal uses icings and fillings	884	0	0	0	100	0	tbsp=13.6|cup=218|tsp=4.5
172364	Oil, industrial, soy (partially hydrogenated) and cottonseed, principal use as a tortilla shortening	884	0	0	0	100	0	tbsp=13.6|cup=218|tsp=4.5
172361	Oil, industrial, soy (partially hydrogenated), multiuse for non-dairy butter flavor	884	0	0	0	100	0	tbsp=13.6|cup=218|tsp=4.5
173596	Oil, industrial, soy (partially hydrogenated), principal uses popcorn and flavoring vegetables	884	0	0	0	100	0	tbsp=13.6|cup=218|tsp=4.5
171440	Oil, industrial, soy, fully hydrogenated	884	0	0	0	100	0	tablespoon=13.6|cup=218|teaspoon=4.5
171438	Oil, industrial, soy, low linolenic	900	0	0	0	100	0	tablespoon=14|cup=218|teaspoon=4.5
173598	Oil, industrial, soy, refined, for woks and light frying	884	0	0	0	100	0	tbsp=13.6|cup=218|tsp=4.5
171439	Oil, industrial, soy, ultra low linolenic	884	0	0	0	100	0	tablespoon=13.6|cup=218|teaspoon=4.5
172337	Oil, mustard	884	0	0		100	0	tbsp=14|cup=218|tsp=4.5
172335	Oil, nutmeg butter	884	0	0	0	100	0	tbsp=13.6|cup=218|tsp=4.5
173576	Oil, oat	884	0	0	0	100	0	tbsp=13.6|cup=218|tsp=4.5
171413	Oil, olive, salad or cooking	884	0	0	0	100	0	tablespoon=13.5|cup=216|tsp=4.5
171015	Oil, palm	884	0	0	0	100	0	tbsp=13.6|cup=216|tsp=4.5
171430	Oil, PAM cooking spray, original	792	0.26	20.69	0	78.69	0	spray , about 1/3 second (1 NLEA serving)=0.3
171410	Oil, peanut, salad or cooking	884	0	0	0	100	0	tbsp=13.5|cup=216|tsp=4.5
171423	Oil, poppyseed	884	0	0	0	100	0	tablespoon=13.6|cup=218|tsp=4.5
171013	Oil, rice bran	884	0	0	0	100	0	tablespoon=13.6|cup=218|tsp=4.5
171027	Oil, safflower, salad or cooking, high oleic (primary safflower oil of commerce)	884	0	0	0	100	0	tablespoon=13.6|cup=218|tsp=4.5
171026	Oil, safflower, salad or cooking, linoleic, (over 70%)	884	0	0	0	100	0	tbsp=13.6|cup=218|tsp=4.5
171016	Oil, sesame, salad or cooking	884	0	0	0	100	0	tablespoon=13.6|cup=218|tsp=4.5
171429	Oil, sheanut	884	0	0	0	100	0	tablespoon=13.6|cup=218|tsp=4.5
171426	Oil, soybean lecithin	763	0	0	0	100	0	tablespoon=13.6|cup=218|tsp=4.5
171411	Oil, soybean, salad or cooking	884	0	0	0	100	0	tbsp=13.6|cup=218|tsp=4.5
171012	Oil, soybean, salad or cooking, (partially hydrogenated)	884	0	0	0	100	0	tbsp=13.6|cup=218|tsp=4.5
173565	Oil, soybean, salad or cooking, (partially hydrogenated) and cottonseed	884	0	0	0	100	0	tablespoon=13.6|cup=218|tsp=4.5
167641	Oil, spotted seal (Alaska Native)	894	0	0	0	99.32	0	
172338	Oil, sunflower, high oleic (70% and over)	884	0	0	0	100	0	tbsp=14|cup=218|tsp=4.5
171017	Oil, sunflower, linoleic (less than 60%)	884	0	0	0	100	0	tbsp=13.6|cup=218|tsp=4.5
171025	Oil, sunflower, linoleic, (approx. 65%)	884	0	0	0	100	0	tbsp=13.6|cup=218|tsp=4.5
172328	Oil, sunflower, linoleic, (partially hydrogenated)	884	0	0	0	100	0	tbsp=13.6|cup=218|tsp=4.5
171425	Oil, teaseed	884	0	0	0	100	0	tablespoon=13.6|cup=218|tsp=4.5
171424	Oil, tomatoseed	884	0	0	0	100	0	tablespoon=13.6|cup=218|tsp=4.5
173570	Oil, ucuhuba butter	884	0	0	0	100	0	tbsp=13.6|cup=218|tsp=4.5
171033	Oil, vegetable, Natreon canola, high stability, non trans, high oleic (70%)	884	0	0	0	100	0	tbsp=14
172370	Oil, vegetable, soybean, refined	884	0	0	0	100	0	tablespoon=13.6|cup=218|teaspoon=4.5
171030	Oil, walnut	884	0	0	0	100	0	tbsp=13.6|cup=218|tsp=4.5
168032	Oil, walrus (Alaska Native)	900	0	0		100		
167625	Oil, whale, bowhead (Alaska Native)	900	0	0		100		
171014	Oil, wheat germ	884	0	0	0	100	0	tsp=4.5|tablespoon=13.6|cup=218
172452	Okara	76	3.52	12.23		1.73		cup=122
170098	Okra, cooked, boiled, drained, with salt	22	1.87	4.51	2.4	0.21	2.5	cup slices=160|pods (3" long)=10.6
169261	Okra, cooked, boiled, drained, without salt	22	1.87	4.51	2.4	0.21	2.5	cup slices=160|pods (3" long)=10.6
170099	Okra, frozen, cooked, boiled, drained, with salt	29	1.63	6.41	2.87	0.24	2.1	cup slices=184|package (10 oz) yields=255
169263	Okra, frozen, cooked, boiled, drained, without salt	29	1.63	6.41	2.87	0.24	2.1	cup slices=184|package (10 oz) yields=255
169262	Okra, frozen, unprepared	30	1.69	6.63	2.97	0.25	2.2	package (10 oz)=287.9|package (10 oz)=284|package (3 lb)=1361
169260	Okra, raw	33	1.93	7.45	1.48	0.19	3.2	cup=100|pods (3" long)=11.9
169037	OLIVE GARDEN, cheese ravioli with marinara sauce	159	7.44	19.64	4.85	5.61	1.1	serving varied from 7-9 ravioli per serving=454
169858	OLIVE GARDEN, chicken parmigiana without pasta	211	15.33	12.28	2.68	11.23	0.9	serving=304
169851	OLIVE GARDEN, lasagna classico	184	11.28	10.33	3.53	10.84	1.6	serving=422
168085	OLIVE GARDEN, spaghetti with meat sauce	121	5.8	17.19	1.67	3.28	1.7	serving=525
169852	OLIVE GARDEN, spaghetti with pomodoro sauce	102	4.26	17.14	1.77	1.85	1.7	serving=478
172926	Olive loaf, pork	235	11.8	9.2	0	16.5	0	slice (1 oz) (4" x 4" x 3/32" thick)=28|slices=28.5
169096	Olives, pickled, canned or bottled, green	145	1.03	3.84	0.54	15.32	3.3	olive=2.7
169095	Olives, ripe, canned (jumbo-super colossal)	81	0.97	5.61	0	6.87	2.5	super colossal=15|jumbo=8.3
169094	Olives, ripe, canned (small-extra large)	116	0.84	6.04	0	10.9	1.6	tbsp=8.4|large=4.4|small=3.2
169854	ON THE BORDER, cheese enchilada	271	11.67	16.2	2.89	17.74	1.8	serving serving size varied from 1 to 3 enchiladas=250|enchilada=120.5|enchilada=124|enchilada=114.3
169034	ON THE BORDER, cheese quesadilla	394	16.87	24.25	2.04	25.5	2.2	serving 1 quesadilla=203
169031	ON THE BORDER, Mexican rice	195	3.56	34.15	1.38	4.86	1.1	cup=114
169032	ON THE BORDER, refried beans	144	7.3	17.52	0.84	5	8.2	cup=135
167657	ON THE BORDER, soft taco with ground beef, cheese and lettuce	229	13.19	19.28	1.84	11.05	1.8	serving varied from 2-3 tacos per serving=324
170415	Onion rings, breaded, par fried, frozen, prepared, heated in oven	276	4.14	33.79	5.1	14.3	2.2	cup=48|rings, large (3-4" dia)=7.1|rings, medium (2-3" dia)=6|rings, small (1-2" dia)=4.8
170414	Onion rings, breaded, par fried, frozen, unprepared	258	3.15	30.53		14.1	1.8	rings=14.2|package (16 oz)=454|package (9 oz)=255
170003	Onions, canned, solids and liquids	19	0.85	4.02	2.2	0.09	1.2	onion=63|cup, chopped or diced=224
170100	Onions, cooked, boiled, drained, with salt	42	1.36	9.56	4.73	0.19	1.4	cup=210|tbsp chopped=15|large=128|slice large (1/4" thick)=32|medium=94|slice medium (1/8" thick)=12|small=60|slice thin=8
170001	Onions, cooked, boiled, drained, without salt	44	1.36	10.15	4.73	0.19	1.4	cup=210|tbsp chopped=15|large=128|slice, large (1/4" thick)=32|medium=94|slice, medium (1/8" thick)=12|small=60|slice, thin=8
170002	Onions, dehydrated flakes	349	8.95	83.28	37.41	0.46	9.2	tbsp=5|cup=56
170101	Onions, frozen, chopped, cooked, boiled, drained, with salt	26	0.77	6	2.9	0.1	1.7	tbsp chopped=15|cup, chopped or diced=210
170411	Onions, frozen, chopped, cooked, boiled, drained, without salt	28	0.77	6.59	2.9	0.1	1.8	tbsp chopped=15|cup, chopped or diced=210
170410	Onions, frozen, chopped, unprepared	29	0.79	6.82		0.1	1.8	package (10 oz)=287.9|package (10 oz)=284
170507	Onions, frozen, whole, cooked, boiled, drained, with salt	26	0.71	6.11	2.9	0.05	1.4	cup=210
170413	Onions, frozen, whole, cooked, boiled, drained, without salt	28	0.71	6.7	2.9	0.05	1.4	cup=210
170412	Onions, frozen, whole, unprepared	35	0.89	8.45	3.81	0.06	1.7	package (10 oz)=287.9|package (10 oz)=284
170000	Onions, raw	40	1.1	9.34	4.24	0.1	1.7	cup, chopped=160|cup, sliced=115|tbsp chopped=10|large=150|slice, large (1/4" thick)=38|medium (2-1/2" dia)=110|slice, medium (1/8" thick)=14|small=70|slice, thin=9|rings=6
170005	Onions, spring or scallions (includes tops and bulb), raw	32	1.83	7.34	2.33	0.19	2.6	cup, chopped=100|tbsp chopped=6|large=25|medium (4-1/8" long)=15|small (3" long)=5
170008	Onions, sweet, raw	32	0.8	7.55	5.02	0.08	0.9	NLEA serving=148|onion=331
170007	Onions, welsh, raw	34	1.9	6.5	2.18	0.4	2.4	
170004	Onions, yellow, sauteed	123	0.95	7.86		10.8	1.7	cup chopped=87
170006	Onions, young green, tops only	27	0.97	5.74	3.91	0.47	1.8	tbsp=6|stalk=12|cup chopped=71
167612	Oopah (tunicate), whole animal (Alaska Native)	67	11.7	0		2.2		
169099	Orange juice, canned, unsweetened	47	0.68	11.01	8.76	0.15	0.3	cup=249|fl oz=31.1|drink box (8.45 fl oz)=263
169100	Orange juice, chilled, includes from concentrate	49	0.68	11.54	8.31	0.12	0.3	cup=249|fl oz=31.1
169920	Orange juice, chilled, includes from concentrate, with added calcium	47	0.68	11.27	8.31	0.12	0.3	cup=249|fl oz=31.1
169101	Orange juice, chilled, includes from concentrate, with added calcium and vitamin D	47	0.68	11.27	8.31	0.12	0.3	cup=249|fl oz=31.1
167794	Orange juice, chilled, includes from concentrate, with added calcium and vitamins A, D, E	49	0.68	11.54	8.31	0.12	0.3	cup=249|fl oz=31.1
169102	Orange juice, frozen concentrate, unsweetened, diluted with 3 volume water	37	0.6	8.8	7.42	0.06	0.2	cup=249|fl oz=31.1
169921	Orange juice, frozen concentrate, unsweetened, diluted with 3 volume water, with added calcium	37	0.6	8.47	7.42	0.06	0.2	cup=249|fl oz=31.1
169923	Orange juice, frozen concentrate, unsweetened, undiluted	148	2.4	35.19	29.68	0.25	1	cup=262|fl oz=33
169922	Orange juice, frozen concentrate, unsweetened, undiluted, with added calcium	147	2.4	33.86	29.68	0.25	1	cup=262|fl oz=33
169098	Orange juice, raw (Includes foods for USDA's Food Distribution Program)	45	0.7	10.4	8.4	0.2	0.2	cup=248|fl oz=31|fruit yields=86
169103	Orange peel, raw	97	1.5	25		0.2	10.6	tbsp=6|tsp=2
167792	Orange Pineapple Juice Blend	51	0.41	12.2	10.57	0.08	0.2	fl oz=30.8
169104	Orange-grapefruit juice, canned or bottled, unsweetened	43	0.6	10.28	10.18	0.1	0.1	cup=247|fl oz=30.9
169097	Oranges, raw, all commercial varieties	47	0.94	11.75	9.35	0.12	2.4	cup, sections=180|large (3-1/16" dia)=184|small (2-3/8" dia)=96|fruit (2-5/8" dia)=131
169916	Oranges, raw, California, valencias	49	1.04	11.89		0.3	2.5	cup sections, without membranes=180|fruit (2-5/8" dia)=121
169918	Oranges, raw, Florida	46	0.7	11.54	9.14	0.21	2.4	cup sections, without membranes=185|fruit (2-5/8" dia)=141|fruit (2-11/16" dia)=151
169917	Oranges, raw, navels (Includes foods for USDA's Food Distribution Program)	49	0.91	12.54	8.5	0.15	2.2	cup sections, without membranes=165|fruit (2-7/8" dia)=140|NLEA serving=154
169919	Oranges, raw, with peel	63	1.3	15.5		0.3	4.5	cup=170|fruit without seeds=159
174589	Oscar Mayer, Bologna (beef)	316	11.05	2.45	1.4	29.1	0	serving (1 slice)=28
172944	Oscar Mayer, Braunschweiger Liver Sausage (sliced)	331	14.25	2.6	1.2	29.35	0.2	oz=28.3|serving (1 slice)=28
172945	Oscar Mayer, Chicken Breast (honey glazed)	109	19.85	4.3	4.3	1.5	0	serving (4 slices)=52
172946	Oscar Mayer, Ham (chopped with natural juice)	180	16.3	3.65	2.2	11.15	0	serving (1 slice)=28
172947	Oscar Mayer, Salami (hard)	368	25.9	1.6	0.2	28.7	0	serving 3 slices=27|slice=9
174590	Oscar Mayer, Smokies Sausage Little Cheese (pork, turkey)	315	13.5	1.7	0.3	28.2	0	link=9|serving=57
174591	Oscar Mayer, Wieners (beef franks)	329	11.35	2.78	1.6	30.26	0	serving=45
174483	Ostrich, fan, raw	117	21.81	0	0	2.65	0	serving ( cooked from 4oz raw)=85|oz=28.4
174482	Ostrich, ground, cooked, pan-broiled	175	26.15	0	0	7.07	0	patty=93|serving ( 3 oz )=85
174481	Ostrich, ground, raw	165	20.22	0	0	8.7	0	patty=109|patty=108.8
172840	Ostrich, inside leg, cooked	141	29.01	0	0	1.94	0	serving ( 3 oz )=85
172839	Ostrich, inside leg, raw	111	22.39	0	0	1.72	0	serving ( cooked from 4 oz raw )=85|oz=28.4
172842	Ostrich, inside strip, cooked	164	29.37	0	0	4.26	0	serving ( 3 oz )=85
172841	Ostrich, inside strip, raw	127	23.69	0	0	2.87	0	serving (cooked from 4 oz raw)=85|oz=28.4
174484	Ostrich, outside leg, raw	115	22.86	0	0	1.96	0	serving (cooked from 4 oz raw)=85|oz=28.4
174486	Ostrich, outside strip, cooked	156	28.55	0	0	3.83	0	serving ( 3 oz )=85
174485	Ostrich, outside strip, raw	120	23.36	0	0	2.21	0	serving (cooked from 4 oz raw)=85|oz=28.4
172843	Ostrich, oyster, cooked	159	28.81	0	0	3.97	0	serving ( 3 oz )=85
174487	Ostrich, oyster, raw	125	21.55	0	0	3.67	0	serving ( cooked from 4 oz raw)=85|oz=28.4
172844	Ostrich, round, raw	116	21.99	0	0	2.4	0	serving (cooked from 4 oz raw)=85|oz=28.4|lb=453
172845	Ostrich, tenderloin, raw	123	22.07	0	0	3.19	0	serving (cooked from 4 oz raw)=85|lb=456|oz=28.4
174488	Ostrich, tip trimmed, cooked	145	28.49	0	0	2.57	0	serving ( 3 oz )=85
172846	Ostrich, tip trimmed, raw	114	21.85	0	0	2.3	0	serving ( cooked from 4 oz raw)=85|oz=28.4|lb=453
174490	Ostrich, top loin, cooked	155	28.12	0	0	3.87	0	serving ( 3 oz )=85
174489	Ostrich, top loin, raw	119	21.67	0	0	2.95	0	serving (cooked from 4 oz raw)=85|oz=28.4|lb=453
167613	Owl, horned, flesh, raw (Alaska Native)	136	22.7	0		5		
167938	Pan Dulce, La Ricura, Salpora de Arroz con Azucar, cookie-like, contains wheat flour and rice flour	445	8.81	66.28	21.86	16.11	1.2	piece (1 serving)=42
172771	Pancakes plain, frozen, ready-to-heat (includes buttermilk)	233	5.23	37.75	8.32	6.83	1	oz=28.4|pancake=41|pancake (6" dia)=73|mini pancake=10.1|pancake=40
172773	Pancakes, blueberry, prepared from recipe	222	6.1	29		9.2		oz=28.4|pancake (4" dia)=38|pancake (6" dia)=77
172774	Pancakes, buckwheat, dry mix, incomplete	340	10.9	71.3	7.21	2.7	8.5	oz=28.4|cup, poured from box=122
175047	Pancakes, buttermilk, prepared from recipe	227	6.8	28.7		9.3		oz=28.4|pancake (4" dia)=38|pancake (6" dia)=77
174106	Pancakes, gluten-free, frozen, ready-to-heat	215	3.31	40.32	4.06	4.55	1.5	pancake=48|box=352
172772	Pancakes, plain, dry mix, complete (includes buttermilk)	368	9.77	73.65	16.03	3.1	2.9	cup=157.6|oz=28.4|cup, poured from box=130
175006	Pancakes, plain, dry mix, complete, prepared	194	5.2	36.7		2.5	1.3	oz=28.4|pancake (4" dia)=38|pancake (6" dia)=77
175007	Pancakes, plain, dry mix, incomplete (includes buttermilk)	355	10	73.6	2.21	1.7	5.4	oz=28.4|cup, poured from box=112
175008	Pancakes, plain, dry mix, incomplete, prepared	218	7.8	28.9		7.7	1.9	oz=28.4|pancake (4" dia)=38|pancake (6" dia)=77
167926	Pancakes, plain, frozen, ready-to-heat, microwave (includes buttermilk)	239	5.88	43.33	7.06	4.73	2.5	oz=28.4|pancake=38|serving (3 pancakes)=144
175009	Pancakes, plain, prepared from recipe	227	6.4	28.3		9.7		oz=28.4|pancake (4" dia)=38|pancake (6" dia)=77
174086	Pancakes, plain, reduced fat	269	5.71	57.32	8.57	1.9	1	serving 3 pancakes=105
172775	Pancakes, special dietary, dry mix	349	8.9	73.9		1.4		oz=28.4|package (8 oz)=227
171853	Pancakes, whole wheat, dry mix, incomplete	350	10.53	74.11	10.53	1.32	7.9	cup mix 1 serving=152
172776	Pancakes, whole-wheat, dry mix, incomplete	344	12.8	71		1.5		oz=28.4|cup, poured from box=140
175010	Pancakes, whole-wheat, dry mix, incomplete, prepared	208	8.5	29.4		6.5	2.8	oz=28.4|pancake (4" dia)=44|pancake (6" dia)=129
173284	PAPA JOHN'S 14" Cheese Pizza, Original Crust	260	11.53	32.74	5.32	9.25	1.9	slice=117|pie=938
173287	PAPA JOHN'S 14" Cheese Pizza, Thin Crust	295	12.29	26.26	3.85	15.66	2.3	slice=87|pie=678
173285	PAPA JOHN'S 14" Pepperoni Pizza, Original Crust	275	11.97	30.04	4.84	11.86	1.2	slice=123|pie=1021
173286	PAPA JOHN'S 14" The Works Pizza, Original Crust	240	10.27	26.69	4.84	10.21	2.5	slice=153|pie=1093
168106	Papad	371	25.56	59.87	0	3.25	18.6	
169107	Papaya nectar, canned	57	0.17	14.51	13.91	0.15	0.6	cup=250|fl oz=31.2
169927	Papaya, canned, heavy syrup, drained	206	0.14	55.83	52.2	0.55	1.5	piece=39
169926	Papayas, raw	43	0.47	10.82	7.82	0.26	1.7	cup 1" pieces=145|cup, mashed=230|fruit, small=157|fruit, large=781
172206	Parmesan cheese topping, fat free	370	40	40	1.5	5	0	tablespoon=5
170486	Parsley, freeze-dried	271	31.3	42.38		5.2	32.7	tbsp=0.4|cup=5.6
170416	Parsley, fresh	36	2.97	6.33	0.85	0.79	3.3	cup chopped=60|tbsp=3.8|sprigs=1
170508	Parsnips, cooked, boiled, drained, with salt	71	1.32	17.01	4.8	0.3	4	cup slices=156|parsnip (9" long)=160
170009	Parsnips, cooked, boiled, drained, without salt	71	1.32	17.01	4.8	0.3	3.6	cup slices=156|parsnip (9" long)=160
170417	Parsnips, raw	75	1.2	17.99	4.8	0.3	4.9	cup slices=133
169109	Passion-fruit juice, purple, raw	51	0.39	13.6	13.4	0.05	0.2	cup=247|fl oz=30.9
169110	Passion-fruit juice, yellow, raw	60	0.67	14.45	14.25	0.18	0.2	cup=247|fl oz=30.9
169108	Passion-fruit, (granadilla), purple, raw	97	2.2	23.38	11.2	0.7	10.4	cup=236|fruit without refuse=18
168954	Pasta mix, classic beef, unprepared	354	12.32	72.2	4.95	1.78	2	package=122|packet=44
168953	Pasta mix, classic cheeseburger macaroni, unprepared	349	11.6	71.51	4.97	1.88	2.7	package=123|packet=51
168958	Pasta mix, Italian four cheese lasagna, unprepared	355	12.53	70.26	6.7	2.7	2.6	package=117|packet=42
168955	Pasta mix, Italian lasagna, unprepared	356	10.9	73.77	11.27	1.97	2.8	package=141|packet=79
172091	Pasta with Sliced Franks in Tomato Sauce, canned entree	90	4.37	12.7	3.17	2.38	1.6	serving (1 cup)=252
172100	Pasta with tomato sauce, no meat, canned	71	2.22	13.94	4	0.71	0.9	serving (1 NLEA serving)=252|cup=238
169751	Pasta, cooked, enriched, with added salt	157	5.8	30.59	0.56	0.93	1.8	cup spaghetti not packed=124|cup packed=151|cup elbows not packed=120|cup elbows packed=132|cup penne=107|cup farfalle=107|cup rotini=107|cup shells=105|cup lasagne=116
169737	Pasta, cooked, enriched, without added salt	158	5.8	30.86	0.56	0.93	1.8	cup spaghetti not packed=124|cup spaghetti packed=151|cup elbows not packed=120|cup elbows packed=132|cup penne=107|cup farfalle=107|cup rotini=107|cup shells=105|cup lasagne=116
172014	Pasta, cooked, unenriched, with added salt	157	5.8	30.59	0.56	0.93	1.8	cup spaghetti not packed=124|cup spaghetti packed=151|cup elbows not packed=120|cup elbows packed=132|cup penne=107|cup rotini=107|cup farfalle=107|cup shells=105|cup lasagne=116
168928	Pasta, cooked, unenriched, without added salt	158	5.8	30.86	0.56	0.93	1.8	cup spaghetti not packed=124|cup spaghetti packed=151|cup elbows not packed=120|cup elbows packed=132|cup penne=107|cup rotini=107|cup farfalle=107|cup shells=105|cup lasagne=116
169736	Pasta, dry, enriched	371	13.04	74.67	2.67	1.51	3.2	cup spaghetti=91|oz=28.5|cup elbows=122|cup penne=95|cup farfalle=81|cup rotini=96|cup shells=64|cup lasagna=90
168927	Pasta, dry, unenriched	371	13.04	74.67	2.67	1.51	3.2	cup spaghetti=91|oz=28.5|cup elbows=122|cup penne=95|cup farfalle=81|cup rotini=96|cup shells=64|cup lasagna=90
169727	Pasta, fresh-refrigerated, plain, as purchased	288	11.31	54.73		2.3		oz=28.4
169728	Pasta, fresh-refrigerated, plain, cooked	131	5.15	24.93		1.05		oz=64
169729	Pasta, fresh-refrigerated, spinach, as purchased	289	11.26	55.72		2.1		oz=28.4
169730	Pasta, fresh-refrigerated, spinach, cooked	130	5.06	25.04		0.94		oz=28.5
172026	Pasta, gluten-free, brown rice flour, cooked, TINKYADA	138	3.46	32.2	0	1.67	1.7	cup spaghetti not packed=169|cup penne not packed=131|cup fettucini not packed=153|cup spirals not packed=136|cup elbows not packed=131|cup shells not packed=156
173265	Pasta, gluten-free, corn and rice flour, cooked	179	3.2	38.05	0	1	1.4	cup spaghetti=141
172027	Pasta, gluten-free, corn flour and quinoa flour, cooked, ANCIENT HARVEST	152	3.23	31.11	0.3	2.07	3.3	cup spaghetti packed=166|cup(not packed) not packed=132|cup elbows not packed not packed=111
168900	Pasta, gluten-free, corn, cooked	126	2.63	27.91		0.73	4.8	cup=140
168899	Pasta, gluten-free, corn, dry	357	7.46	79.26		2.08	11	cup=105|oz=28.5
173264	Pasta, gluten-free, rice flour and rice bran extract, cooked, DE BOLES	200	4.21	40.75	0	1.7	1.9	cup spaghetti=121
168901	Pasta, homemade, made with egg, cooked	130	5.28	23.54		1.74		oz=28.5
168902	Pasta, homemade, made without egg, cooked	124	4.37	25.12		0.98		oz=28.5
172024	Pasta, whole grain, 51% whole wheat, remaining enriched semolina, cooked (Includes foods for USDA's Food Distribution Program)	156	5.67	30.87	0.65	1.48	4.5	cup spaghetti not packed=116|cup spaghetti packed=151|cup elbows=117|cup farfalle=107|cup penne=97|cup shells=105|cup lasagne=116|cup rotini=107
172025	Pasta, whole grain, 51% whole wheat, remaining enriched semolina, dry (Includes foods for USDA's Food Distribution Program)	361	13.2	73.3	2.2	2.55	11.3	cup spaghetti=91|cup elbows=122|cup penne=95|cup farfalle=81|cup rotini=96|cup shells=64|cup lasagne=90
168916	Pasta, whole grain, 51% whole wheat, remaining unenriched semolina, cooked	159	5.82	31.51	0.85	1.5	4.6	cup spaghetti not packed=116|cup spaghetti packed=151|cup elbows not packed=117|cup farfalle=107|cup penne=97|cup shells=105|cup lasagne=116|cup rotini=107
168915	Pasta, whole grain, 51% whole wheat, remaining unenriched semolina, dry	362	13.51	73.1	2.6	2.68	10.1	cup spaghetti=91|cup elbows=122|cup penne=95|cup farfalle=81|cup rotini=96|cup shells=64|cup lasagne=90
168910	Pasta, whole-wheat, cooked (Includes foods for USDA's Food Distribution Program)	149	5.99	30.07	0.75	1.71	3.9	cup spaghetti not packed=117|cup spaghetti packed=151|cup elbows=117|cup penne=97|cup shells=105|cup lasagne=116|cup rotini=107|cup farfalle=107
169738	Pasta, whole-wheat, dry (Includes foods for USDA's Food Distribution Program)	352	13.87	73.37	2.74	2.93	9.2	cup spaghetti=91|cup elbows=122|cup penne=95|cup farfalle=81|cup rotini=96|cup shells=64|cup lasagne=90
172959	Pastrami, beef, 98% fat-free	95	19.6	1.54	0	1.16	0	serving 6 slices=57
172927	Pastrami, turkey	139	16.3	3.34	3.34	6.21	0.1	slices=28.5|package (8 oz)=227
167528	Pastry, Pastelitos de Guava (guava pastries)	379	5.48	47.76	17	18.5	2.2	piece=86
171100	Pate de foie gras, canned (goose liver pate), smoked	462	11.4	4.67		43.84	0	tbsp=13|oz=28.4
172928	Pate, chicken liver, canned	201	13.45	6.55	0	13.1	0	tbsp=13|oz=28.4
172929	Pate, goose liver, smoked, canned	462	11.4	4.67		43.84	0	tbsp=13|oz=28.4
172930	Pate, liver, not specified, canned	319	14.2	1.5		28	0	tbsp=13|oz=28.4
172967	Pate, truffle flavor	327	11.2	6.3		28.5		serving 2 oz=56
168185	Peach nectar, canned, with added ascorbic acid	50	0.21	11.93	11.16	0.51	0.1	cup=220
169117	Peach nectar, canned, with sucralose, without added ascorbic acid	49	0.1	11.61	12.08	0.57	0.1	cup=258
169113	Peaches, canned, extra heavy syrup pack, solids and liquids	96	0.47	26.06		0.03	1	cup, halves or slices=262
169931	Peaches, canned, extra light syrup, solids and liquids (Includes foods for USDA's Food Distribution Program)	42	0.4	11.1		0.1	1	cup, halves or slices=247
169112	Peaches, canned, heavy syrup pack, solids and liquids	74	0.45	19.94	18.64	0.1	1.3	cup=262|half, with liquid=98
168181	Peaches, canned, heavy syrup, drained	72	0.52	18.43	14.66	0.18	1.2	cup=222|half=73|slice=12.7
169930	Peaches, canned, juice pack, solids and liquids	44	0.63	11.57	10.27	0.03	1.3	cup=250|cup, halves or slices=248|half, with liquid=98
169111	Peaches, canned, light syrup pack, solids and liquids	54	0.45	14.55	13.25	0.03	1.3	cup, halves or slices=251|half, with liquid=98
169929	Peaches, canned, water pack, solids and liquids	24	0.44	6.11	4.81	0.06	1.3	cup, halves or slices=244|half, with liquid=98
169933	Peaches, dehydrated (low-moisture), sulfured, stewed	133	2.01	34.14		0.42		cup=242
169932	Peaches, dehydrated (low-moisture), sulfured, uncooked	325	4.89	83.18		1.03		cup=116
169115	Peaches, dried, sulfured, stewed, with added sugar	103	1.06	26.6		0.22	2.4	cup=270
169935	Peaches, dried, sulfured, stewed, without added sugar	77	1.16	19.69	16.99	0.25	2.7	cup=258
169934	Peaches, dried, sulfured, uncooked	239	3.61	61.33	41.74	0.76	8.2	cup, halves=160|half=13
169116	Peaches, frozen, sliced, sweetened	94	0.63	23.98	22.18	0.13	1.8	cup, thawed=250|slices=15.5|package (10 oz)=284
169114	Peaches, spiced, canned, heavy syrup pack, solids and liquids	75	0.41	20.08	18.78	0.1	1.3	cup, whole=242
169928	Peaches, yellow, raw	39	0.91	9.54	8.39	0.25	1.5	cup slices=154|small (2-1/2" dia)=130|medium (2-2/3" dia)=150|large (2-3/4" dia)=175|extra large (3" dia)=224|NLEA serving=147
172471	Peanut butter with omega-3, creamy	608	24.47	17	3.11	54.17	6.1	tbsp=16
174265	Peanut butter, chunk style, with salt	589	24.06	21.57	8.41	49.94	8	tbsp=16|cup=258
172469	Peanut butter, chunk style, without salt	589	24.06	21.57	8.41	49.94	8	tbsp=16|cup=258
172460	Peanut butter, chunky, vitamin and mineral fortified	593	26.06	17.69	10.94	51.47	5.7	tbsp=16|cup=258
169869	Peanut butter, reduced sodium	590	24	21.83	9.29	49.9	6.6	tbsp=16
174294	Peanut Butter, smooth (Includes foods for USDA's Food Distribution Program)	588	21.93	23.98	6.5	49.54	5.7	tbsp=16|cup=258
174266	Peanut butter, smooth style, with salt (Includes foods for USDA's Food Distribution Program)	598	22.21	22.31	10.49	51.36	5	tbsp=16|cup=258
172470	Peanut butter, smooth style, without salt	598	22.21	22.31	10.49	51.36	5	tbsp=16|cup=258
172458	Peanut butter, smooth, reduced fat	520	25.9	35.65	9.28	34	5.2	tablespoon=18
172459	Peanut butter, smooth, vitamin and mineral fortified	591	25.72	18.75	10.47	50.81	5.6	tbsp=16|cup=258
174267	Peanut flour, defatted	327	52.2	34.7	8.22	0.55	15.8	cup=60|oz=28.4
172435	Peanut flour, low fat	428	33.8	31.27		21.9	15.8	cup=60|oz=28.4
172457	Peanut spread, reduced sugar	650	24.8	14.23	6.35	54.89	7.8	tbsp=15.5
174260	Peanuts, all types, cooked, boiled, with salt	318	13.5	21.26	2.47	22.01	8.8	cup in shell, edible yield=63|cup, shelled=180|oz shelled=28.4|nuts=0.8
174262	Peanuts, all types, dry-roasted, with salt	587	24.35	21.26	4.9	49.66	8.4	oz=28.4|peanut=1
173806	Peanuts, all types, dry-roasted, without salt	587	24.35	21.26	4.9	49.66	8.4	cup=146|oz=28.4|peanut=1
174261	Peanuts, all types, oil-roasted, with salt	599	28.03	15.26	4.18	52.5	9.4	cup, chopped=144|oz shelled (32 nuts)=28.4
175258	Peanuts, all types, oil-roasted, without salt	599	28.03	15.26	4.18	52.5	9.4	cup,=144|oz shelled (32 nuts)=28.4
172430	Peanuts, all types, raw	567	25.8	16.13	4.72	49.24	8.5	oz=28.4|cup=146
172431	Peanuts, spanish, oil-roasted, with salt	579	28.01	17.45		49.04	8.9	cup=147|oz=28.4
173807	Peanuts, spanish, oil-roasted, without salt	579	28.01	17.45		49.04	8.9	cup=147|oz=28.4
174263	Peanuts, spanish, raw	570	26.15	15.83		49.6	9.5	cup=146|oz=28.4
172433	Peanuts, valencia, oil-roasted, with salt	589	27.04	16.3		51.24	8.9	cup=144|oz=28.4
173808	Peanuts, valencia, oil-roasted, without salt	589	27.04	16.3		51.24	8.9	cup=144|oz=28.4
172432	Peanuts, valencia, raw	570	25.09	20.91		47.58	8.7	cup=146|oz=28.4
174264	Peanuts, virginia, oil-roasted, with salt	578	25.87	19.86		48.62	8.9	cup=143|oz=28.4
173809	Peanuts, virginia, oil-roasted, without salt	578	25.87	19.86		48.62	8.9	cup=143|oz=28.4
172434	Peanuts, virginia, raw	563	25.19	16.54	3.95	48.75	8.5	cup=146|oz=28.4
168186	Pear nectar, canned, with added ascorbic acid	60	0.11	15.76	15.16	0.01	0.6	cup=250|fl oz=31.2
169940	Pear nectar, canned, without added ascorbic acid	60	0.11	15.76	15.16	0.01	0.6	cup=250|fl oz=31.2
168177	Pears, asian, raw	42	0.5	10.65	7.05	0.23	3.6	fruit 2-1/4" high x 2-1/2" dia=122|fruit 3-3/8" high x 3" diameter=275
169120	Pears, canned, extra heavy syrup pack, solids and liquids	97	0.19	25.25		0.13	1.6	cup, halves=266|half, with liquid=79
169937	Pears, canned, extra light syrup pack, solids and liquids (Includes foods for USDA's Food Distribution Program)	47	0.3	12.2		0.1	1.6	cup, halves=247|half, with liquid=76
169939	Pears, canned, heavy syrup pack, solids and liquids	74	0.2	19.17	15.2	0.13	1.6	cup=266|half, with liquid=76
168182	Pears, canned, heavy syrup, drained	74	0.24	19.08	16.42	0.18	2.7	cup=201|half=48
169936	Pears, canned, juice pack, solids and liquids	50	0.34	12.94	9.7	0.07	1.6	cup, halves=248|half, with liquid=76
169938	Pears, canned, light syrup pack, solids and liquids	57	0.19	15.17	12.1	0.03	1.6	cup, halves=251|half, with liquid=76
169119	Pears, canned, water pack, solids and liquids	29	0.19	7.81	6.1	0.03	1.6	cup, halves=244|half, with liquid=76
169123	Pears, dried, sulfured, stewed, with added sugar	140	0.86	37.14		0.29	5.8	cup, halves=280
169122	Pears, dried, sulfured, stewed, without added sugar	127	0.91	33.81	27.41	0.31	6.4	cup, halves=255
169121	Pears, dried, sulfured, uncooked	262	1.87	69.7	62.2	0.63	7.5	cup, halves=180|half=18|halves=17.5
169118	Pears, raw	57	0.36	15.23	9.75	0.14	3.1	cup, slices=140|cup, cubes=161|small=148|medium=178|large=230|NLEA serving=166
167776	Pears, raw, bartlett (Includes foods for USDA's Food Distribution Program)	63	0.39	15.01	9.69	0.16	3.1	cup, sliced=140|small=152|medium=177|large=227
167778	Pears, raw, bosc (Includes foods for USDA's Food Distribution Program)	67	0.36	16.1	10.23	0.09	3.1	cup, sliced=140|small=159|medium=179|large=219
167779	Pears, raw, green anjou (Includes foods for USDA's Food Distribution Program)	66	0.44	15.79	9.73	0.1	3.1	cup, sliced=140|small=172|medium=202|large=242
167777	Pears, raw, red anjou	62	0.33	14.94	9.54	0.14	3	small=126|medium=157|large=223|cup, sliced=140
170512	Peas and carrots, canned, no salt added, solids and liquids	38	2.17	8.48	2.83	0.27	3.3	cup=255
170424	Peas and carrots, canned, regular pack, solids and liquids	38	2.17	8.48		0.27	2	cup=255
170513	Peas and carrots, frozen, cooked, boiled, drained, with salt	48	3.09	10.12	4.36	0.42	3.1	cup=160|package (10 oz) yields=278
170018	Peas and carrots, frozen, cooked, boiled, drained, without salt	48	3.09	10.12	4.36	0.42	3.1	package (10 oz) yields=278|cup=160
170425	Peas and carrots, frozen, unprepared	53	3.4	11.15		0.47	3.4	cup=140|package (10 oz)=284
170019	Peas and onions, canned, solids and liquids	51	3.28	8.57		0.38	2.3	cup=120
170514	Peas and onions, frozen, cooked, boiled, drained, with salt	45	2.54	8.63	3.77	0.2	2.2	cup=180
170021	Peas and onions, frozen, cooked, boiled, drained, without salt	45	2.54	8.63	3.77	0.2	2.2	cup=180
170020	Peas and onions, frozen, unprepared	70	3.98	13.51		0.32	3.5	cup=138|package (10 oz)=284
170011	Peas, edible-podded, boiled, drained, without salt	42	3.27	7.05	3.99	0.23	2.8	cup=160
170509	Peas, edible-podded, cooked, boiled, drained, with salt	40	3.27	6.46	3.99	0.23	2.8	cup=160
170510	Peas, edible-podded, frozen, cooked, boiled, drained, with salt	50	3.5	8.43	4.82	0.38	3.1	cup=160|package (10 oz) yields=253
170418	Peas, edible-podded, frozen, cooked, boiled, drained, without salt	52	3.5	9.02	4.82	0.38	3.1	cup=160|package (10 oz) yields=253
170012	Peas, edible-podded, frozen, unprepared	42	2.8	7.2		0.3	3.1	cup=144|package (10 oz)=284
170010	Peas, edible-podded, raw	42	2.8	7.55	4	0.2	2.6	cup, chopped=98|cup, whole=63|pea pods=3.4
170013	Peas, green (includes baby and lesuer types), canned, drained solids, unprepared	68	4.47	11.36	2.99	0.8	4.9	cup=175|can (303 x 406)=313
170015	Peas, green, canned, drained solids, rinsed in tap water	71	4.33	11.82		0.95		can=257|cup=163
170104	Peas, green, canned, no salt added, drained solids	69	4.42	12.58	4.16	0.35	4.1	cup=170|can (303 x 406)=313
170103	Peas, green, canned, no salt added, solids and liquids	53	3.19	9.75	3.2	0.3	3.3	cup=248|can (303 x 406)=482
170421	Peas, green, canned, regular pack, solids and liquids	58	3.01	10.6	3.2	0.48	3.3	cup=248|can (303 x 406)=482
170014	Peas, green, canned, seasoned, solids and liquids	50	3.09	9.25		0.27	2	cup=227|cup=228
170102	Peas, green, cooked, boiled, drained, with salt	84	5.36	15.63	5.93	0.22	5.5	cup=160
170420	Peas, green, cooked, boiled, drained, without salt	84	5.36	15.63	5.93	0.22	5.5	cup=160
170105	Peas, green, frozen, cooked, boiled, drained, with salt	78	5.15	14.26	4.4	0.27	4.5	cup=160|package (10 oz) yields=253
170017	Peas, green, frozen, cooked, boiled, drained, without salt	78	5.15	14.26	4.4	0.27	4.5	cup=160|package (10 oz) yields=253
170016	Peas, green, frozen, unprepared (Includes foods for USDA's Food Distribution Program)	77	5.22	13.62	5	0.4	4.5	cup=134|package=284
170419	Peas, green, raw	81	5.42	14.45	5.67	0.4	5.7	cup=145
172428	Peas, green, split, mature seeds, raw	364	23.12	61.63	3.14	3.89	22.2	cup=196
170511	Peas, mature seeds, sprouted, cooked, boiled, drained, with salt	98	7.05	17.08		0.51		
170423	Peas, mature seeds, sprouted, cooked, boiled, drained, without salt	98	7.05	17.08		0.51		
170422	Peas, mature seeds, sprouted, raw	124	8.8	27.11		0.68		cup=120
175257	Peas, split, mature seeds, cooked, boiled, with salt	116	8.34	20.51	2.9	0.39	8.3	cup=196
172429	Peas, split, mature seeds, cooked, boiled, without salt	118	8.34	21.1	2.9	0.39	8.3	cup=196|tbsp=12.2
167682	Pectin, liquid	11	0	2.1	0	0	2.1	fl oz assumed specific gravity of honey=28.4
168821	Pectin, unsweetened, dry mix	325	0.3	90.4		0.3	8.6	package (1.75 oz)=50
168418	Pepeao, dried	298	4.82	81.03		0.44		cup=24
169394	Pepper, banana, raw	27	1.66	5.35	1.95	0.45	3.4	cup=124|small (4" long)=33|medium (4-1/2" long)=46|large (5" long)=75
174574	Peppered loaf, pork, beef	149	17.3	4.53	4.61	6.37	0	slices=28.4
168005	Pepperidge Farm, Goldfish, Baked Snack Crackers, Cheddar	457	11.71	66.2	0.69	16.11		goldfish=0.5
168006	Pepperidge Farm, Goldfish, Baked Snack Crackers, Explosive Pizza	458	9.56	67.2	2.4	16.82		goldfish=0.5
167594	Pepperidge Farm, Goldfish, Baked Snack Crackers, Original	467	9.42	65.81	1.03	18.42	2.4	goldfish=0.5
167595	Pepperidge Farm, Goldfish, Baked Snack Crackers, Parmesan	459	11.16	64.7	0.83	17.29	3.5	goldfish=0.5
167596	Pepperidge Farm, Goldfish, Baked Snack Crackers, Pizza	469	9.67	65.11	0.86	18.93	3.5	goldfish=0.5
173474	Peppermint, fresh	70	3.75	14.89		0.94	8	leaves=0.1|tbsp=1.6
174575	Pepperoni, beef and pork, sliced	504	19.25	1.18	0	46.28	0	oz=28.3|piece=2|oz=28
169396	Peppers, ancho, dried	281	11.86	51.42		8.2	21.6	pepper=17
168577	Peppers, chili, green, canned	21	0.72	4.6		0.27	1.7	cup=139
168570	Peppers, hot chile, sun-dried	324	10.58	69.86	41.06	5.81	28.7	cup=37|pepper=0.5
170426	Peppers, hot chili, green, canned, pods, excluding seeds, solids and liquids	21	0.9	5.1	3.12	0.1	1.3	pepper=73|cup, chopped or diced=136
170497	Peppers, hot chili, green, raw	40	2	9.46	5.1	0.2	1.5	pepper=45|cup, chopped or diced=150
170107	Peppers, hot chili, red, canned, excluding seeds, solids and liquids	21	0.9	5.1	3.32	0.1	1.3	pepper=73|cup, chopped or diced=136
170106	Peppers, hot chili, red, raw	40	1.87	8.81	5.3	0.44	1.5	pepper=45|cup, chopped or diced=150
169766	Peppers, hot pickled, canned	22	0.8	4.56	1.6	0.4	2.6	cup drained=136
168578	Peppers, hungarian, raw	29	0.8	6.7	3.53	0.41	1	pepper=27
170080	Peppers, jalapeno, canned, solids and liquids	27	0.92	4.74	2.14	0.94	2.6	cup, chopped=136|cup, sliced=104|pepper=22
168576	Peppers, jalapeno, raw	29	0.91	6.5	4.12	0.37	2.8	cup, sliced=90|pepper=14
168579	Peppers, pasilla, dried	345	12.35	51.13		15.85	26.8	pepper=7
169395	Peppers, serrano, raw	32	1.74	6.7	3.83	0.44	3.7	cup, chopped=105|pepper=6.1
170429	Peppers, sweet, green, canned, solids and liquids	18	0.8	3.9		0.3	1.2	cup, halves=140
170109	Peppers, sweet, green, cooked, boiled, drained, with salt	26	0.92	6.11	3.19	0.2	1.2	tbsp=11.6|pepper=73|cup, chopped=184
170428	Peppers, sweet, green, cooked, boiled, drained, without salt	28	0.92	6.7	3.19	0.2	1.2	cup, chopped or strips=135|tablespoon, chopped=11.6
170023	Peppers, sweet, green, frozen, chopped, boiled, drained, without salt	18	0.95	3.9		0.18	0.9	
170516	Peppers, sweet, green, frozen, chopped, cooked, boiled, drained, with salt	16	0.95	3.31		0.18	0.9	cup, chopped or strips=135|tablespoon, chopped=11.6
170022	Peppers, sweet, green, frozen, chopped, unprepared	20	1.08	4.45		0.21	1.6	package (10 oz)=287.9|package (10 oz)=284
170427	Peppers, sweet, green, raw	20	0.86	4.64	2.4	0.17	1.7	cup, chopped=149|cup, sliced=92|tbsp=9.3|large (2-1/4 per lb, approx 3-3/4" long, 3" dia)=164|medium (approx 2-3/4" long, 2-1/2" dia)=119|ring (3" dia, 1/4" thick)=10|small=74|strips=2.7
170024	Peppers, sweet, green, sauteed	116	0.78	4.22	2.17	11.85	1.8	cup chopped=115
168546	Peppers, sweet, red, canned, solids and liquids	18	0.8	3.9		0.3	1.2	cup, halves=140|cup, halves=140
170515	Peppers, sweet, red, cooked, boiled, drained, with salt	26	0.92	6.11	4.39	0.2	1.2	tbsp=12|pepper=73|cup, chopped=184
170110	Peppers, sweet, red, cooked, boiled, drained, without salt	28	0.92	6.7	4.39	0.2	1.2	cup, strips=135|tbsp=11.6|cup, chopped=136
169373	Peppers, sweet, red, freeze-dried	314	17.9	68.7	40.77	3	21.3	tbsp=0.4|cup=6.4
168549	Peppers, sweet, red, frozen, chopped, boiled, drained, with salt	16	0.95	3.31	2.86	0.18	0.8	cup, chopped or strips=135|tablespoon, chopped=11.6
168548	Peppers, sweet, red, frozen, chopped, boiled, drained, without salt	16	0.95	3.31	2.86	0.18	0.8	cup, chopped or strips=135|tablespoon, chopped=11.6
168547	Peppers, sweet, red, frozen, chopped, unprepared	20	1.08	4.45	3.26	0.21	1.6	package (10 oz)=287.9|package (10 oz)=284
170108	Peppers, sweet, red, raw	26	0.99	6.03	4.2	0.3	2.1	cup, chopped=149|cup, sliced=92|tablespoon=9.3|large (2-1/4 per pound, approx 3-3/4" long, 3" dia.)=164|medium (approx 2-3/4" long, 2-1/2 dia.)=119|small=74|ring (3" dia., 1/4" thick)=10
168550	Peppers, sweet, red, sauteed	133	1.04	6.57	4.28	12.75	1.8	cup chopped=106
169383	Peppers, sweet, yellow, raw	27	1	6.32		0.21	0.9	pepper, large (3-3/4" long, 3" dia)=186|strips=5.2
169942	Persimmons, japanese, dried	274	1.38	73.43		0.59	14.5	fruit without refuse=34
169941	Persimmons, japanese, raw	70	0.58	18.59	12.53	0.19	3.6	fruit (2-1/2" dia)=168
169943	Persimmons, native, raw	127	0.8	33.5		0.4		fruit without refuse=25
174474	Pheasant, breast, meat only, raw	133	24.37	0		3.25	0	oz=28.3|unit (yield from 1 lb ready-to-eat pheasant)=169|breast, bone and skin removed=364
169903	Pheasant, cooked, total edible	239	32.4	0	0	12.1	0	cup, chopped or diced=140
172417	Pheasant, leg, meat only, raw	134	22.2	0		4.3	0	unit (yield from 1 lb ready-to-eat pheasant)=99|leg, bone and skin removed=107
174472	Pheasant, raw, meat and skin	181	22.7	0		9.29	0	oz=28.3|unit (yield from 1 lb ready-to-eat pheasant)=371|pheasant=800
174473	Pheasant, raw, meat only	133	23.57	0		3.64	0	oz=28.3|unit (yield from 1 lb ready-to-eat pheasant)=326|pheasant=704
172791	Phyllo dough	299	7.1	52.6	0.18	6	1.9	oz=28.4|sheet dough=19
174576	Pickle and pimiento loaf, pork	225	11.23	8.46	8.46	15.95	1.5	slice=38|slices=28.5
169386	Pickle relish, hamburger	129	0.63	34.48		0.54	3.2	tbsp=15|cup=244
168560	Pickle relish, hot dog	91	1.5	23.35		0.46	1.5	tbsp=15|cup=244
168561	Pickle relish, sweet	130	0.37	35.06	29.13	0.47	1.1	tbsp=15|packet (2/3 tbsp)=10|cup=245
169397	Pickles, chowchow, with cauliflower onion mustard, sweet	121	1.5	26.64	23.88	0.9	1.5	cup=245
168558	Pickles, cucumber, dill or kosher dill	12	0.5	2.41	1.07	0.3	1	spear, small=35|slice=7|large (4" long)=135|cup, chopped or diced=143|cup (about 23 slices)=155
168563	Pickles, cucumber, dill, reduced sodium	12	0.5	2.41	1.07	0.3	1	spear, small=35|slice=7|large (4" long)=135|cup, chopped or diced=143|cup, (about 23 slices)=155
169379	Pickles, cucumber, sour	11	0.33	2.26	1.06	0.2	1.2	cup=155|large (4" long)=135|medium (3-3/4" long)=65|slice=7|small=37|spear=30
168562	Pickles, cucumber, sour, low sodium	11	0.33	2.26	1.06	0.2	1.2	cup, chopped or diced=143|cup (about 23 slices)=155|large (4" long)=135|medium (3-3/4" long)=65|slice=6|small=37|spear=30
169378	Pickles, cucumber, sweet (includes bread and butter pickles)	91	0.58	21.15	18.27	0.41	1	cup, chopped=160|cup sliced or chips=153|large Gherkin (3" long)=35|Gherkin (2-3/4" long)=25|midget Gherkin (2-1/8" long)=6|chip=7.5|small Gherkin (2-1/2" long)=15|spear Gherkin=20
169380	Pickles, cucumber, sweet, low sodium (includes bread and butter pickles)	122	0.37	33.73	26.68	0.26	1.1	slice=6|medium=35|small=15|large=35|cup, sliced=170|cup, chopped or diced=160
172933	Picnic loaf, pork, beef	232	14.92	4.76		16.64	0	slice (1 oz) (4" x 4" x 3/32" thick)=28|slices=28.5
167521	Pie Crust, Cookie-type, Chocolate, Ready Crust	484	6.08	64.48	26.31	22.42	2.7	crust=182
167520	Pie Crust, Cookie-type, Graham Cracker, Ready Crust	501	5.1	64.3	18.13	24.83	1.9	oz=28.4|crust=183
172811	Pie crust, cookie-type, prepared from recipe, graham cracker, chilled	484	4.1	63.9	37.57	24.4	1.5	piece (1/8 of 9" crust)=30|crust, single 9"=244
172813	Pie crust, cookie-type, prepared from recipe, vanilla wafer, chilled	531	3.7	50.2	7.33	36.2	0.1	cup=129|crust, single 9"=176|piece (1/8 of 9" crust)=22
167931	Pie crust, deep dish, frozen, baked, made with enriched flour	521	6.1	52.47		31.84	2.3	pie crust (average weight)=202
167523	Pie crust, deep dish, frozen, unbaked, made with enriched flour	468	5.52	46.79		28.74	1.4	pie crust (average weight)=225
167930	Pie crust, refrigerated, regular, baked	506	3.41	58.52		28.69	1.4	pie crust=198
167932	Pie crust, refrigerated, regular, unbaked	445	2.97	51.11		25.46	1.8	pie crust (average weight)=229
175022	Pie crust, standard-type, dry mix	518	6.9	52.1		31.4		oz=28.4|package (10 oz)=284
175023	Pie crust, standard-type, dry mix, prepared, baked	501	6.7	50.4		30.4	1.8	piece (1/8 of 9" crust)=20|crust, single 9"=160
175024	Pie crust, standard-type, frozen, ready-to-bake, enriched	457	6.16	48.62	3.72	26.07	2.5	piece (1/8 of 9" crust)=18|pie crust (average weight of 1 frozen crust)=173
175025	Pie crust, standard-type, frozen, ready-to-bake, enriched, baked	508	6.5	56.24	4.23	28.59	3.3	pie crust (average weight of 1 baked crust)=154
175065	Pie crust, standard-type, frozen, ready-to-bake, unenriched	457	3.9	44.1		29.2	0.9	crust, single 9"=142|piece (1/8 of 9" crust)=16
175026	Pie crust, standard-type, prepared from recipe, baked	527	6.4	47.5	0.17	34.6	1.7	piece (1/8 of 9" crust)=23|crust, single 9"=180
172814	Pie crust, standard-type, prepared from recipe, unbaked	469	5.7	42.3	0.15	30.8	3.4	piece (1/8 of 9" crust)=24|crust, single 9"=194
168822	Pie fillings, apple, canned	100	0.1	26.1	13.8	0.1	1	can=616.7|serving=85|can (21 oz)=595
167738	Pie fillings, blueberry, canned	181	0.41	44.38	37.75	0.2	2.6	serving=151|cup=262
168824	Pie fillings, canned, cherry	115	0.37	28		0.07	0.6	can=616.7|can (21 oz)=595
169062	Pie fillings, cherry, low calorie	53	0.82	11.98	9.15	0.16	1.2	serving=85|cup=264
175011	Pie, apple, commercially prepared, enriched flour	237	1.9	34	15.65	11	1.6	oz=28.4|piece (1/8 of 9" dia)=125|piece (1/6 of 8" pie)=117
173239	Pie, apple, commercially prepared, unenriched flour	237	1.9	34		11	1.6	oz=28.4|piece (1/8 of 9" dia)=125|piece (1/6 of 8" pie)=117
175012	Pie, apple, prepared from recipe	265	2.4	37.1		12.5		oz=28.4|piece (1/8 of 9" dia)=155
175013	Pie, banana cream, prepared from mix, no-bake type	251	3.4	31.6		12.9	0.6	oz=28.4|piece (1/8 of 9" dia)=92|piece (1/6 of 8" pie)=123
172777	Pie, banana cream, prepared from recipe	269	4.4	32.9	12.06	13.6	0.7	oz=28.4|pie (9" dia)=1186|piece (1/8 of 9" dia)=144
172778	Pie, blueberry, commercially prepared	232	1.8	34.9	9.89	10	1	oz=28.4|piece (1/8 of 9" dia)=125|piece (1/6 of 8" pie)=117
172779	Pie, blueberry, prepared from recipe	245	2.7	33.5		11.9		oz=28.4|piece (1/8 of 9" dia)=147
172780	Pie, cherry, commercially prepared	260	2	39.8	14.29	11	0.8	oz=28.4|piece (1/8 of 9" dia)=125|piece (1/6 of 8" pie)=117
172781	Pie, cherry, prepared from recipe	270	2.8	38.5		12.2		oz=28.4|piece (1/8 of 9" dia)=180
175014	Pie, chocolate creme, commercially prepared	353	4.15	38.44	27.39	22.41	0.8	serving .167 pie=120|oz=28.4|piece (1/4 of 6" pie)=99|piece (1/6 of 8" pie)=113
175015	Pie, chocolate mousse, prepared from mix, no-bake type	260	3.5	29.6		15.4		oz=28.4|piece (1/8 of 9" dia)=95
175017	Pie, coconut cream, prepared from mix, no-bake type	276	2.8	28.5		17.6	0.5	oz=28.4|piece (1/8 of 9" dia)=94
175016	Pie, coconut creme, commercially prepared	298	2.1	37.3	18.52	16.6	1.3	oz=28.4|piece (1/6 of 7" pie)=64|piece (1/8 of 7" pie)=48
172782	Pie, coconut custard, commercially prepared	260	5.9	30.2		13.2	1.8	oz=28.4|piece (1/6 of 8" pie)=104
167522	Pie, Dutch Apple, Commercially Prepared	290	2.17	44.54	22.02	11.5	1.6	pie 1 pie (1/8 of 9" pie)=1091.7|slice=137|pie=1137|oz=28.4
172783	Pie, egg custard, commercially prepared	210	5.5	20.8	11.58	11.6	1.6	oz=28.4|piece (1/6 of 8" pie)=105
173240	Pie, fried pies, cherry	316	3	42.6		16.1	2.6	oz=28.4|pie (5" x 3-3/4")=128
172784	Pie, fried pies, fruit	316	3	42.6	21.4	16.1	2.6	oz=28.4|pie (5" x 3-3/4")=128
175064	Pie, fried pies, lemon	316	3	42.6		16.1	2.6	oz=28.4|pie (5" x 3-3/4")=128
172785	Pie, lemon meringue, commercially prepared	268	1.5	47.2	23.86	8.7	1.2	oz=28.4|piece (1/6 of 8" pie)=113
175018	Pie, lemon meringue, prepared from recipe	285	3.8	39.1		12.9		oz=28.4|piece (1/8 of 9" dia)=127
175019	Pie, mince, prepared from recipe	289	2.6	48	28.31	10.8	2.6	oz=28.4|piece (1/8 of 9" dia)=165
175020	Pie, peach	224	1.9	32.9	16.23	10	0.8	oz=28.4|piece (1/6 of 8" pie)=117
175021	Pie, pecan, commercially prepared	407	4.5	59.61	25.18	16.69	2.1	oz=28.4|slice=133|pie=833
172786	Pie, pecan, prepared from recipe	412	4.9	52.2		22.2		oz=28.4|piece (1/8 of 9" dia)=122
172787	Pie, pumpkin, commercially prepared	243	3.9	34.83	18.88	9.75	1.8	oz=28.4|slice=133|pie=995
172788	Pie, pumpkin, prepared from recipe	204	4.5	26.4		9.3		oz=28.4|piece (1/8 of 9" dia)=155
172789	Pie, vanilla cream, prepared from recipe	278	4.8	32.6	12.68	14.4	0.6	oz=28.4|piece (1/8 of 9" dia)=126
172472	Pigeon peas (red gram), mature seeds, cooked, boiled, with salt	121	6.76	23.25		0.38	6.7	cup=168
172437	Pigeon peas (red gram), mature seeds, cooked, boiled, without salt	121	6.76	23.25		0.38	6.7	cup=168
172436	Pigeon peas (red gram), mature seeds, raw	343	21.7	62.78		1.49	15	cup=205
170517	Pigeonpeas, immature seeds, cooked, boiled, drained, with salt	111	5.96	19.49	2.48	1.36	4.2	cup=153
170430	Pigeonpeas, immature seeds, cooked, boiled, drained, without salt	111	5.96	19.49	2.48	1.36	4.2	cup=153
170025	Pigeonpeas, immature seeds, raw	136	7.2	23.88	3	1.64	5.1	cup=154|seeds=0.4
169004	Piki bread, made from blue cornmeal (Hopi)	390	9.06	72.22	1.6	7.16	9.2	piece=28|piece=19
167512	Pillsbury Golden Layer Buttermilk Biscuits, Artificial Flavor, refrigerated dough	307	5.88	41.18	5.88	13.24	1.2	serving=34
167921	Pillsbury Grands, Buttermilk Biscuits, refrigerated dough	293	6.16	42.41	4.6	11.34	1.5	biscuit=34
173259	Pillsbury, Buttermilk Biscuits, Artificial Flavor, refrigerated dough	236	6.4	47.07	4.46	2.79	1.6	biscuit=64|serving=64
173260	Pillsbury, Chocolate Chip Cookies, refrigerated dough	450	3.82	60.75	37.67	21.26	1.7	serving 2 cookies=38
167513	Pillsbury, Cinnamon Rolls with Icing, refrigerated dough	330	4.34	53.42	21.34	11.27	1.4	serving 1 roll with icing=44
173261	Pillsbury, Crusty French Loaf, refrigerated dough	243	8.59	46.35	5.06	2.88	2.6	serving=52
168559	Pimento, canned	23	1.1	5.1	2.71	0.3	1.9	tbsp=12|cup=192|slice=1|pimiento, whole=66
168187	Pineapple juice, canned or bottled, unsweetened, with added ascorbic acid	53	0.36	12.87	9.98	0.12	0.2	cup=250|fl oz=31.3
169947	Pineapple juice, canned or bottled, unsweetened, without added ascorbic acid	53	0.36	12.87	9.98	0.12	0.2	cup=250|fl oz=31.3
168205	Pineapple juice, canned, not from concentrate, unsweetened, with added vitamins A, C and E	50	0.36	12.18	9.98	0.14	0.2	cup=250|fl oz=31.3
169128	Pineapple juice, frozen concentrate, unsweetened, diluted with 3 volume water	51	0.4	12.67	12.47	0.03	0.2	cup=250|fl oz=31.2
169948	Pineapple juice, frozen concentrate, unsweetened, undiluted	179	1.3	44.3	43.6	0.1	0.7	can (6 fl oz)=216
169945	Pineapple, canned, extra heavy syrup pack, solids and liquids	83	0.34	21.5		0.11	0.8	cup, crushed, sliced, or chunks=260
169944	Pineapple, canned, heavy syrup pack, solids and liquids	78	0.35	20.2	16.9	0.11	0.8	cup, crushed, sliced, or chunks=254|slice or ring (3" dia) with liquid=49
167767	Pineapple, canned, juice pack, drained	60	0.51	15.56	14.26	0.11	1.3	cup, chunks=181|cup, crushed=195|cup, sliced=162|spear=26
169126	Pineapple, canned, juice pack, solids and liquids	60	0.42	15.7	14.45	0.08	0.8	cup, crushed, sliced, or chunks=249|slice or ring (3" dia) with liquid=47
169127	Pineapple, canned, light syrup pack, solids and liquids	52	0.36	13.45	12.65	0.12	0.8	cup, crushed, sliced, or chunks=252|slice or ring (3" dia) with liquid=48
169125	Pineapple, canned, water pack, solids and liquids	32	0.43	8.3	7.5	0.09	0.8	cup, crushed, sliced, or chunks=246|slice or ring (3" dia) with liquid=47
169946	Pineapple, frozen, chunks, sweetened	86	0.4	22.2	21.1	0.1	1.1	cup, chunks=245
169124	Pineapple, raw, all varieties	50	0.54	13.12	9.85	0.12	1.4	cup, chunks=165|fruit=905|slice (4-2/3" dia x 3/4" thick)=166|slice (3-1/2" dia x 3/4" thick)=84|slice, thin (3-1/2" dia x 1/2" thick)=56
168194	Pineapple, raw, extra sweet variety	51	0.53	13.5	10.32	0.11	1.4	cup, chunks=165|slice (4-2/3" dia x 3/4" thick)=166|fruit=905|NLEA serving=112
168193	Pineapple, raw, traditional varieties	45	0.55	11.82	8.29	0.13		cup, chunks=165|slice (4-2/3" dia x 3/4" thick)=175|fruit=1002|NLEA serving=112
169821	Pinon Nuts, roasted (Navajo)	541	7.41	51.06		34.08	43.4	
169129	Pitanga, (surinam-cherry), raw	33	0.8	7.49		0.4		cup=173|fruit without refuse=7
172040	PIZZA HUT 12" Cheese Pizza, Hand-Tossed Crust	271	11.93	31.22	3.37	10.89	1.8	slice=96|pizza=738
172041	PIZZA HUT 12" Cheese Pizza, Pan Crust	280	11.73	29.93	3.21	12.56	1.7	slice=100|pizza=728
172042	PIZZA HUT 12" Cheese Pizza, THIN 'N CRISPY Crust	303	15.29	28.64	2.67	14.1	1.6	slice=69|pizza=573
173279	PIZZA HUT 12" Pepperoni Pizza, Hand-Tossed Crust	280	12.86	31.55	3.67	11.38	1.7	slice=96|pizza=744
173280	PIZZA HUT 12" Pepperoni Pizza, Pan Crust	298	11.97	30.49	3.2	14.21	1.8	slice=96|pizza=778
173281	PIZZA HUT 12" Super Supreme Pizza, Hand-Tossed Crust	243	10.9	25.62	3.71	10.72	2	slice=127|pizza=1107|pizza=1082
173290	PIZZA HUT 14" Cheese Pizza, Hand-Tossed Crust	275	11.98	33.42	3.13	10.42	2.4	slice=105|pizza=841
173291	PIZZA HUT 14" Cheese Pizza, Pan Crust	276	10.85	32.85	2.47	11.25	2.1	slice=112|pizza=897
170774	PIZZA HUT 14" Cheese Pizza, Stuffed Crust	274	12.23	30	2.9	11.63	1.7	slice=117|pizza=937
172051	PIZZA HUT 14" Cheese Pizza, THIN 'N CRISPY Crust	306	13.37	34.22	3.13	12.8	2.4	slice=79|pizza=641
172052	PIZZA HUT 14" Pepperoni Pizza, Hand-Tossed Crust	291	12.23	32.11	2.82	12.63	2.6	slice=110|pizza=883
172053	PIZZA HUT 14" Pepperoni Pizza, Pan Crust	291	11.47	31.79	1.95	13.07	2	slice=113|pizza=909
170369	PIZZA HUT 14" Pepperoni Pizza, THIN 'N CRISPY Crust	333	14.13	32.66	2.79	16.17	2.1	slice=80|pizza=634
170769	PIZZA HUT 14" Sausage Pizza, Hand-Tossed Crust	287	11.92	29.39	2.72	13.5	2.3	slice=119|pizza=952
170372	PIZZA HUT 14" Sausage Pizza, Pan Crust	287	11.08	29.56	1.82	13.85	2	slice=125|pizza=1003
170768	PIZZA HUT 14" Sausage Pizza, THIN 'N CRISPY Crust	323	13.95	28.7	2.62	16.9	2.4	slice=92|pizza=737
172054	PIZZA HUT 14" Super Supreme Pizza, Hand-Tossed Crust	248	11.34	26.01	3.04	10.95	2.3	slice=123|pizza=1313
170789	PIZZA HUT, breadstick, parmesan garlic	343	12.2	44.48	1.11	12.88	2.4	breadstick=43
168957	Pizza rolls, frozen, unprepared	328	8.73	50.72	3.74	9.98	1.2	serving 6 rolls=80
170317	Pizza, cheese topping, regular crust, frozen, cooked	268	10.36	29.02	3.57	12.28	2.2	serving 9 servings per 24 oz package=81|serving 3 servings per 15.1 oz package=151|serving 2 servings per 9.8 oz package=146|serving 1 serving per 8 oz box=199|package 24 oz pizza=727|package 15.1 oz pizza=452|package 9.8 oz pizza=293|package 8 oz pizza=199
170714	Pizza, cheese topping, rising crust, frozen, cooked	260	12.37	32.91	5.09	8.78	2.5	serving 6 servings per 29.25 oz package=139|serving 4 servings per 19.7 oz package=149|package 29.25 oz pizza=834|package 19.7 oz pizza=595
170373	Pizza, cheese topping, thin crust, frozen, cooked	263	11.91	28.8	3.71	11.07	3	slice=69|pie=556
170715	Pizza, meat and vegetable topping, regular crust, frozen, cooked	276	11.28	25.14	4.85	14.43	2.2	serving 5 servings per 24.2 oz package=143|serving 5 servings per 22.85 oz package=129|serving 2 servings per 10.9 oz package=177|package 24.2 oz pizza=713|package 22.85 oz pizza=644|package 10.9 oz pizza=354
170716	Pizza, meat and vegetable topping, rising crust, frozen, cooked	271	12.63	28.78	7.26	11.75	2.3	serving 6 servings per 34.98 oz package=170|serving 6 servings per 30.7 oz package=149|serving 3 servings per 14.3 oz package=138|package 34.98 oz pizza=1020|package 30.7 oz pizza=891|package 14.3 oz pizza=415
172095	Pizza, meat topping, thick crust, frozen, cooked	274	11.76	30.76	3.88	11.52	2.3	slice 1/8 of 12" pizza=103|slice 1/8 of 14" pizza=127
172096	Pizza, pepperoni topping, regular crust, frozen, cooked	274	14.38	24.69	3.39	13.13	2	pizza 12" diameter=508|pizza 12" diameter=532
168216	Plantains, green, boiled	121	1.09	29.15	2.25	0.08	2.6	cup=137
168199	Plantains, green, fried	309	1.5	49.17	3.63	11.81	3.5	cup=118|slices (1/4" thick)=5.3
168215	Plantains, green, raw	152	1.25	36.66	2.29	0.07	2.2	plantain=267
169131	Plantains, yellow, baked	155	1.52	41.37	21.33	0.16	2.2	cup=139|slice=10.5
168200	Plantains, yellow, fried, Latino restaurant	236	1.42	40.77	21.76	7.51	3.2	cup=169
169130	Plantains, yellow, raw	122	1.3	31.89	17.51	0.35	1.7	plantain=270|cup, sliced=148
168183	Plums, canned, heavy syrup, drained	89	0.44	23.12	21.58	0.14	1.5	cup, with pits, yields=183
169133	Plums, canned, purple, extra heavy syrup pack, solids and liquids	101	0.36	26.31		0.1	1	cup, pitted=261
169132	Plums, canned, purple, heavy syrup pack, solids and liquids	89	0.36	23.24	22.31	0.1	0.9	cup, pitted=258|plum with liquid=46
169951	Plums, canned, purple, juice pack, solids and liquids	58	0.51	15.15	14.22	0.02	0.9	cup, pitted=252|plum with liquid=46
169952	Plums, canned, purple, light syrup pack, solids and liquids	63	0.37	16.28	15.35	0.1	0.9	cup, pitted=252|plum with liquid=46
169950	Plums, canned, purple, water pack, solids and liquids	41	0.39	11.03	10.1	0.01	0.9	cup, pitted=249|plum with liquid=46
167752	Plums, dried (prunes), stewed, with added sugar	124	1.09	32.88		0.22	3.8	cup, pitted=248
167751	Plums, dried (prunes), stewed, without added sugar	107	0.96	28.08	24.98	0.16	3.1	cup, pitted=248
168162	Plums, dried (prunes), uncooked	240	2.18	63.88	38.13	0.38	7.1	cup, pitted=174|prune, pitted=9.5
169949	Plums, raw	46	0.7	11.42	9.92	0.28	1.4	cup, sliced=165|fruit (2-1/8" dia)=66|NLEA serving=151
169820	Plums, wild (Northern Plains Indians)	91	0.43	21.95	10.61	0.17	6	cup=161
170431	Poi	112	0.38	27.23	0.39	0.14	0.4	cup=240
170518	Pokeberry shoots, (poke), cooked, boiled, drained, with salt	20	2.3	3.1	1.6	0.4	1.5	cup=165
170433	Pokeberry shoots, (poke), cooked, boiled, drained, without salt	20	2.3	3.1	1.6	0.4	1.5	cup=165|tbsp=10
170432	Pokeberry shoots, (poke), raw	23	2.6	3.7		0.4	1.7	cup=160
174577	Polish sausage, pork	326	14.1	1.63		28.72	0	oz=28.3|sausage (10" long x 1-1/4" dia)=227
167787	Pomegranate juice, bottled	54	0.15	13.13	12.65	0.29	0.1	cup=249|fl oz=31.4
169134	Pomegranates, raw	83	1.67	18.7	13.67	1.17	4	cup arils (seed/juice sacs)=174|pomegranate (4" dia)=282
168139	Popcorn, microwave, low fat and sodium	429	12.6	73.39	0.54	9.5	14.2	oz=28.4
173141	Popcorn, microwave, regular (butter) flavor, made with palm oil	535	8.38	57.26	0.3	30.22	10	cup=7.9|bag=87
169685	Popcorn, sugar syrup/caramel, fat-free	381	2	90.06	64.68	1.4	2.5	oz=28.4
172086	POPEYES, biscuit	401	6	40.95	3.46	23.71	3.8	biscuit=60
172087	POPEYES, Coleslaw	161	0.98	14.12	10.83	11.18	1.7	package=120|cup=190
170353	POPEYES, Fried Chicken, Mild, Breast, meat and skin with breading	274	21.67	9.83	0	16.47	0.4	breast, with skin=194|breast, without skin=132|breast, bone and skin removed=99
170748	POPEYES, Fried Chicken, Mild, Breast, meat only, skin and breading removed	157	28.98	0		4.52		breast without skin=132|breast bone and skin removed=99
170354	POPEYES, Fried Chicken, Mild, Drumstick, meat and skin with breading	293	20.44	9.84		19.14		drumstick, with skin=76|drumstick, without skin=59|drumstick, bone and skin removed=44
170749	POPEYES, Fried Chicken, Mild, Drumstick, meat only, skin and breading removed	170	26.51	0.04		7.14		drumstick, bone and skin removed=44|drumstick, without skin=59
170350	POPEYES, Fried Chicken, Mild, Skin and Breading	433	13.96	21.54	0	32.32	1	
170750	POPEYES, Fried Chicken, Mild, Thigh, meat and skin with breading	310	19.14	11.2	0	20.99	0.5	thigh with skin=138|thigh without skin=83|thigh bone and skin removed=54
170351	POPEYES, Fried Chicken, Mild, Thigh, meat only, skin and breading removed	188	24.31	0.85		9.66		thigh thigh without skin=83|thigh bone and skin removed=54
170751	POPEYES, Fried Chicken, Mild, Wing, meat and skin with breading	338	20.4	13.52	0	22.48	0.6	wing, with skin=57|wing, without skin=35|wing, bone and skin removed=17
170352	POPEYES, Fried Chicken, Mild, Wing, meat only, skin and breading removed	212	28.94	2.9		9.42		wing without skin, bone and breading=16
172088	POPEYES, Mild Chicken Strips, analyzed 2006	271	19.2	19.31	0	13.01	0.8	strip=54
170338	POPEYES, Spicy Chicken Strips, analyzed 2006	253	19.61	18.52	0	11.2	1.2	strip=53
172792	Popovers, dry mix, enriched	371	10.4	71		4.3		oz=28.4|package (6 oz)=170
175066	Popovers, dry mix, unenriched	371	10.4	71		4.3		oz=28.4|package (6 oz)=170
168377	Pork loin, fresh, backribs, bone-in, cooked-roasted, lean only	255	24.15	0	0	17.65	0	oz=28.3|ribs=878
168376	Pork loin, fresh, backribs, bone-in, raw, lean only	172	20.85	0	0	9.84	0	oz=28.2|ribs=1071
167698	Pork sausage rice links, brown and serve, cooked	407	13.7	2.36	0	37.63	0	links 1 NLEA serving=22.5|links 1 NLEA serving=20
174578	Pork sausage, link/patty, cooked, pan-fried	325	18.53	1.42	1.09	27.25	0	patty=27|link=23|serving=48
172971	Pork sausage, link/patty, fully cooked, microwaved	438	15.12	0.62	0.62	41.66	0	patty=30|link=21|serving=48
173876	Pork sausage, link/patty, fully cooked, unheated	392	13.46	0.69	0.53	37.25	0	link=23|patty=37
171636	Pork sausage, link/patty, reduced fat, cooked, pan-fried	267	20.94	0.15	0	20.32	0	oz=28.3|package=343
171635	Pork sausage, link/patty, reduced fat, unprepared	217	16.75	0.2	0	16.55	0	oz=28.3|package=343
172934	Pork sausage, link/patty, unprepared	288	15.39	0.93	0.93	24.8	0	link=25
173882	Pork sausage, reduced sodium, cooked	271	9.41	8.13	0	22.35	0	oz=28.3
168324	Pork, bacon, rendered fat, cooked	898	0.07	0	0	99.5	0	oz=28.3
167914	Pork, cured, bacon, cooked, baked	548	35.73	1.35	0	43.27	0	oz=28.3|slice cooked=8.1
167712	Pork, cured, bacon, cooked, broiled, pan-fried or roasted, reduced sodium	541	37.04	1.43	0	41.78	0	oz=28.3|slice cooked=8
168321	Pork, cured, bacon, cooked, microwaved	476	39.01	0.48	0	34.12	0	slice cooked=9.1
168322	Pork, cured, bacon, pre-sliced, cooked, pan-fried	468	33.92	1.7	0	35.09	0	oz=28.3|slice=11.5
168277	Pork, cured, bacon, unprepared	393	13.66	0	0.35	37.13	0	oz=28.2|slice raw=28|package=442
168278	Pork, cured, breakfast strips, raw or unheated	388	11.74	0.7		37.16	0	oz=28.3|slices=22.7|package (12 oz)=340
167870	Pork, cured, feet, pickled	140	11.63	0.01	0	10.02	0	oz=28.3|lb=453.6
169164	Pork, cured, ham -- water added, rump, bone-in, separable lean and fat, heated, roasted	161	20.1	0.99	0.78	8.56	0	oz (3 oz)=28.3|roast rump=2970
168348	Pork, cured, ham -- water added, rump, bone-in, separable lean and fat, unheated	172	13.99	0.8	0.62	12.5	0	oz=28.3|lb=453.6
167915	Pork, cured, ham -- water added, rump, bone-in, separable lean only, heated, roasted	121	21.41	0.87	0.84	3.56	0	serving (3 oz)=28.3|roast rump=2970
167916	Pork, cured, ham -- water added, rump, bone-in, separable lean only, unheated	95	15.43	0.67	0.67	3.48	0	oz=28.3
169165	Pork, cured, ham -- water added, shank, bone-in, separable lean and fat, heated, roasted	200	18.62	1.35	0.79	13.37	0	oz (3 oz)=28.3|roast shank=3054
168347	Pork, cured, ham -- water added, shank, bone-in, separable lean and fat, unheated	167	16.65	0.66	0.66	11.02	0	oz=28.3|lb=453.6
167917	Pork, cured, ham -- water added, shank, bone-in, separable lean only, heated, roasted	128	20.92	1.2	0.91	4.43	0	oz (3 oz)=28.3|roast shank=3054
168336	Pork, cured, ham -- water added, shank, bone-in, separable lean only, unheated	91	18.65	0.71	0.71	1.87	0	oz=28.3
169166	Pork, cured, ham -- water added, slice, bone-in, separable lean and fat, heated, pan-broil	166	20.8	1.54	1.54	8.73	0	oz (3 oz)=28.3|slice=436
168346	Pork, cured, ham -- water added, slice, bone-in, separable lean and fat, unheated	164	15.73	1.1	1.1	10.77	0	oz=28.3|lb=453.6
167918	Pork, cured, ham -- water added, slice, bone-in, separable lean only, heated, pan-broil	131	22.04	1.48	1.48	4.3	0	oz (3 oz)=28.3|slice=436
169151	Pork, cured, ham -- water added, slice, bone-in, separable lean only, unheated	95	17.38	1.23	1.23	2.29	0	oz=28.3
169167	Pork, cured, ham -- water added, slice, boneless, separable lean and fat, heated, pan-broil	125	18.62	1.72	1.72	5.05	0	oz (3 oz)=28.3|slice=189
168329	Pork, cured, ham -- water added, slice, boneless, separable lean only, heated, pan-broil	119	18.82	1.75	1.75	4.09	0	oz (3 oz)=28.3|slice=189
168349	Pork, cured, ham -- water added, whole, boneless, separable lean and fat, heated, roasted	126	17.77	1.54	1.54	5.48	0	oz (3 oz)=28.3|roast=1867
168345	Pork, cured, ham -- water added, whole, boneless, separable lean and fat, unheated	121	17.06	1.42	1.42	5.38	0	oz whole=28.3|lb whole=453.6
169148	Pork, cured, ham -- water added, whole, boneless, separable lean only, heated, roasted	117	17.99	1.57	1.57	4.39	0	oz=28.3|roast whole=1867
169149	Pork, cured, ham -- water added, whole, boneless, separable lean only, unheated	110	17.34	1.45	1.45	3.97	0	oz=28.3
168350	Pork, cured, ham and water product, rump, bone-in, separable lean and fat, heated, roasted	186	19.46	1.15	1.03	11.48	0	oz (3 oz)=28.3|roast rump=2533
169163	Pork, cured, ham and water product, rump, bone-in, separable lean and fat, unheated	179	16.09	1.35	0.88	12.13	0	oz rump=28.3|lb rump=453.6
168332	Pork, cured, ham and water product, rump, bone-in, separable lean only, heated, roasted	131	21.28	1.15	1.15	4.7	0	oz (3 oz)=28.3|roast rump=2533
169152	Pork, cured, ham and water product, rump, bone-in, separable lean only, unheated	107	17.93	1.24	0.97	3.38	0	oz=28.3|lb=453.6
168351	Pork, cured, ham and water product, shank, bone-in, separable lean and fat, heated, roasted	234	18.17	1.42	0.99	17.29	0	oz (3 oz)=28.3|roast shank=3204
169162	Pork, cured, ham and water product, shank, bone-in, separable lean and fat, unheated	243	14.28	1.42	0.86	20	0	oz shank=28.3|lb shank=453.6
169150	Pork, cured, ham and water product, shank, bone-in, separable lean only, heated, roasted	132	21.69	1.26	1.26	4.45	0	oz (3 oz)=28.3|roast shank=3204
169154	Pork, cured, ham and water product, shank, bone-in, unheated, separable lean only	113	17.53	1.2	1.06	4.18	0	oz=28.3
168352	Pork, cured, ham and water product, slice, bone-in, separable lean and fat, heated, pan-broil	155	19.85	1.41	1.03	7.78	0	oz (3 oz)=28.3|slice=446
169161	Pork, cured, ham and water product, slice, bone-in, separable lean and fat, unheated	149	13.69	2.72	0.85	9.29	0	oz=28.3|lb=453.6
168325	Pork, cured, ham and water product, slice, bone-in, separable lean only, heated, pan-broil	122	20.9	1.35	1.1	3.63	0	oz (3 oz)=28.3|slice=446
169153	Pork, cured, ham and water product, slice, bone-in, separable lean only, unheated	103	14.47	2.82	0.91	3.78	0	oz=28.3
169168	Pork, cured, ham and water product, slice, boneless, separable lean and fat, heated, pan-broil	124	15.08	4.69	4.69	5.13	0	oz (3 oz)=28.3|slice=136
168326	Pork, cured, ham and water product, slice, boneless, separable lean only, heated, pan-broil	123	15.09	4.69	4.69	5.06	0	oz (3 oz)=28.3|slice=138
169169	Pork, cured, ham and water product, whole, boneless, separable lean and fat, heated, roasted	123	13.88	4.61	4.61	5.46	0	oz (3 oz)=28.3|roast=1995
169160	Pork, cured, ham and water product, whole, boneless, separable lean and fat, unheated	117	14.05	4.21	4.21	4.99	0	oz whole=28.3|lb whole=453.6
168327	Pork, cured, ham and water product, whole, boneless, separable lean only, heated, roasted	123	13.88	4.61	4.61	5.46	0	oz=28.3|serving (3 oz)=85|roast=1995
168328	Pork, cured, ham and water product, whole, boneless, separable lean only, unheated	116	14.07	4.22	4.22	4.86	0	oz=28.3
169170	Pork, cured, ham with natural juices, rump, bone-in, separable lean and fat, heated, roasted	177	22.47	0.6	0.45	9.39	0	oz (3 oz)=28.3|roast rump=2673
168344	Pork, cured, ham with natural juices, rump, bone-in, separable lean and fat, unheated	200	19.7	0.43	0.43	13.26	0	oz rump=28.3|lb rump=453.6
167919	Pork, cured, ham with natural juices, rump, bone-in, separable lean only, heated, roasted	137	24.14	0.48	0.48	4.25	0	oz (3 oz)=28.3|roast rump=2673
168337	Pork, cured, ham with natural juices, rump, bone-in, separable lean only, unheated	122	22.71	0.43	0.43	3.47	0	oz=28.3
169171	Pork, cured, ham with natural juices, shank, bone-in, separable lean and fat, heated, roasted	191	22.88	0.33	0.33	10.93	0	oz (3 oz)=28.3|roast shank=3170
168343	Pork, cured, ham with natural juices, shank, bone-in, separable lean and fat, unheated	191	22.35	0.32	0.32	11.11	0	oz shank=28.3|lb shank=453.6
167920	Pork, cured, ham with natural juices, shank, bone-in, separable lean only, heated, roasted	145	24.95	0.34	0.34	4.97	0	serving (3 oz)=85|roast shank=3170
168338	Pork, cured, ham with natural juices, shank, bone-in, separable lean only, unheated	130	25.11	0.3	0.3	3.33	0	oz=28.3
169172	Pork, cured, ham with natural juices, slice, bone-in, separable lean and fat, heated, pan-broil	180	26.18	0.17	0.02	8.28	0	oz (3 oz)=28.3|slice=445
168342	Pork, cured, ham with natural juices, slice, bone-in, separable lean and fat, unheated	159	22.82	0.17	0.04	7.4	0	oz=28.3
168330	Pork, cured, ham with natural juices, slice, bone-in, separable lean only, heated, pan-broil	150	27.75	0	0	4.38	0	oz (3 oz)=28.3|slice=445
168339	Pork, cured, ham with natural juices, slice, bone-in, separable lean only, unheated	123	24.34	0	0	2.87	0	oz=28.3|slice=430
168353	Pork, cured, ham with natural juices, slice, boneless, separable lean and fat, heated, pan-broil	118	20.89	1.04	1.04	3.4	0	oz (3 oz)=28.3|slice=277
168333	Pork, cured, ham with natural juices, slice, boneless, separable lean only, heated, pan-broil	116	20.95	1.05	1.05	3.16	0	oz (3 oz)=28.3|slice=277
168354	Pork, cured, ham with natural juices, spiral slice, boneless, separable lean and fat, heated, roasted	139	22.18	1.06	1.06	5.1	0	slice=145|roast=920|oz (3 oz)=28.3
168341	Pork, cured, ham with natural juices, spiral slice, boneless, separable lean and fat, unheated	129	18.66	1.18	1.18	5.75	0	oz spiral slice=28.3|lb spiral slice=453.6
168340	Pork, cured, ham with natural juices, spiral slice, boneless, separable lean only, unheated	109	19.25	1.22	1.22	3.26	0	oz spiral slice=28.3|lb spiral slice=453.6
168331	Pork, cured, ham with natural juices, spiral slice, meat only, boneless, separable lean only, heated, roasted	126	22.56	1.08	1.08	3.78	0	oz=28.3|slice=145|roast=920|serving (3 oz)=85
168355	Pork, cured, ham with natural juices, whole, boneless, separable lean and fat, heated, roasted	114	20.54	0.84	0.81	3.13	0	oz (3 oz)=28.3|roast=1497
169159	Pork, cured, ham with natural juices, whole, boneless, separable lean and fat, unheated	112	19.38	1.02	1.02	3.43	0	oz whole=28.3|lb whole=453.6
168334	Pork, cured, ham with natural juices, whole, boneless, separable lean only, heated, roasted	113	20.57	0.84	0.81	3.01	0	oz (3 oz)=28.3|roast=1497
168335	Pork, cured, ham with natural juices, whole, boneless, separable lean only, unheated	111	19.44	1.03	1.03	3.21	0	oz=28.3|lb=453.6
167871	Pork, cured, ham, boneless, extra lean (approximately 5% fat), roasted	145	20.93	1.5	0	5.53	0	cup=140|oz=28.3
168296	Pork, cured, ham, boneless, extra lean and regular, roasted	165	21.97	0.5	0	7.66	0	cup=140|oz=28.3
168295	Pork, cured, ham, boneless, extra lean and regular, unheated	162	18.26	2.28	0	8.39	0	oz=28.3|cup=140|slice (6-1/4" x 4" x 1/16") (1 oz)=28
168111	Pork, cured, ham, boneless, low sodium, extra lean (approximately 5% fat), roasted	145	20.9	1.5	0	5.5	0	oz=28.3|lb=453
169906	Pork, cured, ham, boneless, low sodium, extra lean and regular, roasted	165	22	0.5	0	7.7	0	oz, boneless=28.3|cubic inch, boneless=17
167872	Pork, cured, ham, boneless, regular (approximately 11% fat), roasted	178	22.62	0	0	9.02	0	cup=140|oz=28.3
168282	Pork, cured, ham, center slice, country-style, separable lean only, raw	195	27.8	0.3	0	8.32	0	oz=28.4|oz=28.2
168283	Pork, cured, ham, center slice, separable lean and fat, unheated	203	20.17	0.05		12.9	0	oz=28.4|oz=28.2
168280	Pork, cured, ham, extra lean (approximately 4% fat), canned, roasted	136	21.16	0.52		4.88	0	cup=140|oz=28.3
168279	Pork, cured, ham, extra lean (approximately 4% fat), canned, unheated	120	18.49	0	0	4.56	0	oz=28.3|cup=140
167886	Pork, cured, ham, extra lean and regular, canned, roasted	167	20.94	0.49	0	8.43	0	cup=140|oz=28.3
167885	Pork, cured, ham, extra lean and regular, canned, unheated	144	17.97	0	0	7.46	0	oz=28.3|cup=140
168110	Pork, cured, ham, low sodium, lean and fat, cooked	172	22.3	0.3	0	8.3	0	oz, boneless=28.3|cubic inch, boneless=17
167873	Pork, cured, ham, patties, unheated	315	12.78	1.69		28.19	0	oz=28.4|patty=65
168281	Pork, cured, ham, regular (approximately 13% fat), canned, roasted	226	20.53	0.42		15.2	0	cup=140|oz=28.3
168356	Pork, cured, ham, rump, bone-in, separable lean and fat, heated, roasted	177	23.95	0.64	0.64	8.88	0	oz (3 oz)=28.3|roast rump=2874
168367	Pork, cured, ham, rump, bone-in, separable lean and fat, unheated	176	22.27	0.52	0.06	9.38	0	oz=28.3
169173	Pork, cured, ham, rump, bone-in, separable lean only, heated, roasted	132	26.02	0.68	0.68	3.07	0	oz (3 oz)=28.3|roast rump=2874
169174	Pork, cured, ham, rump, bone-in, separable lean only, unheated	125	24.46	0.32	0	2.92	0	oz=28.3|lb=453.6
169155	Pork, cured, ham, separable fat, boneless, heated	507	8.77	2	0.28	51.57	0	oz=28.3
169156	Pork, cured, ham, separable fat, boneless, unheated	515	7.5	1.87	0.44	53	0	oz=28.3
168357	Pork, cured, ham, shank, bone-in, separable lean and fat, heated, roasted	191	24.39	0.64	0.64	9.35	0	oz (3 oz)=28.3|roast shank=2800
168358	Pork, cured, ham, shank, bone-in, separable lean and fat, unheated	177	21.61	0.41	0.06	9.85	0	oz=28.3|lb=453.6
169175	Pork, cured, ham, shank, bone-in, separable lean only, heated, roasted	139	26.49	0.68	0.68	3.68	0	oz (3 oz)=28.3|roast shank=2800
169176	Pork, cured, ham, shank, bone-in, separable lean only, unheated	125	23.79	0.18	0	3.19	0	oz=28.3|lb=453.6
168359	Pork, cured, ham, slice, bone-in, separable lean and fat, heated, pan-broil	181	25.48	0.7	0.7	8.48	0	oz (3 oz)=28.3|slice=366
169177	Pork, cured, ham, slice, bone-in, separable lean and fat, unheated	173	22.45	0.21	0.05	9.17	0	oz (3 oz)=28.3|slice=425
169158	Pork, cured, ham, slice, bone-in, separable lean only, heated, pan-broil	148	27.18	0.74	0.74	4.09	0	oz (3 oz)=28.3|slice=366
168360	Pork, cured, ham, slice, bone-in, separable lean only, unheated	130	24.36	0	0	3.59	0	oz (3 oz)=28.3|slice=425
167874	Pork, cured, ham, steak, boneless, extra lean, unheated	122	19.56	0		4.25	0	oz=28.4|slice=57
167875	Pork, cured, ham, whole, separable lean and fat, unheated	246	18.49	0.06	0	18.52	0	cup=140|oz=28.4
168284	Pork, cured, ham, whole, separable lean only, roasted	157	25.05	0	0	5.5	0	cup=140|oz=28.3
167876	Pork, cured, ham, whole, separable lean only, unheated	147	22.32	0.05	0	5.71	0	oz=28.3|cup=140
168287	Pork, cured, salt pork, raw	748	5.05	0	0	80.5	0	oz=28.2|oz=28.4
167878	Pork, cured, separable fat (from ham and arm picnic), roasted	591	7.64	0		61.86	0	oz=28.4|oz=28.3
167877	Pork, cured, separable fat (from ham and arm picnic), unheated	579	5.68	0.09	0	61.41	0	oz=28.4|oz=28.3
167879	Pork, cured, shoulder, arm picnic, separable lean and fat, roasted	280	20.43	0	0	21.35	0	cup=140|oz=28.3
167880	Pork, cured, shoulder, arm picnic, separable lean only, roasted	170	24.94	0	0	7.04	0	cup=140|oz=28.3
168289	Pork, cured, shoulder, blade roll, separable lean and fat, roasted	287	17.28	0.37		23.48	0	oz=28.3|piece, cooked (yield from 1 lb unheated product)=376
168288	Pork, cured, shoulder, blade roll, separable lean and fat, unheated	269	16.47	0		21.98	0	oz=28.4|oz=28.2
167811	Pork, fresh, backfat, raw	812	2.92	0	0	88.69	0	oz=28.2|lb=453.6
168300	Pork, fresh, backribs, separable lean and fat, cooked, roasted	292	23.01	0	0	21.51	0	oz=28.3
168299	Pork, fresh, backribs, separable lean and fat, raw	224	19.07	0	0	16.33	0	oz=28.2
167812	Pork, fresh, belly, raw	518	9.34	0	0	53.01	0	oz=28.2|lb=453.6
168380	Pork, fresh, blade, (chops), boneless, separable lean and fat, cooked, broiled	202	24.73	0.83	0	11.13	0	oz=28.3|chop=131
168219	Pork, fresh, carcass, separable lean and fat, raw	376	13.91	0	0	35.07	0	oz=28.4|lb=453.6
168218	Pork, fresh, composite of separable fat, with added solution, cooked	585	10.06	0.32	0	60.42	0	oz=28.3
169179	Pork, fresh, composite of separable fat, with added solution, raw	508	9.27	0	0	52.33	0	oz=28.2|lb=453
167810	Pork, fresh, composite of trimmed leg, loin, shoulder, and spareribs, (includes cuts to be cured), separable lean and fat, raw	211	18.22	0	0	14.79	0	oz=28.4|lb=453.6
167855	Pork, fresh, composite of trimmed retail cuts (leg, loin, and shoulder), separable lean only, cooked	201	27.51	0	0	9.21	0	oz=28.3|piece, cooked, excluding refuse (yield from 1 lb raw meat with refuse)=231
168220	Pork, fresh, composite of trimmed retail cuts (leg, loin, shoulder), separable lean only, raw	134	21.2	0	0	4.86	0	oz=28.2|lb=453.6
168297	Pork, fresh, composite of trimmed retail cuts (leg, loin, shoulder, and spareribs), separable lean and fat, cooked	238	26.36	0	0	13.89	0	oz=28.3|piece, cooked, excluding refuse (yield from 1 lb raw meat with refuse)=247
167888	Pork, fresh, composite of trimmed retail cuts (leg, loin, shoulder, and spareribs), separable lean and fat, raw	216	18.95	0		14.95	0	oz=28.4|lb=453.6
167906	Pork, fresh, composite of trimmed retail cuts (loin and shoulder blade), separable lean and fat, cooked	235	26.07	0	0	13.66	0	oz=28.3|piece, cooked, excluding refuse (yield from 1 lb raw meat with refuse)=261
168316	Pork, fresh, composite of trimmed retail cuts (loin and shoulder blade), separable lean and fat, raw	177	20.08	0	0	10.14	0	oz=28.4|lb=453.6
167908	Pork, fresh, composite of trimmed retail cuts (loin and shoulder blade), separable lean only, cooked	211	29.47	0		9.44	0	oz=28.3|piece, cooked, excluding refuse (yield from 1 lb raw meat with refuse)=236
167907	Pork, fresh, composite of trimmed retail cuts (loin and shoulder blade), separable lean only, raw	144	21.23	0		5.88	0	oz=28.4|lb=453.6
168361	Pork, fresh, enhanced, loin, tenderloin, separable lean only, raw	106	20.39	0	0	2.09	0	oz=28.2
167903	Pork, fresh, ground, cooked	297	25.69	0	0	20.77	0	oz=28.3
167902	Pork, fresh, ground, raw	263	16.88	0		21.19	0	oz=28.4|oz=28.2
167815	Pork, fresh, leg (ham), rump half, separable lean and fat, cooked, roasted	209	27.03	0	0	10.32	0	cup, diced=135|oz=28.3
167814	Pork, fresh, leg (ham), rump half, separable lean and fat, raw	182	20.27	0	0	10.63	0	oz=28.2|lb=453.6
167817	Pork, fresh, leg (ham), rump half, separable lean only, cooked, roasted	165	28.86	0	0	4.62	0	oz=28.3|roast=3027
167816	Pork, fresh, leg (ham), rump half, separable lean only, raw (Includes foods for USDA's Food Distribution Program)	120	21.81	0	0	2.93	0	oz=28.2|lb=453.6|roast=3952
168227	Pork, fresh, leg (ham), shank half, separable lean and fat, cooked, roasted	232	25.96	0	0	13.42	0	oz=28.3|roast=2900
168226	Pork, fresh, leg (ham), shank half, separable lean and fat, raw	193	19.87	0	0	11.96	0	oz=28.2|lb=453.6|roast=3868
168229	Pork, fresh, leg (ham), shank half, separable lean only, cooked, roasted	175	28.69	0	0	5.83	0	oz=28.3|roast=2900
168228	Pork, fresh, leg (ham), shank half, separable lean only, raw	119	21.66	0	0	2.95	0	oz=28.2|lb=453.6|roast=3868
168223	Pork, fresh, leg (ham), whole, separable lean and fat, cooked, roasted	273	26.83	0	0	17.61	0	cup, diced=135|oz=28.3
168222	Pork, fresh, leg (ham), whole, separable lean and fat, raw	245	17.43	0		18.87	0	oz=28.2|lb=453.6
168225	Pork, fresh, leg (ham), whole, separable lean only, cooked, roasted	211	29.41	0	0	9.44	0	cup, diced=135|oz=28.3
168224	Pork, fresh, leg (ham), whole, separable lean only, raw	136	20.48	0	0	5.41	0	oz=28.2|lb=453.6
167822	Pork, fresh, loin, blade (chops or roasts), bone-in, separable lean and fat, raw	194	19.56	0	0	12.27	0	oz=28.2|chop=263
168234	Pork, fresh, loin, blade (chops or roasts), bone-in, separable lean only, raw	143	21.22	0	0	5.84	0	oz=28.2|chop=263
168381	Pork, fresh, loin, blade (chops or roasts), boneless, separable lean and fat only, raw	157	20.54	0.76	0	7.94	0	oz=28.2|chop=176
169194	Pork, fresh, loin, blade (chops or roasts), boneless, separable lean only, raw	123	21.35	0.82	0	3.78	0	oz=28.2|chop=176
167823	Pork, fresh, loin, blade (chops), bone-in, separable lean and fat, cooked, braised	255	26.54	0	0	15.71	0	oz=28.3|chop=206
167824	Pork, fresh, loin, blade (chops), bone-in, separable lean and fat, cooked, broiled	231	23.72	0	0	14.35	0	oz=28.3|chop=219
167884	Pork, fresh, loin, blade (chops), bone-in, separable lean and fat, cooked, pan-fried	256	25.02	0	0	16.56	0	oz=28.3|chop=215
168235	Pork, fresh, loin, blade (chops), bone-in, separable lean only, cooked, braised	222	28.02	0	0	11.29	0	oz=28.3|chop=206
168236	Pork, fresh, loin, blade (chops), bone-in, separable lean only, cooked, broiled	193	24.99	0	0	9.56	0	oz=28.3|chop=219
167868	Pork, fresh, loin, blade (chops), bone-in, separable lean only, cooked, pan-fried	222	26.38	0	0	12.14	0	oz=28.3|chop=215
169196	Pork, fresh, loin, blade (chops), boneless, separable lean only, boneless, cooked, broiled	169	26.14	0.89	0	6.74	0	oz=28.3|chop=131
167825	Pork, fresh, loin, blade (roasts), bone-in, separable lean and fat, cooked, roasted	254	24.29	0	0	16.71	0	oz=28.3|roast=830
168237	Pork, fresh, loin, blade (roasts), bone-in, separable lean only, cooked, roasted	217	25.7	0	0	11.89	0	oz=28.3|roast=830
169198	Pork, fresh, loin, blade (roasts), boneless, separable lean and fat, cooked, roasted	199	26.48	0	0	10.32	0	oz=28.3|roast=848
169195	Pork, fresh, loin, blade (roasts), boneless, separable lean only, cooked, roasted	175	27.58	0	0	7.14	0	oz=28.3|roast=848
167826	Pork, fresh, loin, center loin (chops), bone-in, separable lean and fat, cooked, braised	242	28.21	0	0	13.51	0	oz=28.3|chop=187
167827	Pork, fresh, loin, center loin (chops), bone-in, separable lean and fat, cooked, broiled	209	25.61	0	0	11.06	0	oz=28.3|chop without refuse (Yield from 1 cooked chop, with refuse, weighing 209g)=157
168292	Pork, fresh, loin, center loin (chops), bone-in, separable lean and fat, cooked, pan-fried	238	27.63	0	0	13.32	0	oz=28.3|chop=172
168238	Pork, fresh, loin, center loin (chops), bone-in, separable lean and fat, raw	170	20.71	0	0	9.03	0	oz=28.2|chop without refuse (Yield from 1 raw chop, with refuse, weighing 259g)=199
168239	Pork, fresh, loin, center loin (chops), bone-in, separable lean only, cooked, braised	200	30.2	0	0	7.86	0	oz=28.3|chop=187
168240	Pork, fresh, loin, center loin (chops), bone-in, separable lean only, cooked, broiled	180	26.76	0	0	7.29	0	chop without refuse (Yield from 1 cooked chop, with refuse, weighing 209g)=146|oz=28.3
167882	Pork, fresh, loin, center loin (chops), bone-in, separable lean only, cooked, pan-fried	195	29.56	0	0	7.66	0	oz=28.3|chop=172
167829	Pork, fresh, loin, center loin (chops), bone-in, separable lean only, raw	127	21.99	0	0	3.71	0	oz=28.2|chop without refuse (Yield from 1 raw chop, with refuse, weighing 259g)=178
168298	Pork, fresh, loin, center loin (chops), boneless, separable lean and fat, cooked, pan-broiled	229	26.68	0	0	13.6	0	oz=28.3|chop=137
168286	Pork, fresh, loin, center loin (chops), boneless, separable lean and fat, raw	201	21.14	0	0	12.96	0	oz=28.2|chop=170
168285	Pork, fresh, loin, center loin (chops), boneless, separable lean only, cooked, pan-broiled	162	30.02	0	0	4.65	0	oz=28.3|chop=137
168263	Pork, fresh, loin, center loin (chops), boneless, separable lean only, raw	123	23.75	0	0	3.09	0	oz=28.2|chop=170
167828	Pork, fresh, loin, center loin (roasts), bone-in, separable lean and fat, cooked, roasted	231	27.01	0	0	12.8	0	oz=28.3|roast=900
168241	Pork, fresh, loin, center loin (roasts), bone-in, separable lean only, cooked, roasted	194	28.58	0	0	7.95	0	oz=28.3|roast=900
168242	Pork, fresh, loin, center rib (chops or roasts), bone-in, separable lean and fat, raw	186	20.28	0	0	11.04	0	oz=28.2|chop without refuse (Yield from 1 raw chop, with refuse, weighing 201g)=133|lb=453.6
167833	Pork, fresh, loin, center rib (chops or roasts), bone-in, separable lean only, raw	136	21.79	0	0	4.8	0	oz=28.2|chop, excluding refuse (yield from 1 raw chop, with refuse, weighing 151 g)=86
167889	Pork, fresh, loin, center rib (chops or roasts), boneless, separable lean and fat, raw	211	19.9	0	0	14.01	0	oz=28.2|chop, excluding refuse (yield from 1 raw chop, with refuse, weighing 113 g)=101
168302	Pork, fresh, loin, center rib (chops or roasts), boneless, separable lean only, raw	152	21.8	0	0	6.48	0	oz=28.2|chop, excluding refuse (yield from 1 raw chop, with refuse, weighing 113 g)=88
167830	Pork, fresh, loin, center rib (chops), bone-in, separable lean and fat, cooked, braised	261	26.66	0	0	16.28	0	oz=28.3|chop=187
167831	Pork, fresh, loin, center rib (chops), bone-in, separable lean and fat, cooked, broiled	222	24.42	0	0	13.04	0	chop without refuse (Yield from 1 cooked chop, with refuse, weighing 172g)=112|oz=28.3
168293	Pork, fresh, loin, center rib (chops), bone-in, separable lean and fat, cooked, pan-fried	256	26.81	0	0	15.71	0	oz=28.3|chop=169
168243	Pork, fresh, loin, center rib (chops), bone-in, separable lean only, cooked, braised	208	29.03	0	0	9.32	0	oz=28.3|chop=187
168244	Pork, fresh, loin, center rib (chops), bone-in, separable lean only, cooked, broiled	186	25.79	0	0	8.36	0	oz=28.3|chop, excluding refuse (yield from 1 raw chop, with refuse, weighing 151 g)=67
167883	Pork, fresh, loin, center rib (chops), bone-in, separable lean only, cooked, pan-fried	211	28.84	0	0	9.73	0	oz=28.3|chop=169
167890	Pork, fresh, loin, center rib (chops), boneless, separable lean and fat, cooked, braised	255	26.29	0		15.79	0	oz=28.3|chop, excluding refuse (yield from 1 raw chop, with refuse, weighing 113 g)=81
167891	Pork, fresh, loin, center rib (chops), boneless, separable lean and fat, cooked, broiled	260	27.63	0		15.76	0	oz=28.3|chop, excluding refuse (yield from 1 raw chop, with refuse, weighing 113 g)=80
167892	Pork, fresh, loin, center rib (chops), boneless, separable lean and fat, cooked, pan-fried	273	25.82	0	0	18.05	0	oz=28.3|chop, excluding refuse (yield from 1 raw chop, with refuse, weighing 113 g)=75
168303	Pork, fresh, loin, center rib (chops), boneless, separable lean only, cooked, braised	211	27.95	0	0	10.14	0	oz=28.3|chop, excluding refuse (yield from 1 raw chop, with refuse, weighing 113 g)=72
168304	Pork, fresh, loin, center rib (chops), boneless, separable lean only, cooked, broiled	216	29.46	0		10.05	0	oz=28.3|chop, excluding refuse (yield from 1 raw chop, with refuse, weighing 113 g)=71
167893	Pork, fresh, loin, center rib (chops), boneless, separable lean only, cooked, pan-fried	224	27.68	0	0	11.8	0	oz=28.3|chop, excluding refuse (yield from 1 raw chop, with refuse, weighing 113 g)=66
167832	Pork, fresh, loin, center rib (roasts), bone-in, separable lean and fat, cooked, roasted	248	26.99	0	0	14.68	0	oz=28.3|roast=783
168245	Pork, fresh, loin, center rib (roasts), bone-in, separable lean only, cooked, roasted	206	28.82	0	0	9.21	0	oz=28.3|roast=783
168301	Pork, fresh, loin, center rib (roasts), boneless, separable lean and fat, cooked, roasted	252	26.99	0		15.15	0	oz=28.3|piece, cooked, excluding refuse (yield from 1 lb raw meat with refuse)=317
167894	Pork, fresh, loin, center rib (roasts), boneless, separable lean only, cooked, roasted	214	28.81	0		10.13	0	oz=28.3|piece, cooked, excluding refuse (yield from 1 lb raw meat with refuse)=283
169200	Pork, fresh, loin, country-style ribs, separable lean and fat, bone-in, cooked, broiled	260	25.58	0	0	17.56	0	oz=28.3|rack=122
167897	Pork, fresh, loin, country-style ribs, separable lean and fat, bone-in, cooked, roasted	359	21.75	0	0	29.46	0	rack=138
169199	Pork, fresh, loin, country-style ribs, separable lean and fat, boneless, cooked, broiled	247	26.28	0	0	15.73	0	oz=28.3|rack=122
169201	Pork, fresh, loin, country-style ribs, separable lean and fat, boneless, cooked, roasted	270	26.4	0	0	18.31	0	oz=28.3|rack=138
167896	Pork, fresh, loin, country-style ribs, separable lean and fat, cooked, braised	273	26.49	0	0	17.71	0	rib without refuse (Yield from 1 cooked rib, with refuse, weighing 140g)=86|oz=28.3
167895	Pork, fresh, loin, country-style ribs, separable lean and fat, raw	189	19.34	0	0	11.82	0	oz=28.2|rib without refuse (Yield from 1 raw rib, with refuse, weighing 196g)=128
168378	Pork, fresh, loin, country-style ribs, separable lean only, bone-in, cooked, broiled	216	27.83	0	0	11.65	0	oz=28.3|rack=122
168307	Pork, fresh, loin, country-style ribs, separable lean only, bone-in, cooked, roasted	227	29.2	0	0	11.38	0	rack=138
169197	Pork, fresh, loin, country-style ribs, separable lean only, boneless, cooked, broiled	216	27.83	0	0	11.65	0	oz=28.3|rack=122
168379	Pork, fresh, loin, country-style ribs, separable lean only, boneless, cooked, roasted	219	29.2	0	0	11.38	0	oz=28.3|rack=138
168306	Pork, fresh, loin, country-style ribs, separable lean only, cooked, braised	247	27.74	0	0	14.26	0	rib without refuse (yield from 1 cooked rib, with refuse, weighing 141g)=80|oz=28.3
168305	Pork, fresh, loin, country-style ribs, separable lean only, raw	140	20.76	0	0	5.64	0	oz=28.2|rib=197
168246	Pork, fresh, loin, sirloin (chops or roasts), bone-in, separable lean and fat, raw	168	20.48	0	0	8.96	0	oz=28.2|lb=453.6|roast without refuse (Yield from 1 raw roast, with refuse, weighing 1817g)=1327
167837	Pork, fresh, loin, sirloin (chops or roasts), bone-in, separable lean only, raw	129	21.65	0	0	4.02	0	oz=28.2|lb=453.6|roast without refuse (Yield from 1 raw roast, with refuse, weighing 1818g)=1217
168308	Pork, fresh, loin, sirloin (chops or roasts), boneless, separable lean and fat, raw	133	22.49	0	0	4.05	0	oz=28.2|chop=210
167901	Pork, fresh, loin, sirloin (chops or roasts), boneless, separable lean only, raw	121	22.81	0	0	2.59	0	oz=28.2|chop=210
167834	Pork, fresh, loin, sirloin (chops), bone-in, separable lean and fat, cooked, braised	234	28.81	0	0	12.31	0	oz=28.3|chop=180
167835	Pork, fresh, loin, sirloin (chops), bone-in, separable lean and fat, cooked, broiled	222	26.96	0	0	11.82	0	oz=28.3|chop=195
167838	Pork, fresh, loin, sirloin (chops), bone-in, separable lean only, cooked, braised	195	31	0	0	6.9	0	oz=28.3|chop=180
168247	Pork, fresh, loin, sirloin (chops), bone-in, separable lean only, cooked, broiled	174	29.29	0	0	5.45	0	oz=28.3|chop=195
167898	Pork, fresh, loin, sirloin (chops), boneless, separable lean and fat, cooked, braised	171	28.41	0	0	5.47	0	oz=28.3|chop, excluding refuse (yield from 1 raw chop, with refuse, weighing 113 g)=82
167899	Pork, fresh, loin, sirloin (chops), boneless, separable lean and fat, cooked, broiled	170	28.19	0	0	5.53	0	oz=28.3|chop=159
168309	Pork, fresh, loin, sirloin (chops), boneless, separable lean only, cooked, braised	163	28.75	0	0	4.5	0	oz=28.3|chop=161
168310	Pork, fresh, loin, sirloin (chops), boneless, separable lean only, cooked, broiled	161	28.6	0	0	4.36	0	oz=28.3|chop=159
167836	Pork, fresh, loin, sirloin (roasts), bone-in, separable lean and fat, cooked, roasted	230	26.64	0	0	12.87	0	oz=28.3|roast without refuse (Yield from 1 cooked roast, with refuse, weighing 1515g)=1046
168248	Pork, fresh, loin, sirloin (roasts), bone-in, separable lean only, cooked, roasted	204	27.78	0	0	9.44	0	oz (Yield from 1 cooked roast, with refuse, weighing 1515g)=28.3|roast without refuse=985
167900	Pork, fresh, loin, sirloin (roasts), boneless, separable lean and fat, cooked, roasted	192	29.62	0	0	7.32	0	oz=28.3|roast=638
168311	Pork, fresh, loin, sirloin (roasts), boneless, separable lean only, cooked, roasted	178	30.39	0	0	5.31	0	oz=28.3|roast=638
167904	Pork, fresh, loin, tenderloin, separable lean and fat, cooked, broiled	201	29.86	0		8.11	0	oz=28.3|chop, excluding refuse (yield from 1 raw chop, with refuse, weighing 113 g)=76
167905	Pork, fresh, loin, tenderloin, separable lean and fat, cooked, roasted	147	26.04	0	0	3.96	0	oz=28.3|roast=402
168312	Pork, fresh, loin, tenderloin, separable lean and fat, raw	120	20.65	0	0	3.53	0	oz=28.2|roast (Yield from 1 raw roast, with refuse, weighing 504g)=505
169185	Pork, fresh, loin, tenderloin, separable lean and fat, with added solution, cooked, roasted	121	21.5	0.31	0	3.7	0	oz=28.3|roast=508
169184	Pork, fresh, loin, tenderloin, separable lean and fat, with added solution, raw	114	20.16	0	0	3.14	0	oz=28.2|roast=537
168313	Pork, fresh, loin, tenderloin, separable lean only, cooked, broiled	187	30.42	0		6.33	0	oz=28.3|chop, excluding refuse (yield from 1 raw chop, with refuse, weighing 113 g)=73
168250	Pork, fresh, loin, tenderloin, separable lean only, cooked, roasted	143	26.17	0	0	3.51	0	oz=28.3|piece, cooked, excluding refuse (yield from 1 lb raw meat with refuse)=333|roast=402
168249	Pork, fresh, loin, tenderloin, separable lean only, raw	109	20.95	0	0	2.17	0	oz=28.2|lb=453.6|roast=505
169180	Pork, fresh, loin, tenderloin, separable lean only, with added solution, cooked, roasted	116	21.61	0.31	0	3.15	0	oz=28.3
167840	Pork, fresh, loin, top loin (chops), boneless, separable lean and fat, cooked, braised	200	29.2	0	0	8.31	0	chop=135
167841	Pork, fresh, loin, top loin (chops), boneless, separable lean and fat, cooked, broiled	196	26.62	0	0	9.14	0	chop=145|oz=28.3
167887	Pork, fresh, loin, top loin (chops), boneless, separable lean and fat, cooked, pan-fried	196	29.36	0	0	7.86	0	oz=28.3|chop=142
167839	Pork, fresh, loin, top loin (chops), boneless, separable lean and fat, raw	155	21.55	0	0	6.94	0	oz=28.2|chop=185
169183	Pork, fresh, loin, top loin (chops), boneless, separable lean and fat, with added solution, cooked, broiled	198	28.33	0.02	0	9.42	0	oz=28.3|chop=107
167913	Pork, fresh, loin, top loin (chops), boneless, separable lean and fat, with added solution, cooked, pan-broiled	190	28.35	0	0	7.66	0	oz=28.3|chop boneless (yield from 189g raw meat)=150
169182	Pork, fresh, loin, top loin (chops), boneless, separable lean and fat, with added solution, raw	171	19.45	0	0	10.26	0	chop=146
168252	Pork, fresh, loin, top loin (chops), boneless, separable lean only, cooked, braised	170	30.54	0	0	4.34	0	chop=135
168253	Pork, fresh, loin, top loin (chops), boneless, separable lean only, cooked, broiled	173	27.58	0	0	6.08	0	chop=145
168294	Pork, fresh, loin, top loin (chops), boneless, separable lean only, cooked, pan-fried	172	30.46	0	0	4.62	0	chop=142|oz=28.3
168251	Pork, fresh, loin, top loin (chops), boneless, separable lean only, raw	127	22.41	0	0	3.42	0	oz=28.2|chop=185|lb=453.6
168364	Pork, fresh, loin, top loin (chops), boneless, separable lean only, with added solution, cooked, broiled	170	29.65	0	0	5.73	0	oz=28.3|chop=107
167912	Pork, fresh, loin, top loin (chops), boneless, separable lean only, with added solution, cooked, pan-broiled	169	28.95	0	0	5	0	oz=28.3|chop boneless=150
169181	Pork, fresh, loin, top loin (chops), boneless, separable lean only, with added solution, raw	117	21.09	0.22	0	3.48	0	oz=28.2|chop=146
167842	Pork, fresh, loin, top loin (roasts), boneless, separable lean and fat, cooked, roasted	192	26.45	0	0	8.82	0	oz=28.3|roast=848
168314	Pork, fresh, loin, top loin (roasts), boneless, separable lean and fat, raw	166	21.34	0	0	8.33	0	oz=28.2|roast=2195
168254	Pork, fresh, loin, top loin (roasts), boneless, separable lean only, cooked, roasted	173	27.23	0	0	6.28	0	oz=28.3
168315	Pork, fresh, loin, top loin (roasts), boneless, separable lean only, raw	132	22.39	0	0	4.06	0	oz=28.2|roast=2195
167819	Pork, fresh, loin, whole, separable lean and fat, cooked, braised	239	27.23	0	0	13.62	0	oz=28.3|chop, excluding refuse (yield from 1 raw chop, with refuse, weighing 151 g)=89
167820	Pork, fresh, loin, whole, separable lean and fat, cooked, broiled	242	27.32	0	0	13.92	0	oz=28.3|chop, excluding refuse (yield from 1 raw chop, with refuse, weighing 151 g)=87
167821	Pork, fresh, loin, whole, separable lean and fat, cooked, roasted	248	27.09	0	0	14.65	0	oz=28.3|chop, excluding refuse (yield from 1 raw chop, with refuse, weighing 151 g)=89
167818	Pork, fresh, loin, whole, separable lean and fat, raw	198	19.74	0	0	12.58	0	oz=28.2|chop, excluding refuse (yield from 1 raw chop, with refuse, weighing 151 g)=117
168231	Pork, fresh, loin, whole, separable lean only, cooked, braised	204	28.57	0	0	9.12	0	oz=28.3|chop, excluding refuse (yield from 1 raw chop, with refuse, weighing 151 g)=80
168232	Pork, fresh, loin, whole, separable lean only, cooked, broiled	210	28.57	0	0	9.8	0	oz=28.3|chop, excluding refuse (yield from 1 raw chop, with refuse, weighing 151 g)=79
168233	Pork, fresh, loin, whole, separable lean only, cooked, roasted	209	28.62	0	0	9.63	0	oz=28.3|chop, excluding refuse (yield from 1 raw chop, with refuse, weighing 151 g)=81
168230	Pork, fresh, loin, whole, separable lean only, raw	143	21.43	0	0	5.66	0	oz=28.2|chop, excluding refuse (yield from 1 raw chop, with refuse, weighing 151 g)=106
168221	Pork, fresh, separable fat, cooked	626	7.06	0	0	66.1	0	oz=28.3|oz=28.4
167813	Pork, fresh, separable fat, raw	632	9.25	0	0	65.7	0	oz=28.4|oz=28.2
167850	Pork, fresh, shoulder, (Boston butt), blade (steaks), separable lean and fat, cooked, braised	267	25.07	0	0	17.69	0	oz=28.3|steak without refuse (Yield from 1 cooked steak, with refuse, weighing 249g)=185
167849	Pork, fresh, shoulder, (Boston butt), blade (steaks), separable lean and fat, raw	186	17.42	0	0	12.36	0	oz=28.2|steak without refuse (Yield from 1 raw steak, with refuse, weighing 380g)=288|lb=453.6
168366	Pork, fresh, shoulder, (Boston butt), blade (steaks), separable lean and fat, with added solution, cooked, braised	263	25.84	0.03	0	16.94	0	oz=28.3|steak=264
168365	Pork, fresh, shoulder, (Boston butt), blade (steaks), separable lean and fat,with added solution, raw	169	17.19	0.16	0	11.12	0	oz=28.2|steak=393
168261	Pork, fresh, shoulder, (Boston butt), blade (steaks), separable lean only, cooked, braised	233	26.57	0	0	13.2	0	oz=28.3|steak=249
168260	Pork, fresh, shoulder, (Boston butt), blade (steaks), separable lean only, raw	132	18.73	0	0	5.71	0	oz=28.2|steak without refuse (Yield from 1 raw steak, with refuse, weighing 379g)=258
168362	Pork, fresh, shoulder, (Boston butt), blade (steaks), separable lean only, with added solution cooked, braised	227	27.58	0	0	12.14	0	oz=28.3
168363	Pork, fresh, shoulder, (Boston butt), blade (steaks), separable lean only, with added solution, raw	122	18.29	0.18	0	5.36	0	oz=28.2
168256	Pork, fresh, shoulder, arm picnic, separable lean and fat, cooked, braised	235	24.88	0	0	14.33	0	oz=28.3|roast=2252
168257	Pork, fresh, shoulder, arm picnic, separable lean and fat, cooked, roasted	317	23.47	0		24.01	0	cup, diced=135|oz=28.3
168255	Pork, fresh, shoulder, arm picnic, separable lean and fat, raw	193	18.71	0	0	12.51	0	oz=28.2|roast=2745
167847	Pork, fresh, shoulder, arm picnic, separable lean only, cooked, braised	194	26.76	0	0	8.87	0	oz=28.3|roast=2252
167848	Pork, fresh, shoulder, arm picnic, separable lean only, cooked, roasted	228	26.68	0		12.62	0	oz=28.3|piece, cooked, excluding refuse (yield from 1 lb raw meat with refuse)=191
168258	Pork, fresh, shoulder, arm picnic, separable lean only, raw	120	20.26	0	0	3.77	0	oz=28.2|roast=2745
168259	Pork, fresh, shoulder, blade, boston (roasts), separable lean and fat, cooked, roasted	269	23.11	0	0	18.86	0	oz=28.3|piece, cooked, excluding refuse (yield from 1 lb raw meat with refuse)=262
167852	Pork, fresh, shoulder, blade, boston (roasts), separable lean only, cooked, roasted	232	24.21	0	0	14.3	0	oz=28.3|piece, cooked, excluding refuse (yield from 1 lb raw meat with refuse)=238
167851	Pork, fresh, shoulder, blade, boston (steaks), separable lean and fat, cooked, broiled	259	25.58	0	0	16.61	0	oz=28.3|steak, excluding refuse (yield from 1 raw steak, with refuse, weighing 300 g)=169
168262	Pork, fresh, shoulder, blade, boston (steaks), separable lean only, cooked, broiled	227	26.74	0	0	12.54	0	oz=28.3|steak, excluding refuse (yield from 1 raw steak, with refuse, weighing 300 g)=147
167844	Pork, fresh, shoulder, whole, separable lean and fat, cooked, roasted	292	23.28	0	0	21.39	0	cup, diced=135|oz=28.3
167843	Pork, fresh, shoulder, whole, separable lean and fat, raw	236	17.18	0	0	17.99	0	oz=28.2|lb=453.6
167846	Pork, fresh, shoulder, whole, separable lean only, cooked, roasted	230	25.33	0	0	13.54	0	cup, diced=135|oz=28.3
167845	Pork, fresh, shoulder, whole, separable lean only, raw	148	19.55	0		7.14	0	oz=28.4|lb=453.6
167854	Pork, fresh, spareribs, separable lean and fat, cooked, braised	397	29.06	0	0	30.3	0	oz=28.3|piece, cooked, excluding refuse (yield from 1 lb raw meat with refuse)=177
169178	Pork, fresh, spareribs, separable lean and fat, cooked, roasted	361	20.89	0	0	30.86	0	oz=28.3
167853	Pork, fresh, spareribs, separable lean and fat, raw	277	15.47	0	0	23.4	0	oz=28.2
168265	Pork, fresh, variety meats and by-products, brain, cooked, braised	138	12.14	0		9.51	0	oz=28.3
168264	Pork, fresh, variety meats and by-products, brain, raw	127	10.28	0		9.21	0	oz=28.4|oz=28.2
167856	Pork, fresh, variety meats and by-products, chitterlings, cooked, simmered	233	12.49	0	0	20.32	0	oz=28.3
168266	Pork, fresh, variety meats and by-products, chitterlings, raw	182	7.64	0	0	16.61	0	oz=28.2
167858	Pork, fresh, variety meats and by-products, ears, frozen, cooked, simmered	166	15.95	0.2		10.8	0	ear (yield after cooking)=111|unit, cooked (yield from 1 lb raw meat)=422
167857	Pork, fresh, variety meats and by-products, ears, frozen, raw	234	22.45	0.6		15.1	0	oz=28.4|ear=113
168290	Pork, fresh, variety meats and by-products, feet, cooked, simmered	238	21.94	0	0	16.05	0	oz=28.3
167859	Pork, fresh, variety meats and by-products, feet, raw	212	23.16	0	0	12.59	0	oz=28.2
168268	Pork, fresh, variety meats and by-products, heart, cooked, braised	148	23.6	0.4		5.05	0	cup=145|heart=129
168267	Pork, fresh, variety meats and by-products, heart, raw	118	17.27	1.33	0	4.36	0	oz=28.4|heart=226
168269	Pork, fresh, variety meats and by-products, jowl, raw	655	6.38	0	0	69.61	0	oz=28.4|oz=28.2
167860	Pork, fresh, variety meats and by-products, kidneys, cooked, braised	151	25.4	0		4.7	0	cup=140|oz=28.3
168270	Pork, fresh, variety meats and by-products, kidneys, raw	100	16.46	0		3.25	0	oz=28.2|kidney=233
167861	Pork, fresh, variety meats and by-products, leaf fat, raw	857	1.76	0		94.16	0	oz=28.4|oz=28.2
167863	Pork, fresh, variety meats and by-products, liver, cooked, braised	165	26.02	3.76		4.4	0	oz=28.3
167862	Pork, fresh, variety meats and by-products, liver, raw	134	21.39	2.47		3.65	0	oz=28.4|oz=28.2
168271	Pork, fresh, variety meats and by-products, lungs, cooked, braised	99	16.6	0		3.1	0	oz=28.3
167864	Pork, fresh, variety meats and by-products, lungs, raw	85	14.08	0		2.72	0	oz=28.4|lb=453.6
168272	Pork, fresh, variety meats and by-products, mechanically separated, raw	304	15.03	0		26.54	0	oz=28.4|lb=453.6
168274	Pork, fresh, variety meats and by-products, pancreas, cooked, braised	219	28.5	0		10.8	0	oz=28.3
168273	Pork, fresh, variety meats and by-products, pancreas, raw	199	18.56	0		13.24	0	oz=28.4|oz=28.2
167866	Pork, fresh, variety meats and by-products, spleen, cooked, braised	149	28.2	0		3.2	0	oz=28.3
167865	Pork, fresh, variety meats and by-products, spleen, raw	100	17.86	0		2.59	0	oz=28.4|oz=28.2
168323	Pork, fresh, variety meats and by-products, stomach, cooked, simmered	157	21.4	0.09	0	7.26	0	oz=28.3
167867	Pork, fresh, variety meats and by-products, stomach, raw	159	16.85	0	0	10.14	0	oz=28.4|oz=28.2
167881	Pork, fresh, variety meats and by-products, tail, cooked, simmered	396	17	0		35.8	0	oz=28.3|piece, cooked, excluding refuse (yield from 1 lb raw meat with refuse)=275
168291	Pork, fresh, variety meats and by-products, tail, raw	378	17.75	0		33.5	0	oz=28.4|oz=28.2
168276	Pork, fresh, variety meats and by-products, tongue, cooked, braised	271	24.1	0		18.6	0	oz=28.3|piece, cooked, excluding refuse (yield from 1 lb raw meat with refuse)=231
168275	Pork, fresh, variety meats and by-products, tongue, raw	225	16.3	0	0	17.2	0	oz=28.4|oz=28.2
169191	Pork, ground, 72% lean / 28% fat, cooked, crumbles	393	22.83	1.39	0	32.93	0	oz=28.2
168373	Pork, ground, 72% lean / 28% fat, cooked, pan-broiled	377	22.59	1.08	0	31.42	0	oz grilled patties=28.3
169192	Pork, ground, 84% lean / 16% fat, cooked, crumbles	289	26.69	0.58	0	20.04	0	oz grilled patties=28.3
168374	Pork, ground, 84% lean / 16% fat, cooked, pan-broiled	301	27.14	0	0	21.39	0	oz grilled patties=28.3
168372	Pork, ground, 84% lean / 16% fat, raw	218	17.99	0.44	0	16	0	oz=28.2
169193	Pork, ground, 96% lean / 4% fat, cooked, crumbles	187	30.55	0	0	7.15	0	oz grilled patties=28.3
168375	Pork, ground, 96% lean / 4% fat, cooked, pan-broiled	185	31.69	0.57	0	6.2	0	oz grilled patties=28.3
169190	Pork, ground, 96% lean / 4% fat, raw	121	21.1	0.21	0	4	0	oz=28.2
169186	Pork, Leg Cap Steak, boneless, separable lean and fat, raw	123	21.64	0	0	3.39	0	oz=28.2|piece=231
168370	Pork, Leg sirloin tip roast, boneless, separable lean and fat, cooked, braised	156	31.11	0	0	2.56	0	oz=28.3|piece=609
168371	Pork, Leg sirloin tip roast, boneless, separable lean and fat, raw	113	22.88	0	0	1.71	0	oz=28.3|piece=765
168368	Pork, loin, leg cap steak, boneless, separable lean and fat, cooked, broiled	158	27.57	0	0	4.41	0	oz=28.3|piece=194
169082	Pork, oriental style, dehydrated	615	11.8	1.4	0	62.4	0	cup=22
169157	Pork, pickled pork hocks	171	19.11	0	0	10.54	0	oz=39
169188	Pork, Shoulder breast, boneless, separable lean and fat, cooked, broiled	162	28.47	0	0	4.49	0	oz=28.3|piece=373
169187	Pork, Shoulder breast, boneless, separable lean and fat, raw	127	22.54	0	0	3.4	0	oz=28.3|piece=430
168369	Pork, Shoulder petite tender, boneless, separable lean and fat, raw	128	21.65	0	0	3.91	0	piece=105
169189	Pork, shoulder, petite tender, boneless, separable lean and fat, cooked, broiled	155	27.47	0	0	4.23	0	piece=92
170253	Potato chips, without salt, reduced fat	487	7.1	67.8	0.22	20.8	6.1	oz=28.4
168446	Potato flour	357	6.9	83.1	3.52	0.34	5.9	cup=160
170092	Potato pancakes	268	6.08	27.81	1.79	14.76	3.3	small 2-3/4 in. dia., 5/8 in. thick.=22|medium 3-1/4 in. x 3-5/8 in., 5/8 in. thick.=37
170048	Potato puffs, frozen, oven-heated	192	2.13	27.29	0.27	9.05	2	puffs=7.9|Crispy Crowns=6|puff=7|cup=128
170047	Potato puffs, frozen, unprepared	178	1.93	24.8	0.28	8.71	2.3	cup=120|pieces=9.1
173343	Potato salad with egg	157	1.96	16.18	4.95	9.4	1.3	cup=250
169269	Potato salad, home-prepared	143	2.68	11.17		8.2	1.3	cup=250
171608	Potato soup, instant, dry mix	343	9.2	76.14	10	3.1	7.6	serving 1/3 cup=39
168443	Potato wedges, frozen (Includes foods for USDA's Food Distribution Program)	129	2.7	25.46	0.3	2.2	2	
170448	Potatoes, au gratin, dry mix, prepared with water, whole milk and butter	93	2.3	12.84		4.12	0.9	package (5.5 oz) yields=856.2|package yield, 5.5 oz=822
170447	Potatoes, au gratin, dry mix, unprepared	314	8.9	74.31		3.7	4.1	package (5.5 oz)=162.5|package (5.5 oz)=156
170442	Potatoes, au gratin, home-prepared from recipe using butter	134	5.06	11.26		7.59	1.8	cup=245
170524	Potatoes, au gratin, home-prepared from recipe using margarine	132	5.06	11.27		7.59	1.8	cup=245
170111	Potatoes, baked, flesh and skin, with salt	93	2.5	21.15	1.18	0.13	2.2	cup=122|potato large (3" to 4-1/4" dia)=299|potato medium (2-1/4" to 3-1/4" dia)=173|potato small (1-3/4" to 2-1/2" dia)=138|NLEA serving=148
170093	Potatoes, baked, flesh and skin, without salt	93	2.5	21.15	1.18	0.13	2.2	NLEA serving=148|potato large=299|potato medium=173|potato small=138
170112	Potatoes, baked, flesh, with salt	93	1.96	21.55	1.7	0.1	1.5	cup=122|potato (2-1/3" x 4-3/4")=156
170033	Potatoes, baked, flesh, without salt	93	1.96	21.55	1.7	0.1	1.5	cup=122|potato (2-1/3" x 4-3/4")=156
170113	Potatoes, baked, skin only, with salt	198	4.29	46.06	1.4	0.1	7.9	skin=58
170034	Potatoes, baked, skin, without salt	198	4.29	46.06	1.4	0.1	7.9	skin=58
170114	Potatoes, boiled, cooked in skin, flesh, with salt	87	1.87	20.13	0.91	0.1	2	cup=156|potato (2-1/2" dia, sphere)=136
170438	Potatoes, boiled, cooked in skin, flesh, without salt	87	1.87	20.13	0.91	0.1	1.8	cup=156|potato (2-1/2" dia, sphere)=136
170519	Potatoes, boiled, cooked in skin, skin, with salt	78	2.86	17.2		0.1	3.3	skin=34
170439	Potatoes, boiled, cooked in skin, skin, without salt	78	2.86	17.21		0.1	3.3	skin=34
170520	Potatoes, boiled, cooked without skin, flesh, with salt	86	1.71	20.01	0.89	0.1	2	cup=156|large (3" to 4-1/4" dia.)=300|medium (2-1/4" to 2-1/4" dia.)=167|small (1-3/4" to 2-1/2" dia.)=125
170440	Potatoes, boiled, cooked without skin, flesh, without salt	86	1.71	20.01	0.89	0.1	1.8	cup=156|large (3" to 4-1/4" dia.)=300|medium (2-1/4" to 3-1/4" dia.)=167|small (1-3/4" to 2-1/2" dia.)=125
170444	Potatoes, canned, drained solids	60	1.41	13.61		0.21	2.3	cup=180|potato=35
169084	Potatoes, canned, drained solids, no salt added	60	1.4	13.6	0.59	0.2	2.4	cup=180
170443	Potatoes, canned, solids and liquids	44	1.2	9.89		0.11	1.4	cup, whole=300|can (303 x 406)=454
170026	Potatoes, flesh and skin, raw	77	2.05	17.49	0.82	0.09	2.1	cup, diced=150|Potato large (3" to 4-1/4" dia)=369|Potato medium (2-1/4" to 3-1/4" dia)=213|Potato small (1-3/4" to 2-1/2" dia)=170
169264	Potatoes, french fried, all types, salt added in processing, frozen, home-prepared, oven heated	158	2.75	25.55	0.37	5.48	2	fries=7.6|package (9 oz), yields=198
168442	Potatoes, french fried, all types, salt added in processing, frozen, unprepared	147	2.24	24.81	0.2	4.66	1.9	strip=8.9|package (9 oz)=255
170523	Potatoes, french fried, all types, salt not added in processing, frozen, as purchased	147	2.24	24.81	0.2	4.66	1.9	strips=6.5|package (9 oz)=255
170118	Potatoes, french fried, all types, salt not added in processing, frozen, oven-heated	168	2.66	28.71	0.28	5.22	2.6	strip=7.4
169265	Potatoes, french fried, cottage-cut, salt not added in processing, frozen, as purchased	153	2.42	23.98		5.78	3	strips=6.5|package (9 oz)=255
169266	Potatoes, french fried, cottage-cut, salt not added in processing, frozen, oven-heated	218	3.44	34.03		8.2	3.2	strips=5|package (9 oz), yields=198
170436	Potatoes, french fried, crinkle or regular cut, salt added in processing, frozen, as purchased	146	2.34	23.96	0.21	4.99	2	strip=8.2|oz=28.3
170437	Potatoes, french fried, crinkle or regular cut, salt added in processing, frozen, oven-heated	161	2.51	27.5	0.29	5.13	2.3	strip=6.9
168948	Potatoes, french fried, cross cut, frozen, unprepared	187	2.7	22.95	0.49	10	2.3	oz=28.3
170451	Potatoes, french fried, shoestring, salt added in processing, frozen, as purchased	163	2.16	25.59	0.2	6.24	2.3	strip=3
170452	Potatoes, french fried, shoestring, salt added in processing, frozen, oven-heated	194	2.9	31.66	0.31	6.76	2.8	strip=2.1
168947	Potatoes, french fried, steak cut, salt not added in processing, frozen, unprepared	134	2.4	24.31	0.21	3.42	2.4	oz=28.3
168444	Potatoes, french fried, steak fries, salt added in processing, frozen, as purchased	130	2.19	23.51	0.2	3.39	1.9	strip=15.3
168445	Potatoes, french fried, steak fries, salt added in processing, frozen, oven-heated	148	2.57	26.98	0.25	3.76	2.6	strip=13.3
168946	Potatoes, french fried, wedge cut, frozen, unprepared	162	2.56	22.22	0.34	7.47	2.4	oz=28.3
170117	Potatoes, frozen, french fried, par fried, cottage-cut, prepared, heated in oven, with salt	218	3.44	34.03		8.2	3.2	strips=5|package (9 oz) yields=198
169268	Potatoes, frozen, french fried, par fried, extruded, prepared, heated in oven, without salt	333	3.55	39.68		18.71	3.2	strips=5|package (9 oz), yields=198
169267	Potatoes, frozen, french fried, par fried, extruded, unprepared	260	2.83	30.15		14.95	2.9	strips=6.5|package (9 oz)=255
170116	Potatoes, frozen, whole, cooked, boiled, drained, with salt	63	1.98	13.93		0.13	1.4	
170049	Potatoes, frozen, whole, cooked, boiled, drained, without salt	65	1.98	14.52		0.13	1.4	
170044	Potatoes, hash brown, frozen, plain, prepared, pan fried in canola oil	219	2.65	28.51	0.27	11.59	3.2	cup prepared=150|patty, oval (approx 3" x 1-1/2" x 1/2")=29|package yield, 12 oz=205
170043	Potatoes, hash brown, frozen, plain, unprepared	82	2.06	17.72		0.62	1.4	cup=210|package (12 oz)=340
170046	Potatoes, hash brown, frozen, with butter sauce, prepared	178	2.46	24.13		8.79	3.8	
170045	Potatoes, hash brown, frozen, with butter sauce, unprepared	135	1.87	18.28		6.66	2.9	package (6 oz)=170
170036	Potatoes, hash brown, home-prepared	265	3	35.11	1.49	12.52	3.2	cup=156
167605	Potatoes, hash brown, refrigerated, prepared, pan-fried in canola oil	242	3.24	33.99	1.16	10.3	3.6	cup prepared=130
167604	Potatoes, hash brown, refrigerated, unprepared	84	1.75	19.16	0.91	0.08	1.8	cup unprepared=159
170445	Potatoes, mashed, dehydrated, flakes without milk, dry form	354	8.34	81.17	3.36	0.41	6.6	cup=60
170041	Potatoes, mashed, dehydrated, granules with milk, dry form	357	10.9	77.7	3.37	1.1	6.6	cup=200
170039	Potatoes, mashed, dehydrated, granules without milk, dry form	372	8.22	85.51	3.47	0.54	7.1	cup=200
170446	Potatoes, mashed, dehydrated, prepared from flakes without milk, whole milk and butter added	97	1.77	10.87	1.61	5.13	0.8	cup=210
169372	Potatoes, mashed, dehydrated, prepared from flakes without milk, whole milk and margarine added	113	1.9	15.02		5.6	2.3	cup=210
170042	Potatoes, mashed, dehydrated, prepared from granules with milk, water and margarine added	116	2.13	16.13	1.74	4.8	1.3	cup=210
170040	Potatoes, mashed, dehydrated, prepared from granules without milk, whole milk and butter added	108	2.05	14.36		4.96	2.2	cup=210
170493	Potatoes, mashed, home-prepared, whole milk added	83	1.91	17.57	1.48	0.57	1.5	cup=210
168555	Potatoes, mashed, home-prepared, whole milk and butter added	113	1.86	16.81	1.43	4.22	1.5	cup=210
170037	Potatoes, mashed, home-prepared, whole milk and margarine added	113	1.96	16.94	1.41	4.2	1.5	cup=210
168554	Potatoes, mashed, prepared from granules, without milk, whole milk and margarine	108	2.05	14.4		4.93	2.2	cup=210
169768	Potatoes, mashed, ready-to-eat	106	1.97	13.29	1.76	5.01	1.9	cup=229|container=700
170094	Potatoes, microwaved, cooked in skin, flesh and skin, without salt	105	2.44	24.24		0.1	2.3	potato (2-3/4" dia by 4-3/4" long)=202
170522	Potatoes, microwaved, cooked in skin, flesh, with salt	100	2.1	23.28		0.1	1.6	cup=156|potato (2-1/3" x 4-3/4")=156
170441	Potatoes, microwaved, cooked in skin, flesh, without salt	100	2.1	23.28		0.1	1.6	cup=156|potato (2-1/3" x 4-3/4")=156
170035	Potatoes, microwaved, cooked in skin, skin, without salt	132	4.39	29.63		0.1	5.5	skin=58
170521	Potatoes, microwaved, cooked, in skin, flesh and skin, with salt	105	2.44	24.24		0.1	2.3	potato (2-1/3" x 4-3/4")=202
170115	Potatoes, microwaved, cooked, in skin, skin with salt	132	4.39	29.63		0.1	5.5	skin=58
170454	Potatoes, o'brien, frozen, prepared	204	2.22	21.86		13.21	1.7	
170453	Potatoes, o'brien, frozen, unprepared	76	1.83	17.47		0.14	1.9	
170498	Potatoes, o'brien, home-prepared	81	2.35	15.47		1.28		cup=194|recipe yield=1162
170032	Potatoes, raw, skin	58	2.57	12.44		0.1	2.5	skin=38
170435	Potatoes, red, flesh and skin, baked	87	2.3	19.59	1.43	0.15	1.8	potato large (3" to 4-1/4" dia.=299|potato medium (2-1/4" to 3-1/4" dia.)=173|potato small (1-3/4" to 2-1/2" dia.)=138
170029	Potatoes, red, flesh and skin, raw	70	1.89	15.9	1.29	0.14	1.7	cup, diced=150|potato large (3" to 4-1/4" dia)=369|potato medium (2-1/4" to 3-1/4" dia)=213|potato small (1-3/4" to 2-1/4" dia)=170
170031	Potatoes, roasted, salt added in processing, frozen, unprepared	127	2.22	26.15	0.69	1.81	2.6	oz=28.3
170030	Potatoes, Russet, flesh and skin, baked	95	2.63	21.44	1.08	0.13	2.3	potato large (3" to 4-1/4" dia.=299|potato medium (2-1/4" to 3-1/4" dia.)=173|potato small (1-3/4" to 2-1/2" dia.)=138
170027	Potatoes, russet, flesh and skin, raw (Includes foods for USDA's Food Distribution Program)	79	2.14	18.07	0.62	0.08	1.3	cup, diced=150|potato large (3" to 4-1/4" dia)=369|Potato medium (2-1/4" to 3-1/4" dia)=213|Potato small (1-3/4" to 2-1/4" dia)=170
170450	Potatoes, scalloped, dry mix, prepared with water, whole milk and butter	93	2.12	12.77		4.3	1.1	cup (unprepared)=245|package (5.5 oz) yields=856.2|package yield, 5.5 oz=822
170449	Potatoes, scalloped, dry mix, unprepared	358	7.77	73.93		4.59	8.6	package (5.5 oz)=162.5|package (5.5 oz)=156
170038	Potatoes, scalloped, home-prepared with butter	88	2.87	10.78		3.68	1.9	cup=245
170525	Potatoes, scalloped, home-prepared with margarine	88	2.87	10.78		3.68	1.9	cup=245
170434	Potatoes, white, flesh and skin, baked	92	2.1	21.08	1.53	0.15	2.1	potato large (3" to 4-1/4" dia)=299|potato medium (2-1/4" to 3-1/4" dia)=173|potato small (1-3/4" to 2-1/2" dia)=138
170028	Potatoes, white, flesh and skin, raw	69	1.68	15.71	1.15	0.1	2.4	cup, diced=150|large (3" to 4-1/4" dia.)=369|medium (2+-1/4" to 3-1/4" dia.)=213|small (1-3/4" to 2-1/4" dia.)=92
169764	Potatoes, yellow fleshed, french fried, frozen, unprepared	162	2.47	25.01	0.37	5.84	2.2	oz=28.3
168945	Potatoes, yellow fleshed, hash brown, shredded, salt added in processing, frozen, unprepared	81	2.04	17.98	0.23	0.07	2	oz=28.3
169763	Potatoes, yellow fleshed, roasted, salt added in processing, frozen, unprepared	119	1.99	23.44	0.31	1.85	2.6	oz=28.3
169773	Potsticker or wonton, pork and vegetable, frozen, unprepared	136	8.28	13.28	2.76	5.52	1.4	pieces 1 serving=29
174581	Poultry salad sandwich spread	200	11.64	7.41	0	13.52	0	tbsp=13|oz=28.4
171104	Poultry, mechanically deboned, from backs and necks with skin, raw	272	11.39	0		24.73	0	lb=454
171105	Poultry, mechanically deboned, from backs and necks without skin, raw	199	13.79	0		15.48	0	lb=454
171106	Poultry, mechanically deboned, from mature hens, raw	243	14.72	0		19.98	0	lb=454
168996	Prairie Turnips, boiled (Northern Plains Indians)	129	1.64	29.99	4.74	0.32	7.2	bulb=14
169818	Prairie Turnips, raw (Northern Plains Indians)	156	2.62	35.67	0.82	0.36	8	bulb peeled=12.6
169064	Pretzels, soft	338	8.2	69.39	0.25	3.1	1.7	large=143|medium=115|small=62
174790	Pretzels, soft, unsalted	345	8.2	71.04	0.25	3.1	1.7	large=143|medium=115|small=62
169817	Prickly pears, broiled (Northern Plains Indians)	91	0.39	21.57		0.31		pad=7.5
167750	Prickly pears, raw	41	0.73	9.57		0.51	3.6	cup=149|fruit without refuse=103
169816	Prickly pears, raw (Northern Plains Indians)	42	0.12	10.17	1.02	0.11	5.3	pad peeled=19|pad=61
173460	Protein supplement, milk based, Muscle Milk Light, powder	396	50	22	4	12	2	scoop=25
173459	Protein supplement, milk based, Muscle Milk, powder	411	45.71	18.5	5.71	17.14	7.1	tbsp=11
167753	Prune juice, canned	71	0.61	17.45	16.45	0.03	1	cup=256|fl oz=32
167780	Prune puree	257	2.1	65.1	39	0.2	3.3	tbsp=18
168159	Prunes, canned, heavy syrup pack, solids and liquids	105	0.87	27.8		0.2	3.8	cup=234|prunes with liquid=17.2
168161	Prunes, dehydrated (low-moisture), stewed	113	1.23	29.7		0.24		cup=280
168160	Prunes, dehydrated (low-moisture), uncooked	339	3.7	89.07		0.73		cup=132
168832	Pudding, lemon, dry mix, regular, prepared with sugar, egg yolk and water	109	0.65	24.2	13.51	1.12	0	cup=254
168146	Puddings, all flavors except chocolate, low calorie, instant, dry mix	350	0.81	84.66	0.9	0.9	0.8	serving=8|package 4 servings=32
167741	Puddings, all flavors except chocolate, low calorie, regular, dry mix	351	1.6	86.04	2.9	0.1	0.9	serving=113|cup=260
169648	Puddings, banana, dry mix, instant	367	0	92.7	76.57	0.6	0	package (3.5 oz)=99|portion, amount to make 1/2 cup=25
167588	Puddings, banana, dry mix, instant, prepared with 2% milk	105	2.76	19.74		1.7	0	cup From 19191=294
169649	Puddings, banana, dry mix, instant, prepared with whole milk	115	2.62	19.76	17.38	2.8	0	cup=254
168866	Puddings, banana, dry mix, instant, with added oil	386	0	89		4.4	0	package (3.5 oz)=99|portion, amount to make 1/2 cup=25
169650	Puddings, banana, dry mix, regular	366	0	93	74.32	0.4	0.3	package (3.12 oz)=88|portion, amount to make 1/2 cup=22
167589	Puddings, banana, dry mix, regular, prepared with 2% milk	101	2.9	18.43		1.73	0	cup From 19211=284
168825	Puddings, banana, dry mix, regular, prepared with whole milk	111	2.74	18.44	15.98	2.89	0	cup=254
170241	Puddings, banana, dry mix, regular, with added oil	387	0	88.4		5	0.3	package (3.12 oz)=88|portion, amount to make 1/2 cup=22
168143	Puddings, chocolate flavor, low calorie, instant, dry mix	356	5.3	78.2	0.7	2.4	6.1	serving=9.9|package 1.4 oz box, 4 servings=40
167740	Puddings, chocolate flavor, low calorie, regular, dry mix	365	10.08	74.42	0.7	3	10.1	serving=9.9|package=40
168779	Puddings, chocolate, dry mix, instant	378	2.3	87.9	67.86	1.9	3.6	package (3.5 oz)=99|portion, amount to make 1/2 cup=25
167998	Puddings, chocolate, dry mix, instant, prepared with 2% milk	105	3.15	18.89		1.92	0.4	cup From 19211=284
169600	Puddings, chocolate, dry mix, instant, prepared with whole milk	111	3.1	18.8		3.1	1	cup=294|package yield (2 cups)=587
169603	Puddings, chocolate, dry mix, regular	362	2.6	89.3	42.88	2.1	4.5	package (3.5 oz)=99|portion, amount to make 1/2 cup=25
168780	Puddings, chocolate, dry mix, regular, prepared with 2% milk	111	3.28	19.76	11.85	2.06	0.8	cup=256
169604	Puddings, chocolate, dry mix, regular, prepared with whole milk	120	3.16	19.64	11.96	3.15	0.8	cup=284|package yield (2 cups)=570
168778	Puddings, chocolate, ready-to-eat	142	2.09	23.01	17.17	4.6	0	oz=28.4|container refrigerated, 4 oz=108|container shelf stable, 3.5 oz=98
168799	Puddings, chocolate, ready-to-eat, fat free	93	1.93	20.87	15.75	0.3	0.3	serving 4 oz=113
168826	Puddings, coconut cream, dry mix, instant	415	0.9	83.5	64	10	4	package (3.5 oz)=99|portion, amount to make 1/2 cup=25
168781	Puddings, coconut cream, dry mix, instant, prepared with 2% milk	107	2.9	19.2		2.3	0.1	cup=294|package yield (2 cups)=587
168827	Puddings, coconut cream, dry mix, instant, prepared with whole milk	117	2.9	19.1		3.5	0.1	cup=294|package yield (2 cups)=587
168828	Puddings, coconut cream, dry mix, regular	434	1	81.84	80.54	11.36	1.6	package (3.12 oz)=88|portion, amount to make 1/2 cup=25
169615	Puddings, coconut cream, dry mix, regular, prepared with 2% milk	104	3.1	17.8		2.5	0.2	cup=280|package yield (2 cups)=559
168829	Puddings, coconut cream, dry mix, regular, prepared with whole milk	114	3	17.7		3.8	0.2	cup=280|package yield (2 cups)=559
169654	Puddings, lemon, dry mix, instant	378	0	95.4		0.7	0	package (3.5 oz)=99|portion, amount to make 1/2 cup=25
168786	Puddings, lemon, dry mix, instant, prepared with 2% milk	107	2.76	20.2		1.71	0	serving=8|package=32
168830	Puddings, lemon, dry mix, instant, prepared with whole milk	115	2.7	20.1		2.9	0	cup=294|package yield (2 cups)=587
168831	Puddings, lemon, dry mix, regular	363	0.1	91.8		0.5	0.1	package (3 oz)=85|portion, amount to make 1/2 cup=21
170242	Puddings, lemon, dry mix, regular, with added oil, potassium, sodium	366	0.1	90.3		1.5	0.1	package (3 oz)=85|portion, amount to make 1/2 cup=21
168783	Puddings, rice, dry mix	376	2.7	91.2		0.1	0.7	package=106|portion, amount to make 1/2 cup=27
169611	Puddings, rice, dry mix, prepared with 2% milk	111	3.29	20.81		1.63	0.1	cup=256
169605	Puddings, rice, dry mix, prepared with whole milk	121	3.25	20.68		2.82	0.1	cup=256
168782	Puddings, rice, ready-to-eat	108	3.23	18.39	11.59	2.15	0.3	serving 4 oz pudding cup=113|oz=28.4|can (5 oz)=142|cup=172|cup=184
169606	Puddings, tapioca, dry mix	369	0.1	94.3	65	0.1	0.2	package (3.5 oz)=92|portion, amount to make 1/2 cup=23
169612	Puddings, tapioca, dry mix, prepared with 2% milk	105	2.88	19.56		1.67	0	cup=256
169607	Puddings, tapioca, dry mix, prepared with whole milk	115	2.84	19.43		2.89	0	cup=256
170243	Puddings, tapioca, dry mix, with no added salt	369	0.1	94.3		0.1	0.2	package (3.5 oz)=92|portion, amount to make 1/2 cup=23
169614	Puddings, tapioca, ready-to-eat	130	1.95	21.69	14.91	3.88	0	oz=28.4|container refrigerated 4 oz=110|container=97
168798	Puddings, tapioca, ready-to-eat, fat free	94	1.44	21.31	14.18	0.35	0	container refrigerated 4 oz=112
168784	Puddings, vanilla, dry mix, instant	377	0	92.9	92.9	0.6	0	package (3.5 oz)=99|portion, amount to make 1/2 cup=25
168785	Puddings, vanilla, dry mix, instant, prepared with whole milk	114	2.7	19.7	18.03	2.9	0	cup=284|package yield (2 cups)=569
169609	Puddings, vanilla, dry mix, regular	379	0.3	93.5	79.34	0.4	0.6	package (3.12 oz)=88|portion, amount to make 1/2 cup=22
168788	Puddings, vanilla, dry mix, regular, prepared with 2% milk	101	2.94	18.53		1.73	0	cup=256
169610	Puddings, vanilla, dry mix, regular, prepared with whole milk	113	2.8	18.92	17.09	2.9	0.1	cup=280|package yield (2 cups)=559
170644	Puddings, vanilla, dry mix, regular, with added oil	369	0.3	92.4		1.1	0	package (3.12 oz)=88|portion, amount to make 1/2 cup=22
169608	Puddings, vanilla, ready-to-eat	130	1.45	22.6	16.97	3.78	0	oz=28.4|container refrigerated 4 oz=110|container shelf stable 3.5 oz=97
168797	Puddings, vanilla, ready-to-eat, fat free	89	2.02	20.16	15.12	0	0	serving 3.5 oz shelf stable=99
172790	Puff pastry, frozen, ready-to-bake	551	7.3	45.1	0.74	38.1	1.5	oz=28.4|shell=47
172738	Puff pastry, frozen, ready-to-bake, baked	558	7.4	45.7	0.75	38.5	1.5	oz=28.4|sheet=245|shell=40
173344	Pulled pork in barbecue sauce	168	13.19	18.74	15.2	4.42	1.2	cup=249
167754	Pummelo, raw	38	0.76	9.62		0.04	1	cup, sections=190|fruit without refuse=609
169271	Pumpkin flowers, cooked, boiled, drained, without salt	15	1.09	3.3	2.4	0.08	0.9	cup=134
169270	Pumpkin flowers, raw	15	1.03	3.28		0.07		cup=33|flower=2
170120	Pumpkin leaves, cooked, boiled, drained, with salt	21	2.72	3.39	0.69	0.22	2.7	cup=71
168447	Pumpkin leaves, cooked, boiled, drained, without salt	21	2.72	3.39	0.69	0.22	2.7	cup=71
169272	Pumpkin leaves, raw	19	3.15	2.33		0.4		cup=39
169273	Pumpkin pie mix, canned	104	1.09	26.39		0.13	8.3	cup=270
170527	Pumpkin, canned, with salt	34	1.1	8.09	3.3	0.28	2.9	cup=245
168450	Pumpkin, canned, without salt	34	1.1	8.09	3.3	0.28	2.9	cup=245
170526	Pumpkin, cooked, boiled, drained, with salt	18	0.72	4.31	2.08	0.07	1.1	cup, mashed=245
168449	Pumpkin, cooked, boiled, drained, without salt	20	0.72	4.9	2.08	0.07	1.1	cup, mashed=245
170119	Pumpkin, flowers, cooked, boiled, drained, with salt	15	1.09	3.18	2.4	0.08	0.9	cup=134
168448	Pumpkin, raw	26	1	6.5	2.76	0.1	0.5	cup (1" cubes)=116
170121	Purslane, cooked, boiled, drained, with salt	18	1.49	3.55		0.19		cup=115
169275	Purslane, cooked, boiled, drained, without salt	18	1.49	3.55		0.19		cup=115|squash=431
169274	Purslane, raw	20	2.03	3.39		0.36		cup=43|plant=3
172829	Quail, breast, meat only, raw	123	22.59	0		2.99	0	oz=28.3|unit (yield from 1 lb ready-to cook quail)=208|breast=56
169902	Quail, cooked, total edible	227	25.1	0	0	14.1	0	oz=28.4|lb=453
172418	Quail, meat and skin, raw	192	19.63	0		12.05	0	quail=109|unit (yield from 1 lb ready-to cook quail)=405
172419	Quail, meat only, raw	134	21.76	0		4.53	0	quail=92|unit (yield from 1 lb ready-to cook quail)=342
168163	Quinces, raw	57	0.4	15.3		0.1	1.9	fruit without refuse=92
168917	Quinoa, cooked	120	4.4	21.3	0.87	1.92	2.8	cup=185
168874	Quinoa, uncooked	368	14.12	64.16		6.07	7	cup=170
168564	Radicchio, raw	23	1.43	4.48	0.6	0.25	0.9	cup, shredded=40|leaf=8
170095	Radish seeds, sprouted, raw	43	3.81	3.6		2.53		cup=38
169889	Radishes, hawaiian style, pickled	28	1.1	5.2	2	0.3	2.2	cup=150
170122	Radishes, oriental, cooked, boiled, drained, with salt	17	0.67	3.43	1.83	0.24	1.6	cup slices=147
168452	Radishes, oriental, cooked, boiled, drained, without salt	17	0.67	3.43	1.83	0.24	1.6	cup, sliced=147
168453	Radishes, oriental, dried	271	7.9	63.37	37.32	0.72	23.9	cup=116
168451	Radishes, oriental, raw	18	0.6	4.1	2.5	0.1	1.6	cup slices=116|radish (7" long)=338
169276	Radishes, raw	16	0.68	3.4	1.86	0.1	1.6	cup slices=116|large (1" to 1-1/4" dia)=9|medium (3/4" to 1" dia)=4.5|slice=1|small=2|cup slices=116
170081	Radishes, white icicle, raw	14	1.1	2.63		0.1	1.4	cup slices=100|radish (7" long)=17
168165	Raisins, dark, seedless (Includes foods for USDA's Food Distribution Program)	299	3.3	79.32	65.18	0.25	4.5	cup, packed=165|cup (not packed)=145|miniature box (.5 oz)=14|small box (1.5 oz)=43|raisins=0.5|oz (60 raisins)=28.4
168164	Raisins, golden, seedless	301	3.28	80.02	65.7	0.2	3.3	cup, packed=165|cup (not packed)=145
168166	Raisins, seeded	296	2.52	78.47		0.54	6.8	cup, packed=165|cup (not packed)=145
168167	Rambutan, canned, syrup pack	82	0.65	20.87		0.21	0.9	cup, drained=150|cup=214|fruit=9
167756	Raspberries, canned, red, heavy syrup pack, solids and liquids	91	0.83	23.36	20.06	0.12	3.3	cup=256
167757	Raspberries, frozen, red, sweetened	103	0.7	26.16	21.76	0.16	4.4	cup, thawed=250|package (10 oz)=284
168209	Raspberries, frozen, red, unsweetened	56	1.15	12.55	6.54	0.81	4.3	cup, unthawed=140
167808	Raspberries, puree, seedless	41	1.02	7.99	6.04	0.87	0.9	
167809	Raspberries, puree, with seeds	55	1.1	11.51	6.56	0.97	4.3	
167755	Raspberries, raw	52	1.2	11.94	4.42	0.65	6.5	cup=123|pint as purchased, yields=312|raspberries=1.9
168997	Raspberries, wild (Northern Plains Indians)	62	1.12	13.85	5.54	0.28	7.5	cup=130
168217	Raspberry juice concentrate	221	3.04	53.19	38.21	1.34	1.1	
172113	Ravioli, cheese with tomato sauce, frozen, not prepared, includes regular and light entrees	111	4.52	17.31	4.09	2.61	1.4	cup=159
173328	Ravioli, cheese-filled, canned	77	2.48	13.64	3.72	1.45	1.3	cup=242
173329	Ravioli, meat-filled, with tomato sauce or meat sauce, canned	97	3.24	13.26	1.97	3.41	1.5	cup=262
172213	Reddi Wip Fat Free Whipped Topping	149	3	25	16	5	0.4	tablespoon=4|cup=75
172465	Refried beans, canned, fat-free	79	5.34	13.5	0.61	0.45	4.7	cup=231|can=445
172438	Refried beans, canned, traditional style	90	4.98	13.55	0.54	2.01	3.7	cup=238|can=442
174298	Refried beans, canned, traditional, reduced sodium	89	4.98	13.55	0.54	2.01	3.7	cup=238|tablespoon=16
174296	Refried beans, canned, vegetarian	83	5.28	13.5	0.59	0.87	4.7	cup=242|can=444
168789	Rennin, chocolate, dry mix, prepared with 2% milk	85	3.24	13.47		2.06	0.5	
169617	Rennin, chocolate, dry mix, prepared with whole milk	96	3.2	13.34		3.34	0.5	
168790	Rennin, vanilla, dry mix, prepared with 2% milk	77	3.06	12.34		1.77	0	
168793	Rennin, vanilla, dry mix, prepared with whole milk	89	3.03	12.21		3.07	0	
168072	Restaurant, Chinese, beef and vegetables	105	7.08	7.29	2.41	5.3	1.5	order=574
167678	Restaurant, Chinese, chicken and vegetables	95	8.18	5.38	2.93	4.56	0.9	order=693|cup=153
168083	Restaurant, Chinese, chicken chow mein	85	6.76	8.29	1.74	2.8	1	order=604
167667	Restaurant, Chinese, egg rolls, assorted	250	8.28	27.29		11.94	2.6	piece=89
167668	Restaurant, Chinese, fried rice, without meat	174	4.05	32.79	0.56	2.96	1.1	cup=137
167675	Restaurant, Chinese, general tso's chicken	295	12.9	23.99	11.6	16.36	0.9	order=535|pieces=17.7
167676	Restaurant, Chinese, kung pao chicken	129	9.76	6.87	3.03	6.98	1.5	order=604
167674	Restaurant, Chinese, lemon chicken	252	11.87	20.61	8.18	13.55	1	order=623|pieces=24.3
167679	Restaurant, Chinese, orange chicken	262	14.46	22.46	13.6	12.68	0.8	order=648|pieces=21
168087	Restaurant, Chinese, sesame chicken	293	14.33	26.88	15.98	14.25	0.7	order=547
168080	Restaurant, Chinese, shrimp and vegetables	78	5.9	4.52	2.16	4.05	1.4	order=601
168081	Restaurant, Chinese, sweet and sour chicken	250	10.1	23.86	11.47	12.65	1	order=706|pieces=18.3
168082	Restaurant, Chinese, sweet and sour pork	270	8.91	23.34	10.34	15.66	1	order=609|pieces=14
168084	Restaurant, Chinese, vegetable chow mein, without meat or noodles	43	1.34	5.74	2.63	1.68	1.2	order=777|cup=195
167677	Restaurant, Chinese, vegetable lo mein, without meat	121	4.77	20.16	2.63	2.35	1.3	order=741|cup=136
169837	Restaurant, family style, chicken fingers, from kid's menu	307	18.68	18.77	0.33	17.45	1.1	serving=114|piece=37
169847	Restaurant, family style, chicken tenders	302	18.88	19.29	0.24	16.63	0.9	serving=201
169028	Restaurant, family style, chili with meat and beans	157	12.56	4.57	2.27	9.79	1.4	cup=136|serving=182
169026	Restaurant, family style, coleslaw	159	0.88	12.35	9.54	11.78	1.9	serving=108
169846	Restaurant, family style, fish fillet, battered or breaded, fried	219	13.49	16.89	0.45	10.79	0.9	serving=226
169836	Restaurant, family style, french fries	289	3.49	37.2	0.28	14.04	3.9	serving=170
169015	Restaurant, family style, fried mozzarella sticks	325	14.75	25.14	2.36	18.33	2	serving=245|piece=31
169848	Restaurant, family style, hash browns	197	2.49	26.59	1.38	8.99	2.7	cup=94|serving=124
169839	Restaurant, family style, macaroni & cheese, from kids' menu	151	5.42	18.8	3.09	6.06	1.1	cup=136|serving=210
169027	Restaurant, family style, onion rings	356	4.89	40.72	4.68	19.28	2.6	serving=259
169838	Restaurant, family style, shrimp, breaded and fried	308	12.67	22.29	0.91	18.67	1.5	serving=169
169016	Restaurant, family style, sirloin steak	195	29.8	0	0.55	8.48		serving=166
169029	Restaurant, family style, spaghetti and meatballs	170	7.84	15.51	2.03	8.52	1.5	cup=134|serving=565
169038	Restaurant, Italian, cheese ravioli with marinara sauce	154	7.07	18.5	4.5	5.7	1.2	serving serving size varied by diameter and count of raviloi=427
168062	Restaurant, Italian, chicken parmesan without pasta	204	16.17	10.92	2.79	10.64	0.9	serving=301
169850	Restaurant, Italian, lasagna with meat	185	10.83	11.36	3.15	10.69	1.5	serving=457
167680	Restaurant, Italian, spaghetti with meat sauce	121	5.79	16.4	1.82	3.59	1.6	serving=554
169033	Restaurant, Italian, spaghetti with pomodoro sauce (no meat)	104	3.9	17.77	1.82	1.89	1.7	serving=510
168070	Restaurant, Latino, arepa (unleavened cornmeal bread)	219	5.48	37.14	0.87	5.38	2.6	piece=98
168064	Restaurant, Latino, Arroz con frijoles negros (rice and black beans)	151	4.64	24.4	0.86	3.85	3.4	serving=461|cup=146
168066	Restaurant, Latino, Arroz con grandules (rice and pigeonpeas)	182	3.5	30.75		4.98	1.4	serving=653|cup=115
168065	Restaurant, Latino, Arroz con habichuelas colorados (Rice And Red Beans)	142	3.96	23.74	0.15	3.46	2.6	serving=590|cup=157
168063	Restaurant, Latino, arroz con leche (rice pudding)	146	3.2	24.92	15.26	3.69	0.5	serving=283|cup=253
168068	Restaurant, Latino, black bean soup	103	5.1	14.79	0.89	2.57	4.9	cup=246
168071	Restaurant, Latino, bunuelos (fried yeast bread)	462	8.02	48.57	12.24	26.24	1.5	piece=70
167659	Restaurant, Latino, chicken and rice, entree, prepared	174	12.02	20.03	0.55	5.06	1.2	cup=141
167660	Restaurant, Latino, empanadas, beef, prepared	335	11.31	31.19	1.84	18.37	2	piece=89
167661	Restaurant, Latino, pupusas con frijoles (pupusas, bean)	229	5.59	31.49	1.3	9.01	5.8	piece=126
167662	Restaurant, Latino, pupusas con queso (pupusas, cheese)	256	11.72	22.39	1.2	13.25	2.9	piece=117
167663	Restaurant, Latino, pupusas del cerdo (pupusas, pork)	232	11.51	23.02	1.45	10.43	2.6	piece=122
167664	Restaurant, Latino, tamale, corn	186	3.48	26.68	7.42	7.21	3.2	piece=166
168067	Restaurant, Latino, tamale, pork	174	7.35	15.75	0.46	9.04	2.4	piece=142
168069	Restaurant, Latino, tripe soup	74	8.61	4.07		2.58		cup=200
169855	Restaurant, Mexican, cheese enchilada	273	11.24	15.45	2.6	18.47	1.9	serving serving size varied from 1 to 3 enchiladas=244|enchilada=137|enchilada=128.5|enchilada=121.7
169035	Restaurant, Mexican, cheese quesadilla	368	15.93	24.11	2.21	23.08	1.7	serving serving size varied on diameter and count of quesadila=205|quesadilla 8-10 inch diameter=194|quesadilla 5-6 inch diameter=93
169856	Restaurant, Mexican, cheese tamales	216	8.99	17.97	1.23	11.99	2.2	serving serving size varied from 1 to 3 tamales=302|tamale=179|tamale=175.5|tamale=183.3
167666	Restaurant, Mexican, refried beans	156	6.91	16.79	0.78	6.77	8	cup=148
167658	Restaurant, Mexican, soft taco with ground beef, cheese and lettuce	219	12.56	17.92	2.39	10.81	1.5	serving varied from 1 to 3 tacos per serving=281|taco=134|taco=139.5|taco=129.7
167665	Restaurant, Mexican, spanish rice	185	3.28	31.16	1.3	5.29	1.2	cup=116
168169	Rhubarb, frozen, cooked, with sugar	116	0.39	31.2	28.7	0.05	2	cup=240
168168	Rhubarb, frozen, uncooked	21	0.55	5.1	1.1	0.11	1.8	cup, diced=137
167758	Rhubarb, raw	21	0.9	4.54	1.1	0.2	1.8	cup, diced=122|stalk=51
168022	Rhubarb, wild, leaves (Alaska Native)	61	4.2	9.9		0.5		
168950	Rice and vermicelli mix, beef flavor, prepared with 80% margarine	129	2.82	22.03		3.2	0.6	cup=247
168949	Rice and vermicelli mix, beef flavor, unprepared	359	10.84	76.02	4.27	1.27	1.6	cup=184.8|tbsp=9
173348	Rice and vermicelli mix, chicken flavor, prepared with 80% margarine	136	2.65	23.54	0.64	3.45	0.7	cup=233
168952	Rice and vermicelli mix, rice pilaf flavor, prepared with 80% margarine	148	2.94	25.67	0.26	3.7	0.6	cup=238
168951	Rice and vermicelli mix, rice pilaf flavor, unprepared	359	10.42	76.31	1.53	1.37	1.2	cup=206.1|tbsp=9.6
173006	Rice and Wheat cereal bar	409	9.09	72.73	31.8	9.09	1.8	bar=22
173339	Rice bowl with chicken, frozen entree, prepared (includes fried, teriyaki, and sweet and sour varieties)	126	5.65	22.46	4.07	1.56	0.7	bowl=340
169713	Rice bran, crude	316	13.35	49.69	0.9	20.85	21	cup=118
168107	Rice cake, cracker (include hain mini rice cakes)	392	7.1	81.1	0.88	4.3	4.2	cubic inch=4.2
173161	Rice crackers	416	10	82.64	0	5	0	serving=30
168898	Rice flour, brown	363	7.23	76.48	0.66	2.78	4.6	cup=158
169714	Rice flour, white, unenriched	366	5.95	80.13	0.12	1.42	2.4	cup=158
169778	Rice mix, cheese flavor, dry mix, unprepared	362	8.77	73.88	5.26	3.51	1.8	cup dry rice mix=228
168964	Rice mix, white and wild, flavored, unprepared	142	3.49	26.28	0.4	2.57	0.8	cup=191
168914	Rice noodles, cooked	108	1.79	24.01	0.03	0.2	1	cup=176
169742	Rice noodles, dry	364	5.95	80.18	0.12	0.56	1.6	oz=28.5
169704	Rice, brown, long-grain, cooked (Includes foods for USDA's Food Distribution Program)	123	2.74	25.58	0.24	0.97	1.6	cup=202
169703	Rice, brown, long-grain, raw (Includes foods for USDA's Food Distribution Program)	367	7.54	76.25	0.66	3.2	3.6	cup=185
168875	Rice, brown, medium-grain, cooked (Includes foods for USDA's Food Distribution Program)	112	2.32	23.51		0.83	1.8	cup=195
169706	Rice, brown, medium-grain, raw (Includes foods for USDA's Food Distribution Program)	362	7.5	76.17		2.68	3.4	cup=190
173263	Rice, brown, parboiled, cooked, UNCLE BENS	147	3.09	31.33	0.15	0.85	1.7	cup=155
168876	Rice, brown, parboiled, dry, UNCLE BEN'S	370	7.6	78.68	0.5	2.75	3.5	cup=192
169711	Rice, white, glutinous, unenriched, cooked	97	2.02	21.09	0.05	0.19	1	cup=174
168883	Rice, white, glutinous, unenriched, uncooked	370	6.81	81.68		0.55	2.8	cup=185
169708	Rice, white, long-grain, parboiled, enriched, cooked	123	2.91	26.05	0.11	0.37	0.9	cup=158
169707	Rice, white, long-grain, parboiled, enriched, dry	374	7.51	80.89	0.33	1.03	1.8	cup=185
169759	Rice, white, long-grain, parboiled, unenriched, cooked	123	2.91	26.05	0.11	0.37	0.9	cup=158
169758	Rice, white, long-grain, parboiled, unenriched, dry	374	7.51	80.89	0.33	1.03	1.8	cup=185
169709	Rice, white, long-grain, precooked or instant, enriched, dry	380	7.82	82.32	0.05	0.94	1.9	cup=95
169710	Rice, white, long-grain, precooked or instant, enriched, prepared	124	2.18	26.76	0	0.5	0.6	cup=165
169753	Rice, white, long-grain, regular, cooked, enriched, with salt	130	2.69	28.17	0.05	0.28	0.4	cup=158
168935	Rice, white, long-grain, regular, cooked, unenriched, with salt	130	2.69	28.17	0.05	0.28	0.4	cup=158
168878	Rice, white, long-grain, regular, enriched, cooked	130	2.69	28.17	0.05	0.28	0.4	cup=158
168877	Rice, white, long-grain, regular, raw, enriched	365	7.13	79.95	0.12	0.66	1.3	cup=185
169756	Rice, white, long-grain, regular, raw, unenriched	365	7.13	79.95	0.12	0.66	1.3	cup=185
169757	Rice, white, long-grain, regular, unenriched, cooked without salt	130	2.69	28.17	0.05	0.28	0.4	cup=158
168930	Rice, white, medium-grain, cooked, unenriched	130	2.38	28.59		0.21		cup=186
168880	Rice, white, medium-grain, enriched, cooked	130	2.38	28.59		0.21	0.3	cup=186
168879	Rice, white, medium-grain, raw, enriched	360	6.61	79.34		0.58	1.4	cup=195
169760	Rice, white, medium-grain, raw, unenriched	360	6.61	79.34		0.58		cup=195
168932	Rice, white, short-grain, cooked, unenriched	130	2.36	28.73		0.19		cup=205
168882	Rice, white, short-grain, enriched, cooked	130	2.36	28.73		0.19		cup=186
168881	Rice, white, short-grain, enriched, uncooked	358	6.5	79.15		0.52	2.8	cup=200
168931	Rice, white, short-grain, raw, unenriched	358	6.5	79.15		0.52		cup=200
169712	Rice, white, steamed, Chinese restaurant	151	3.2	33.88		0.27	0.9	cup, loosely packed=132
173347	RICE-A-RONI, chicken flavor, unprepared	356	10.64	76.08	0.7	1.04	1.2	cup=169.7|tbsp=10.2
174597	Roast beef spread	223	15.27	3.73	0.71	16.28	0.2	serving .25 cup=57
174570	Roast beef, deli style, prepackaged, sliced	115	18.62	0.64	0.29	3.69	0	slice oval=9.3|slice rectangle=13.8
175027	Rolls, dinner, egg	307	9.5	52	4.3	6.4	3.7	oz=28.4|roll (2-1/2" dia)=35
175028	Rolls, dinner, oat bran	236	9.5	40.2	6.67	4.6	4.1	oz=28.4|roll=33
172793	Rolls, dinner, plain, commercially prepared (includes brown-and-serve)	310	10.86	52.04	5.55	6.47	2	roll (1 oz)=28|each (pan, dinner, or small roll) (2" square, 2" high)=25|roll (hamburger, frankfurter, onion roll, bun, large roll)=43|roll (foot long frankfurter roll)=86
172810	Rolls, dinner, plain, prepared from recipe, made with low fat (2%) milk	316	8.5	53.4		7.3	1.9	oz=28.4|large roll or bun (3-1/2" dia)=43|roll (2-1/2" dia)=35
175029	Rolls, dinner, rye	286	10.3	53.1	1.17	3.4	4.9	large (approx 3-1/2" to 4" dia)=43|medium=36|small (2-3/8" dia)=28
174107	Rolls, dinner, sweet	321	10.04	53.58	15.38	7.37	3.1	roll=30|slice=39
175030	Rolls, dinner, wheat	273	8.6	46	1.63	6.3	3.8	roll (1 oz)=28
172794	Rolls, dinner, whole-wheat	266	8.7	51.1	8.46	4.7	7.5	roll (1 oz)=28|roll (hamburger, frankfurter roll)=43|roll, large submarine, hoagie=135|medium (2-1/2" dia)=36|roll medium submarine, hoagie=94|roll (small submarine, hoagie roll)=65
172795	Rolls, french	277	8.6	50.2	0.31	4.3	3.2	oz=28.4|roll=38
171861	Rolls, gluten-free, white, made with brown rice flour, tapioca starch, and potato starch	310	7.99	55.1	9.53	6.4	3.6	roll=36
171863	Rolls, gluten-free, white, made with brown rice flour, tapioca starch, and sorghum flour	257	5.65	40.24	2.98	8.2	2.9	roll=69
171862	Rolls, gluten-free, white, made with rice flour, rice starch, and corn starch	239	3.34	50.47	6.87	2.65	5.1	roll=78
171864	Rolls, gluten-free, whole grain, made with tapioca starch and brown rice flour	329	11.8	44.29	4.2	11.6	11.2	roll=44
174089	Rolls, hamburger or hot dog, wheat/cracked wheat	269	11.69	47.31	6.9	3.61	4.2	roll=51
174090	Rolls, hamburger or hot dog, whole wheat	269	12.38	44.93	5.92	4.38	6.1	roll=56
172797	Rolls, hamburger or hotdog, mixed-grain	263	9.6	44.6	6.25	6	3.8	oz=28.4|roll=43
172796	Rolls, hamburger or hotdog, plain	279	9.77	50.12	7.28	3.91	1.8	roll 1 serving=44|oz=28.4
174094	Rolls, hamburger, whole grain white, calcium-fortified	255	9.3	46.5	9.3	3.49	2.3	piece roll=43
175031	Rolls, hard (includes kaiser)	293	9.9	52.7	1.77	4.3	2.3	oz=28.4|roll (3-1/2" dia)=57
168126	Rolls, pumpernickel	276	10.8	51.87	0.4	2.8	5.4	medium (2-1/2" dia)=36|roll (pan, dinner, or small roll) (2" square, 2" high)=28
168998	Rose Hips, wild (Northern Plains Indians)	162	1.6	38.22	2.58	0.34	24.1	cup=127
168171	Rose-apples, raw	25	0.6	5.7		0.3		
168170	Roselle, raw	49	0.96	11.31		0.64		cup, without refuse=57
173473	Rosemary, fresh	131	3.31	20.7		5.86	14.1	tsp=0.7|tbsp=1.7
167783	Rowal, raw	111	2.3	23.9	14.1	2	6.2	cup=228
167805	Ruby Red grapefruit juice blend (grapefruit, grape, apple), OCEAN SPRAY, bottled, with added vitamin C	44	0.5	10.53	10.3	0.1	0.2	fl oz=31
167597	Rudi's, Gluten-Free Bakery, Original Sandwich Bread	320	3.13	52.83	8.36	10.7	3.5	slice=34
172831	Ruffed Grouse, breast meat, skinless, raw	112	25.94	0	0	0.88	0	oz=28.2|breast=219|bird=627
170528	Rutabagas, cooked, boiled, drained, with salt	30	0.93	6.84	3.95	0.18	1.8	cup, mashed=240
168455	Rutabagas, cooked, boiled, drained, without salt	30	0.93	6.84	3.95	0.18	1.8	cup, cubes=170|cup, mashed=240
168454	Rutabagas, raw	37	1.08	8.62	4.46	0.16	2.3	cup, cubes=140|large=772|medium=386|small=192
168885	Rye flour, dark	325	15.91	68.63	2.31	2.22	23.8	cup=128
168887	Rye flour, light	357	9.82	76.68	0.93	1.33	8	cup=102
168886	Rye flour, medium	349	10.88	75.43	1.1	1.52	11.8	cup=102
168884	Rye grain	338	10.34	75.86	0.98	1.63	15.1	cup=169
168007	Sage Valley, Gluten Free Vanilla Sandwich Cookies	499	3.13	71.88	43.94	22.15	1	cookies=14.7
167704	Salad dressing, bacon and tomato	326	1.8	2	2	35	0.2	tbsp=15|cup=240
173562	Salad dressing, blue or roquefort cheese dressing, commercial, regular	484	1.37	4.77	3.48	51.1	0.4	tbsp=15|cup=245
167699	Salad dressing, blue or roquefort cheese dressing, fat-free	115	1.52	25.6	7.44	1.01	1.8	tbsp=17|cup=265
167692	Salad dressing, blue or roquefort cheese dressing, light	86	2.1	13.2	3.6	2.7	0	tbsp=16|cup=249
169876	Salad dressing, blue or roquefort cheese, low calorie	99	5.1	2.9	2.82	7.2	0	tbsp=15|cup=245
169895	Salad dressing, buttermilk, lite	202	1.25	21.33	3.77	12.42	1.1	tablespoon=15|serving (2 tbsp)=30
169055	Salad dressing, caesar dressing, regular	542	2.17	3.3	2.81	57.85	0.5	tbsp=14.7|cup=235|serving (2 tbsp)=30
171045	Salad dressing, caesar, fat-free	131	1.47	30.73	8.82	0.23	0.2	tbsp (1 NLEA serving)=17
169877	Salad dressing, caesar, low calorie	110	0.3	18.6	16.32	4.4	0.1	tbsp=15|cup=240
169056	Salad dressing, coleslaw	404	0.85	22.4	21.23	34.53	0	tbsp=19|cup=289
168109	Salad Dressing, coleslaw, reduced fat	329	0	40	38.73	20	0.4	tbsp=17|cup=269
171414	Salad dressing, french dressing, commercial, regular	419	0.87	18.79	17.43	39.07	2.4	cup=250|tbsp=16|individual packet=12.3
171020	Salad dressing, french dressing, commercial, regular, without salt	459	0.77	15.58	15.95	44.81	0	tablespoon=15
171420	Salad dressing, french dressing, fat-free	132	0.2	32.14	16.45	0.27	2.2	tablespoon=16|cup=256
167693	Salad dressing, french dressing, reduced calorie	227	0.4	27	25.92	13	0	tbsp=16|cup=260
171404	Salad dressing, french dressing, reduced fat	222	0.58	31.22	16.86	11.52	1.5	tablespoon=16|cup=260|serving (2 tbsp)=30
171021	Salad dressing, french dressing, reduced fat, without salt	233	0.58	29.28	28.45	13.46	1.1	tablespoon=16|cup=260
171419	Salad dressing, french, cottonseed, oil, home recipe	631	0.1	3.4		70.2	0	tablespoon=14|cup=220
171416	Salad dressing, french, home recipe	631	0.1	3.4		70.2	0	tablespoon=14|cup=220
169057	Salad dressing, green goddess, regular	427	1.9	7.36	6.67	43.33	0.1	tbsp=15|cup=245
171417	Salad dressing, home recipe, vinegar and oil	449	0	2.5	2.5	50.1	0	tablespoon=16|cup=250
171034	Salad dressing, honey mustard dressing, reduced calorie	207	0.98	28.26	18.33	10	0.8	tbsp (1 serving)=15
171043	Salad dressing, honey mustard, regular	464	0.87	23.33	15.84	40.83	0.4	tbsp=15
171405	Salad dressing, italian dressing, commercial, reduced fat	102	0.39	9.99	9.16	6.68	0	tablespoon=15|cup=240
171019	Salad dressing, italian dressing, commercial, regular	240	0.41	12.12	10.77	21.12	0	tbsp=14.7|cup=235
171022	Salad dressing, italian dressing, commercial, regular, without salt	292	0.38	10.43	8.32	28.37	0	tablespoon=14.7|cup=235
173590	Salad dressing, italian dressing, fat-free	47	0.97	8.75	8.85	0.87	0.6	tbsp=14|cup=231
168096	Salad dressing, italian dressing, reduced calorie	200	0.3	6.7	1.94	20	0.2	tbsp=14|cup=216
171023	Salad dressing, italian dressing, reduced fat, without salt	76	0.47	4.57	4.55	6.38	0	tablespoon=15|cup=240
171003	Salad dressing, KRAFT Mayo Fat Free Mayonnaise Dressing	64	0.2	15.8	6.8	0	2	tbsp=16
171002	Salad dressing, KRAFT Mayo Light Mayonnaise	334	0.6	8.5	4.2	32.9	0.1	tbsp=15
171004	Salad dressing, KRAFT MIRACLE WHIP FREE Nonfat Dressing	84	0.2	15.5	10.3	2.7	1.9	tbsp=16
168112	Salad dressing, mayonnaise and mayonnaise-type, low calorie	263	0.9	23.9	4.34	19	0	tbsp=14.5|cup=232
171403	Salad dressing, mayonnaise type, regular, with salt	250	0.65	14.78	10.02	21.6	0	tbsp=14.7|cup=235
171407	Salad dressing, mayonnaise, imitation, milk cream	97	2.1	11.1		5.1	0	tablespoon=15|cup=240
171406	Salad dressing, mayonnaise, imitation, soybean	232	0.3	16	6	19.2	0	tbsp=15|cup=240
171408	Salad dressing, mayonnaise, imitation, soybean without cholesterol	482	0.1	15.8	6	47.7	0	tablespoon=14.1|cup=225
173594	Salad dressing, mayonnaise, light	238	0.37	9.23	3.56	22.22	0	tablespoon=15
171037	Salad Dressing, mayonnaise, light, SMART BALANCE, Omega Plus light	333	1.53	9.39	5.38	34.18	0.2	tbsp (1 NLEA serving)=14
171009	Salad dressing, mayonnaise, regular	680	0.96	0.57	0.57	74.85	0	tbsp=13.8|cup=220|packet=10
171010	Salad dressing, mayonnaise, soybean and safflower oil, with salt	717	1.1	2.7	0.48	79.4	0	tablespoon=13.8|cup=220
171418	Salad dressing, mayonnaise, soybean oil, without salt	717	1.1	2.7		79.4	0	tablespoon=13.8|cup=220
167700	Salad Dressing, mayonnaise-like, fat-free	84	0.2	15.5	10.3	2.7	1.9	tbsp=16|cup=256
171444	Salad dressing, mayonnaise-type, light	158	0.65	16.4	6.67	10	0	
168093	Salad dressing, peppercorn dressing, commercial, regular	564	1.2	3.5	2.45	61.4	0	tbsp=13.4|fl oz=26
171044	Salad dressing, poppyseed, creamy	399	0.92	23.73	23.39	33.33	0.3	tbsp=16.5
173591	Salad dressing, ranch dressing, fat-free	119	0.25	26.51	5.35	1.92	0.1	tablespoon=14
173593	Salad dressing, ranch dressing, reduced fat	196	1.25	21.33	3.77	12.42	1.1	tablespoon=15|serving (2 tbsp)=30
173592	Salad dressing, ranch dressing, regular	430	1.32	5.9	4.69	44.54	0	tablespoon=15|serving=30
171005	Salad dressing, russian dressing	355	0.69	31.9	17.68	26.18	0.7	tbsp=15|cup=245|serving (2 tbsp)=30
171007	Salad dressing, russian dressing, low calorie	141	0.5	27.6	21.87	4	0.3	tablespoon=16|cup=260
171006	Salad dressing, sesame seed dressing, regular	443	3.1	8.6	8.32	45.2	1	tablespoon=15|cup=245
171036	Salad dressing, spray-style dressing, assorted flavors	165	0.16	16.6	14.29	10.75	0.3	serving (approximately 10 sprays)=8
169875	Salad dressing, sweet and sour	15	0.1	3.7	3.7	0	0	tbsp=16|cup=250
172356	Salad dressing, thousand island dressing, fat-free	132	0.55	29.27	16.83	1.45	3.3	tbsp=16|cup=256
171008	Salad dressing, thousand island dressing, reduced fat	195	0.83	24.06	17.31	11.32	1.2	tablespoon=15|cup=245|serving (2 tbsp)=15
171402	Salad dressing, thousand island, commercial, regular	379	1.09	14.64	15.18	35.06	0.8	tbsp=16|cup=250|serving (2 tbsp)=30
172935	Salami, cooked, beef	261	12.6	1.9	1.5	22.2	0	slice=26|oz=28.4
172936	Salami, cooked, beef and pork	336	21.85	2.4	0.96	25.9	0	slice round=12.3
172937	Salami, cooked, turkey	172	19.2	1.55	1.12	9.21	0.1	serving=28
172938	Salami, dry or hard, pork	407	22.58	1.6		33.72	0	package (4 oz)=113|slice (3-1/8" dia x 1/16" thick)=10
174582	Salami, dry or hard, pork, beef	378	21.07	0.72	0.26	31.65	0	slice=9.8|oz=28|slices 1 serving=9
174603	Salami, Italian, pork	425	21.7	1.2	1.2	37	0	oz=28
172966	Salami, Italian, pork and beef, dry, sliced, 50% less sodium	350	21.8	6.4	0	26.4	0	serving 5 slices=28
174598	Salami, pork, beef, less sodium	396	15.01	15.38	6.21	30.5	0.2	oz=28.4
168965	Salisbury steak with gravy, frozen	149	6.98	6.78	0.26	10.47	1	patty=63
173721	Salmon nuggets, breaded, frozen, heated	212	12.69	13.96		11.72	0	oz=28.4
173722	Salmon nuggets, cooked as purchased, unheated	189	11.97	11.85		10.43	0	oz=28.4
169813	Salmon, red (sockeye), filets with skin, smoked (Alaska Native)	345	60.62	0	0	11.43	0	filet=108|strip=136
173723	Salmon, sockeye, canned, drained solids, without skin and bones	158	26.33	0	0	5.87	0	oz=28.3|can drained solids, bone and skin removed=247
175174	Salmon, sockeye, canned, total can contents	153	20.63	0	0	7.17	0	oz=28.3|can total can contents=417
168048	Salmonberries, raw (Alaska Native)	47	0.85	10.05	3.66	0.33	1.9	
169277	Salsify, (vegetable oyster), raw	82	3.3	18.6		0.2	3.3	cup slices=133
170529	Salsify, cooked, boiled, drained, with salt	68	2.73	15.36	2.9	0.17	3.1	cup slices=135
169278	Salsify, cooked, boiled, drained, without salt	68	2.73	15.36	2.9	0.17	3.1	cup, sliced=135
173468	Salt, table	0	0	0	0	0	0	tsp=6|tbsp=18|cup=292|dash=0.4
169069	Sandwich spread, meatless	149	8	9	1.9	9	3.3	tbsp=15
174583	Sandwich spread, pork, beef	235	7.66	11.94	0	17.34	0.2	tbsp=15|oz=28.4
171409	Sandwich spread, with chopped pickle, regular, unspecified oils	389	0.9	22.4	15.18	34	0.4	tablespoon=15|cup=245
167759	Sapodilla, raw	83	0.44	19.96		1.1	5.3	cup, pulp=241|sapodilla=170
167760	Sapote, mamey, raw	124	1.45	32.1	20.14	0.46	5.4	cup 1" pieces=175|fruit without refuse=558
171603	Sauce, alfredo mix, dry	535	15.32	36.52	5.4	36.35	2	
174523	Sauce, barbecue	172	0.82	40.77	33.24	0.63	0.9	tbsp=17|cup=286|cup=279
171828	Sauce, barbecue, BULL'S-EYE, original	170	0.91	39.95	35.29	0.67	1	tbsp=16|cup=296|cup=291
171829	Sauce, barbecue, KC MASTERPIECE, original	160	1	37.92	30.95	0.52	1.4	tbsp=18|cup=276|cup=265
174544	Sauce, barbecue, KRAFT, original	172	0.74	40.77	32.26	0.62	0.4	tbsp=16|cup=292|cup=283
171830	Sauce, barbecue, OPEN PIT, original	132	0.44	29.45	23.49	1.41	0.5	tbsp=17|cup=274|cup=270
171827	Sauce, barbecue, SWEET BABY RAY'S, original	192	0.95	46.08	38.37	0.43	1.3	tbsp=18|cup=288|cup=280
171584	Sauce, cheese sauce mix, dry	438	7.68	60.52	10.26	18.33	1	
171191	Sauce, cheese, ready-to-serve	174	6.71	6.83	0.42	13.29	0.5	cup=252
171605	Sauce, chili, peppers, hot, immature green, canned	20	0.7	5	2.55	0.1	1.9	tbsp=15|cup=245
174067	Sauce, cocktail, ready-to-serve	128	1.36	28.22	11.83	1.05	1.8	cup=240
171823	Sauce, duck, ready-to-serve	245	0.36	60.66	30.54	0.13	0.6	Tbsp=16.5
174074	Sauce, enchilada, red, mild, ready to serve	30	0.62	4.87	1.83	0.91	0.5	cup=224|cup=224|can=283
174531	Sauce, fish, ready-to-serve	35	5.06	3.64	3.64	0.01	0	tbsp=18
172886	Sauce, hoisin, ready-to-serve	220	3.31	44.08	27.26	3.39	2.8	tbsp=16
174525	Sauce, homemade, white, medium	147	3.84	9.17	4.38	10.63	0.2	cup=250|cup=250
174526	Sauce, homemade, white, thick	186	3.99	11.61	3.98	13.83	0.3	cup=250|cup=250
171833	Sauce, horseradish	503	1.09	10.05	8.98	50.89	1	tsp=5.6
171186	Sauce, hot chile, sriracha	93	1.93	19.16	15.11	0.93	2.2	tsp=6.5
171187	Sauce, hot chile, sriracha, CHA! BY TEXAS PETE	108	2.02	22.73	15.65	0.98	2.1	tsp=6.9
171188	Sauce, hot chile, sriracha, TUONG OT SRIRACHA	79	1.86	15.87	10.48	0.9	2.2	tsp=6.2
174529	Sauce, oyster, ready-to-serve	51	1.35	10.92	0	0.25	0.3	tbsp=18
171192	Sauce, pasta, spaghetti/marinara, ready-to-serve	50	1.39	7.43	4.91	1.61	1.8	serving 1/2 cup=132
171597	Sauce, pasta, spaghetti/marinara, ready-to-serve, low sodium	51	1.41	8.06	5.5	1.48	1.8	serving 1/2 cup=128|cup=257
171575	Sauce, peanut, made from coconut, water, sugar, peanuts	179	2.02	28.46	18.8	6.34	1.1	tbsp=17
174070	Sauce, peanut, made from peanut butter, water, soy sauce	257	6.31	22.02	17.07	16.02	1.8	tbsp=18
171604	Sauce, peppers, hot, chili, mature red, canned	21	0.9	3.9	2.55	0.6	0.7	tbsp=15|cup=245
171581	Sauce, pesto, BUITONI, pesto with basil, ready-to-serve, refrigerated	418	9.83	10.09	6.33	37.6	1.8	cup=252
171582	Sauce, pesto, CLASSICO, basil pesto, ready-to-serve	372	4.16	6.93	2.6	36.38	2.1	cup=248
171185	Sauce, pesto, MEZZETTA, NAPA VALLEY BISTRO, basil pesto, ready-to-serve	496	6.69	5.12	1.25	49.88	1.3	cup=240
171579	Sauce, pesto, ready-to-serve, refrigerated	418	9.83	10.09	6.33	37.6	1.8	cup=252
171580	Sauce, pesto, ready-to-serve, shelf stable	426	5	6.14	1.92	42.42	1.7	cup=244
172880	Sauce, pizza, canned, ready-to-serve	54	2.18	8.66	3.78	1.15	2	cup=252
172879	Sauce, plum, ready-to-serve	184	0.89	42.81		1.04	0.7	tbsp=19|cup=305
174527	Sauce, ready-to-serve, pepper or hot	11	0.51	1.75	1.26	0.37	0.3	tsp=4.7|tsp=4.8
174528	Sauce, ready-to-serve, pepper, TABASCO	12	1.29	0.8	0.13	0.76	0.6	tsp=4.7|tsp=4.8
174524	Sauce, salsa, ready-to-serve	29	1.52	6.64	4.01	0.17	1.9	tbsp=18|cup=260|cup=259
171824	Sauce, salsa, verde, ready-to-serve	38	1.13	6.36	3.5	0.89	1.9	Tbsp=15
171174	Sauce, sofrito, prepared from recipe	237	12.8	5.46		18.2	1.7	cup=206
171825	Sauce, steak, tomato based	95	1.25	22.04	9.82	0.23	1.5	Tbsp=17
174543	Sauce, sweet and sour, prepared-from-recipe	79	1.84	16.72	10.81	0.58	0.4	
174066	Sauce, sweet and sour, ready-to-serve	154	0.27	38.22	18.75	0.02	0.1	Tbsp=17.5
171826	Sauce, tartar, ready-to-serve	211	1	13.3	4.25	16.7	0.5	tablespoons=15
171167	Sauce, teriyaki, ready-to-serve	89	5.93	15.56	14.1	0.02	0.1	tbsp=18|fl oz=36|cup=288
172890	Sauce, teriyaki, ready-to-serve, reduced sodium	89	5.93	15.58	14.1	0.02	0.1	Tbsp=18
171595	Sauce, tomato chili sauce, bottled, with salt	92	2.5	19.79	13.33	0.3	2.4	packet=6|cup=273
174542	Sauce, white, thin, prepared-from-recipe, with butter	72	3.95	8.29	5.29	2.56	0.1	
171610	Sauce, worcestershire	77	0	19.17	10.03	0	0	tbsp=17|cup=275
169279	Sauerkraut, canned, solids and liquids	19	0.91	4.28	1.78	0.14	2.9	cup=142|cup, undrained=236
170606	Sausage, beef, cured, cooked, smoked	312	14.11	2.42		26.91	0	sausage=43|oz=28.4
174618	Sausage, beef, fresh, cooked	332	18.21	0.35	0	27.98	0	serving=43
171617	Sausage, Berliner, pork, beef	230	15.27	2.59	2.35	17.2	0	slice=23|oz=28.4
174616	Sausage, breakfast sausage, beef, pre-cooked, unprepared	327	12.9	4.61	1	28.22	0	link=19
173880	Sausage, chicken or turkey, Italian style, lower sodium	183	21.43	14.25	0.81	4.46	0	
174605	Sausage, chicken, beef, pork, skinless, smoked	216	13.6	8.1	1.9	14.3	0	link=84
169781	Sausage, egg and cheese breakfast biscuit	324	9.54	21.57	3.1	22.13	2	biscuit=126|box=526
174586	Sausage, Italian, pork, mild, cooked, pan-fried	324	18.4	1.86	1.42	26.4	0	link=87
171631	Sausage, Italian, pork, mild, raw	290	13.9	2.97	1.19	24.26	0	link=101
172952	Sausage, Italian, sweet, links	149	16.13	2.1	0	8.42	0	link 3 oz=84
174604	Sausage, Italian, turkey, smoked	158	15.05	4.65	3.2	8.75	0.9	serving 2 oz=56
174269	Sausage, meatless	255	20.28	8.09	0	18.16	2.8	link=25|patty=38|slice=28
174588	Sausage, New england brand, pork, beef	161	17.27	4.83		7.58	0	slice (4" dia x 1/8" thick)=23|oz=28.4
172953	Sausage, Polish, beef with chicken, hot	259	17.6	3.6	0	19.4	0	serving 5 pieces=55|pieces=11
172954	Sausage, Polish, pork and beef, smoked	301	12.07	1.98	0	26.56	0	serving 2.67 oz=76
174579	Sausage, pork and beef, fresh, cooked	396	13.8	2.7	0	36.25	0	link (raw dimensions: 4" long x 7/8" dia), cooked=13|patty, cooked (raw dimensions: 3-7/8" dia x 1/4" thick)=27
172955	Sausage, pork and beef, with cheddar cheese, smoked	296	12.89	2.13	0.11	25.84	0	oz serving 2.7 oz=6.4
171632	Sausage, pork and turkey, pre-cooked	342	12.05	3.63	0	30.64	0	serving=57
173859	Sausage, pork, chorizo, link or ground, raw	296	13.63	3.78	0	25.1	0	oz=28.4|link (4" long)=60
173883	Sausage, pork, turkey, and beef, reduced sodium	284	10.71	0.11	0.02	26.79	0.1	oz=28.3|serving=56
174584	Sausage, smoked link sausage, pork	309	11.98	0.94	0.94	28.23	0	link (4" long x 1-1/8" dia)=68|link, little (2" long x 3/4" dia)=16
174585	Sausage, smoked link sausage, pork and beef	320	12	2.42	0	28.73	0	oz=28.3
172939	Sausage, smoked link sausage, pork and beef (nonfat dry milk added)	313	13.28	1.92		27.61	0	link (4" long x 1-1/8" dia)=68|link, little (2" long x 3/4" dia)=16
174599	Sausage, summer, pork and beef, sticks, with cheddar cheese	426	19.43	1.82	0.12	37.91	0.2	oz=28.4
167694	Sausage, turkey and pork, fresh, bulk, patty or link, cooked	307	22.7	0.7	0	23	0	cup, cooked=130|oz=28|oz cooked, yield=21|patty, cooked=25
174600	Sausage, turkey, breakfast links, mild, raw	174	15.91	3.18	0	10.39	0	link=28|package=450
173871	Sausage, turkey, fresh, cooked	196	23.89	0	0	10.44	0	serving=57
174617	Sausage, turkey, fresh, raw	155	18.79	0.47	0	8.08	0	serving=57
174606	Sausage, turkey, hot, smoked	158	15.05	4.65	3.2	8.75	0.3	oz=28
172948	Sausage, turkey, pork, and beef, low fat, smoked	101	8	11.54	0	2.5	0.6	oz=28.3|lb 16 oz=453.6
174580	Sausage, turkey, reduced fat, brown and serve, cooked	204	17	10.92	0	10.3	0.3	cup=128
172942	Sausage, Vienna, canned, chicken, beef, pork	230	10.5	2.6	0	19.4	0	sausage (7/8" dia x 2" long)=16|sausages (drained contents from can, net wt 4 oz)=16.1
168008	Schar, Gluten-Free, Classic White Rolls	239	3.34	50.47	6.87	2.65	5.1	roll=78
168009	Schar, Gluten-Free, Wheat-Free, Classic White Bread	240	3.81	46.13	3.34	4.47	5.1	
167946	SCHIFF,TIGER'S MILK BAR	387	16.8	56.46	36.4	14.29	2.3	bar=35
170795	School Lunch, chicken nuggets, whole grain breaded	270	15.67	22.86	0.49	12.9	2.2	pieces=17.6
170794	School Lunch, chicken patty, whole grain breaded	246	17.64	12.5	0.55	13.93	2.3	patty=86
170305	School Lunch, pizza, BIG DADDY'S LS 16" 51% Whole Grain Rolled Edge Cheese Pizza, frozen	243	13.89	27.1	4.77	8.81	2.7	slice 1/8 per pizza=155|slice 1/10 per pizza=124
170701	School Lunch, pizza, BIG DADDY'S LS 16" 51% Whole Grain Rolled Edge Turkey Pepperoni Pizza, frozen	248	13.63	27.35	3.83	9.33	4.1	slice 1/8 per pizza=156|slice 1/10 per pizza=124
170779	School Lunch, pizza, cheese topping, thick crust, whole grain, frozen, cooked	254	14.62	28.08	5.02	9.27	2.9	slice per 1/10 pizza=124|slice per 1/8 pizza=155
170792	School Lunch, pizza, cheese topping, thin crust, whole grain, frozen, cooked	247	12.72	31.31	7.12	7.91	4	piece 4"x6"=130
170781	School Lunch, pizza, pepperoni topping, thick crust, whole grain, frozen, cooked	259	14.35	28.3	4.03	9.82	4.3	slice per 1/10 pizza=124|slice per 1/8 pizza=156
170780	School Lunch, pizza, pepperoni topping, thin crust, whole grain, frozen, cooked	254	12.78	31.24	7.62	8.62	4.3	piece 4"x6"=127
170793	School Lunch, pizza, sausage topping, thick crust, whole grain, frozen, cooked	257	13.26	30.58	3.72	9.07	4	slice per 1/10 pizza=129
170782	School Lunch, pizza, sausage topping, thin crust, whole grain, frozen, cooked	250	12.63	32.24	7.53	7.83	3.9	piece 4" x 6"=133
170704	School Lunch, pizza, TONY'S Breakfast Pizza Sausage, frozen	240	10.39	26.99	5.87	10.04	2	piece 3.2 oz=91
170702	School Lunch, pizza, TONY'S SMARTPIZZA Whole Grain 4x6 Cheese Pizza 50/50 Cheese, frozen	233	12.08	29.27	6.76	7.51	3.8	piece 4" x 6"=130
170703	School Lunch, pizza, TONY'S SMARTPIZZA Whole Grain 4x6 Pepperoni Pizza 50/50 Cheese, frozen	238	12.14	28.84	7.24	8.19	4.1	piece 4"x6"=127
172969	Scrapple, pork	213	8.06	14.06	0.2	13.87	0.3	cubic inch=17|oz cooked=25|oz=28
167618	Sea cucumber, yane (Alaska Native)	56	13	0		0.4		
169825	Sea lion, Steller, fat (Alaska Native)	850	0.9	0		94		
169002	Sea lion, Steller, heart (Alaska Native)	102	17	1		3.3		
169001	Sea lion, Steller, kidney (Alaska Native)	93	18.1	1.4		1.7		
169000	Sea lion, Steller, liver (Alaska Native)	137	22.9	0		5		
169003	Sea lion, Steller, meat (Alaska Native)	120	25.85	0		1.88		
169824	Sea lion, Steller, meat with fat (Alaska Native)	242	22.1	5.55		14.65		
168020	Seal, bearded (Oogruk), meat, dried (Alaska Native)	351	82.6	0	0	2.3	0	
168051	Seal, bearded (Oogruk), meat, dried, in oil (Alaska Native)	367	35.31	0	0	25.08	0	
168053	Seal, bearded (Oogruk), meat, low quadrant, raw (Alaska Native)	186	23.63	0	0	10.17	0	
167650	Seal, bearded (Oogruk), meat, partially dried (Alaska Native)	270	62.38	0	0	2.31		
167610	Seal, bearded (Oogruk), meat, raw (Alaska Native)	110	26.7	0		0.4		
168026	Seal, ringed, liver (Alaska Native)	116	18.6	2.9		3.3		
168025	Seal, ringed, meat (Alaska Native)	142	28.4	0		3.2		
173476	Seasoning mix, dry, chili, original	335	10.82	56.56	8.67	7.3	10.8	tbsp=6.8
172242	Seasoning mix, dry, sazon, coriander & annatto	0	0	0	0	0	0	tsp=4
172243	Seasoning mix, dry, taco, original	322	4.5	58	10.83	0	13.3	tsp=2.9
170090	Seaweed, agar, dried	306	6.21	80.88	2.97	0.3	7.7	
169280	Seaweed, agar, raw	26	0.54	6.75	0.28	0.03	0.5	tbsp (1/8 cup)=5
167602	Seaweed, Canadian Cultivated EMI-TSUNOMATA, dry	259	15.34	46.24		1.39	36.7	cup=20
167603	Seaweed, Canadian Cultivated EMI-TSUNOMATA, rehydrated	31	1.86	5.62		0.17	4.5	cup=100
168456	Seaweed, irishmoss, raw	49	1.51	12.29	0.61	0.16	1.3	tbsp (1/8 cup)=5
168457	Seaweed, kelp, raw	43	1.68	9.57	0.6	0.56	1.3	tbsp (1/8 cup)=5
168458	Seaweed, laver, raw	35	5.81	5.11	0.49	0.28	0.3	sheets=2.6|tbsp (1/8 cup)=5
170495	Seaweed, spirulina, dried	290	57.47	23.9	3.1	7.72	3.6	cup=112|tablespoon=7
170091	Seaweed, spirulina, raw	26	5.92	2.42	0.3	0.39	0.4	
170496	Seaweed, wakame, raw	45	3.03	9.14	0.65	0.64	0.5	tbsp (1/8 cup)=5
170145	Seeds, breadfruit seeds, boiled	168	5.3	32		2.3	4.8	oz=28.4
170144	Seeds, breadfruit seeds, raw	191	7.4	29.24		5.59	5.2	oz=28.4
170595	Seeds, breadfruit seeds, roasted	207	6.2	40.1		2.7	6	oz=28.4
170553	Seeds, breadnut tree seeds, dried	367	8.62	79.39		1.68	14.9	cup=160|oz=28.4
170552	Seeds, breadnut tree seeds, raw	217	5.97	46.28		0.99		oz (8-14 seeds)=28.4
170554	Seeds, chia seeds, dried	486	16.54	42.12		30.74	34.4	oz=28.4
170146	Seeds, cottonseed flour, low fat (glandless)	332	49.83	36.1		1.41		oz=28.4
170555	Seeds, cottonseed flour, partially defatted (glandless)	359	40.96	40.54		6.2	3	cup=94|tbsp=5
170596	Seeds, cottonseed kernels, roasted (glandless)	506	32.59	21.9		36.29	5.5	cup=149|tbsp=10
170147	Seeds, cottonseed meal, partially defatted (glandless)	367	49.1	38.43		4.77		oz=28.4
169414	Seeds, flaxseed	534	18.29	28.88	1.55	42.16	27.3	tbsp, whole=10.3|cup, whole=168|tbsp, ground=7|tsp, whole=3.4|tsp, ground=2.5
170148	Seeds, hemp seed, hulled	553	31.56	8.67	1.5	48.75	4	tbsp=10
170149	Seeds, lotus seeds, dried	332	15.41	64.47		1.97		cup=32|oz (42 medium seeds)=28.4
168591	Seeds, lotus seeds, raw	89	4.13	17.28		0.53		oz=28.4
170556	Seeds, pumpkin and squash seed kernels, dried	559	30.23	10.71	1.4	49.05	6	cup=129|oz=28.4
169415	Seeds, pumpkin and squash seed kernels, roasted, with salt added	574	29.84	14.71	1.29	49.05	6.5	cup=118|oz=28.4
170557	Seeds, pumpkin and squash seed kernels, roasted, without salt	574	29.84	14.71	1.29	49.05	6.5	cup=118|oz=28.4
168601	Seeds, pumpkin and squash seeds, whole, roasted, with salt added	446	18.55	53.75		19.4	18.4	cup=64|oz (85 seeds)=28.4
170188	Seeds, pumpkin and squash seeds, whole, roasted, without salt	446	18.55	53.75		19.4	18.4	cup=64|oz (85 seeds)=28.4
170558	Seeds, safflower seed kernels, dried	517	16.18	34.29		38.45		oz=28.4
170559	Seeds, safflower seed meal, partially defatted	342	35.62	48.73		2.39		oz=28.4
170191	Seeds, sesame butter, paste	586	18.08	24.05		50.87	5.5	tbsp=16
169410	Seeds, sesame butter, tahini, from raw and stone ground kernels	570	17.81	26.19		48	9.3	tbsp=15|oz=28.4
170189	Seeds, sesame butter, tahini, from roasted and toasted kernels (most common type)	595	17	21.19	0.49	53.76	9.3	tbsp=15|oz=28.4
169406	Seeds, sesame butter, tahini, from unroasted kernels (non-chemically removed seed coat)	607	17.95	17.89		56.44	9.3	tbsp=14|oz=28.4
168604	Seeds, sesame butter, tahini, type of kernels unspecified	592	17.4	21.5		53.01	4.7	tbsp=15
170192	Seeds, sesame flour, high-fat	526	30.78	26.62		37.1		oz=28.4
170560	Seeds, sesame flour, low-fat	333	50.14	35.51		1.75		oz=28.4
170153	Seeds, sesame flour, partially defatted	382	40.32	35.14		11.89		oz=28.4
170561	Seeds, sesame meal, partially defatted	567	16.96	26.04		48		oz=28.4
169412	Seeds, sesame seed kernels, dried (decorticated)	631	20.45	11.73	0.48	61.21	11.6	cup=150|tbsp=8|tsp=2.7
169416	Seeds, sesame seed kernels, toasted, with salt added (decorticated)	567	16.96	26.04	0.48	48	16.9	cup=128|oz=28.4
170152	Seeds, sesame seed kernels, toasted, without salt added (decorticated)	567	16.96	26.04	0.48	48	16.9	cup=128|oz=28.4
170150	Seeds, sesame seeds, whole, dried	573	17.73	23.45	0.3	49.67	11.8	cup=144|tbsp=9
170151	Seeds, sesame seeds, whole, roasted and toasted	565	16.96	25.74		48	14	oz=28.4
168587	Seeds, sisymbrium sp. seeds, whole, dried	318	12.14	58.26		4.6		cup=74|oz=28.4
168595	Seeds, sunflower seed butter, with salt added (Includes foods for USDA's Food Distribution Program)	617	17.28	23.32	10.54	55.2	5.7	tbsp=16|oz=28.4
170155	Seeds, sunflower seed butter, without salt	617	17.28	23.32	10.54	55.2	5.7	tbsp=16|oz=28.4
170156	Seeds, sunflower seed flour, partially defatted	326	48.06	35.83		1.61	5.2	cup=64|tbsp=4
169417	Seeds, sunflower seed kernels from shell, dry roasted, with salt added	546	19.33	15.31	2.73	49.8	9	cup=128|oz=28.4|package (1.875 oz) yields=27
170562	Seeds, sunflower seed kernels, dried	584	20.78	20	2.62	51.46	8.6	cup, with hulls, edible yield=46|cup=140
169418	Seeds, sunflower seed kernels, dry roasted, with salt added	582	19.33	24.07	2.73	49.8	9	cup=128|oz=28.4
170563	Seeds, sunflower seed kernels, dry roasted, without salt	582	19.33	24.07	2.73	49.8	11.1	cup=128|oz=28.4
168593	Seeds, sunflower seed kernels, oil roasted, with salt added	592	20.06	22.89	3.11	51.3	10.6	cup=135|oz=28.4
170564	Seeds, sunflower seed kernels, oil roasted, without salt	592	20.06	22.89	3.11	51.3	10.6	cup=135|oz=28.4
168594	Seeds, sunflower seed kernels, toasted, with salt added	619	17.21	20.59		56.8	11.5	cup=134|oz=28.4
170154	Seeds, sunflower seed kernels, toasted, without salt	619	17.21	20.59		56.8	11.5	cup=134|oz=28.4
169407	Seeds, watermelon seed kernels, dried	557	28.33	15.31		47.37		cup=108|oz=28.4
169715	Semolina, enriched	360	12.68	72.83		1.05	3.9	cup=167
168933	Semolina, unenriched	360	12.68	72.83		1.05	3.9	cup=167
169368	Sesbania flower, cooked, steamed, with salt	21	1.14	5.1		0.05		cup=104
169281	Sesbania flower, cooked, steamed, without salt	22	1.14	5.23		0.05		cup=104
168459	Sesbania flower, raw	27	1.28	6.73		0.04		flower=3|cup flowers=20
173226	Shake, fast food, vanilla	148	3.37	19.59	13.63	6.52	0.9	fl oz=20.8|cup (8 fl oz)=166|milkshake (10 fl oz)=208|small McDonald's shake (12 fl oz)=250|medium McDonald's shake (16 fl oz)=333|large McDonald's shake (22 fl oz)=458
170082	Shallots, freeze-dried	348	12.3	80.7	38.16	0.5	15.7	tbsp=0.9|cup=14.4
170499	Shallots, raw	72	2.5	16.8	7.87	0.1	3.2	tbsp chopped=10
167577	Sherbet, orange	144	1.1	30.4	24.32	2	1.3	cup (4 fl oz)=148|bar (2.75 fl oz)=66
172329	Shortening bread, soybean (hydrogenated) and cottonseed	884	0	0	0	100	0	tablespoon=12.8|cup=205
172330	Shortening cake mix, soybean (hydrogenated) and cottonseed (hydrogenated)	884	0	0	0	100	0	tbsp=12.8|cup=205
173568	Shortening confectionery, coconut (hydrogenated) and or palm kernel (hydrogenated)	884	0	0	0	100	0	tbsp=12.8|cup=205
173567	Shortening frying (heavy duty), beef tallow and cottonseed	900	0	0		100	0	tbsp=12.8|cup=205
172331	Shortening frying (heavy duty), palm (hydrogenated)	884	0	0		100	0	tbsp=12.8|cup=205
172333	Shortening frying (heavy duty), soybean (hydrogenated), linoleic (less than 1%)	884	0	0	0	100	0	tbsp=12.8|cup=205
172332	Shortening household soybean (hydrogenated) and palm	884	0	0		100	0	tbsp=12.8|cup=205
173566	Shortening industrial, lard and vegetable oil	900	0	0		100	0	tbsp=12.8|cup=205
173569	Shortening industrial, soybean (hydrogenated) and cottonseed	884	0	0	0	100	0	tbsp=12.8|cup=205
172334	Shortening, confectionery, fractionated palm	884	0	0		100	0	tbsp=13.6|cup=218
172327	Shortening, household, lard and vegetable oil	900	0	0	0	100	0	tablespoon=12.8|cup=205
171011	Shortening, household, soybean (partially hydrogenated)-cottonseed (partially hydrogenated)	884	0	0	0	100	0	tbsp=12.8|cup=205
173606	Shortening, industrial, soy (partially hydrogenated ) and corn for frying	884	0	0	0	100	0	tbsp=12.8|cup=205
173607	Shortening, industrial, soy (partially hydrogenated ) for baking and confections	884	0	0	0	100	0	tbsp=12.8|cup=205
173597	Shortening, industrial, soy (partially hydrogenated), pourable liquid fry shortening	884	0	0	0	100	0	tbsp=13.6|cup=218|tsp=4.5
173579	Shortening, multipurpose, soybean (hydrogenated) and palm (hydrogenated)	884	0	0		100	0	tbsp=12.8|cup=205
173575	Shortening, special purpose for baking, soybean (hydrogenated) palm and cottonseed	884	0	0	0	100	0	tbsp=12.8|cup=205
173574	Shortening, special purpose for cakes and frostings, soybean (hydrogenated)	884	0	0	0	100	0	tbsp=12.8|cup=205
173584	Shortening, vegetable, household, composite	884	0	0	0	99.97	0	tbsp=12.8|cup=205
175230	SILK Banana-Strawberry soy yogurt	88	2.35	17.06	10.59	1.18	0.6	container=170
173780	SILK Black Cherry soy yogurt	88	2.35	17.06	11.76	1.18	0.6	container=170
173781	SILK Blueberry soy yogurt	88	2.35	17.06	12.35	1.18	0.6	container=170
173776	SILK Chai, soymilk	53	2.47	7.82	5.76	1.44	0	cup=243
173770	SILK Chocolate, soymilk	58	2.06	9.47	7.82	1.44	0.8	cup=243
175224	SILK Coffee, soymilk	62	2.06	10.29	9.47	1.44	0	cup=243
175232	SILK French Vanilla Creamer	133	0	20	20	6.67	0	tbsp=15
173782	SILK Hazelnut Creamer	133	0	20	20	6.67	0	tbsp=15
175229	SILK Key Lime soy yogurt	88	2.35	17.65	12.35	1.18	0.6	container=170
173773	SILK Light Chocolate, soymilk	49	2.06	9.05	7.82	0.62	0.8	cup=243
173771	SILK Light Plain, soymilk	29	2.47	3.29	2.47	0.82	0.4	cup=243
173772	SILK Light Vanilla, soymilk	33	2.47	4.12	2.88	0.82	0.4	cup=243
173777	SILK Mocha, soymilk	58	2.06	9.05	7.41	1.44	0	cup=243
173775	SILK Nog, soymilk	74	2.46	12.3	9.84	1.64	0	cup=244
175231	SILK Original Creamer	100	0	6.67	0	6.67	0	tbsp=15
173779	SILK Peach soy yogurt	94	2.35	18.82	14.71	1.18	0.6	container=170
175227	SILK Plain soy yogurt	66	2.64	9.69	5.29	1.76	0.4	container=227
175218	SILK Plain, soymilk	41	2.88	3.29	2.47	1.65	0.4	cup=243
175222	SILK Plus Fiber, soymilk	41	2.47	5.76	2.88	1.44	2.1	cup=243
175221	SILK Plus for Bone Health, soymilk	41	2.47	4.53	2.88	1.44	0.8	cup=243
175220	SILK Plus Omega-3 DHA, soymilk	45	2.88	3.29	2.47	2.06	0.4	cup=243
173778	SILK Raspberry soy yogurt	88	2.35	17.65	12.94	1.18	0.6	container=170
175228	SILK Strawberry soy yogurt	94	2.35	18.24	12.94	1.18	0.6	container=170
175223	SILK Unsweetened, soymilk	33	2.88	1.65	0.41	1.65	0.4	cup=243
175225	SILK Vanilla soy yogurt (family size)	79	2.64	13.66	10.57	1.76	0.4	container=227
175226	SILK Vanilla soy yogurt (single serving size)	88	2.94	14.71	10.59	1.76	0.6	container=170
175219	SILK Vanilla, soymilk	41	2.47	4.12	2.88	1.44	0.4	cup=243
173774	SILK Very Vanilla, soymilk	53	2.47	7.82	6.58	1.65	0.4	cup=243
171577	SMART SOUP, French Lentil	53	2.9	9.5	2.6	1.06	2.9	oz 1 pouch=28.3
171578	SMART SOUP, Greek Minestrone	40	1.7	8.4	2.7	0.53	2.7	oz 1 pouch=28.3
171181	SMART SOUP, Indian Bean Masala	57	3.3	10.5	2.3	0.88	2.6	oz 1 pouch=28.3
171182	SMART SOUP, Moroccan Chick Pea	51	2	9.7	4.2	1.06	3.1	oz 1 pouch=28.3
171576	SMART SOUP, Santa Fe Corn Chowder	55	2	11.2	3.6	0.71	2	oz 1 pouch=28.3
171183	SMART SOUP, Thai Coconut Curry	36	0.8	6.5	3.7	1.06	1	oz 1 pouch=28.3
171184	SMART SOUP, Vietnamese Carrot Lemongrass	44	1.3	8.2	4.4	1.06	1.5	oz 1 pouch=28.3
167654	Smelt, dried (Alaska Native)	386	56.19	0	0	17.9	0	
173159	Snack, BALANCE, original bar	415	28	48.73	34.89	12	3.1	serving=50
174803	Snack, Mixed Berry Bar	383	13.16	58.84	26.32	10.53	7.9	bar=38
168853	Snack, potato chips, made from dried potatoes, plain	545	4.62	55.38	0.76	35.28	2.9	oz=28|chips=1.6|oz=28.4|can (7 oz)=198
173156	Snack, Pretzel, hard chocolate coated	467	7.05	70.07	38.8	17.64	3.5	serving=28
173150	Snacks, bagel chips, plain	451	12.34	66.36	6.02	15.14	4.1	oz=28.4|bag=175|piece chips=4.7
168849	Snacks, banana chips	519	2.3	58.4	35.34	33.6	7.7	oz=28.4|oz=28.3|oz=28
167536	Snacks, beef jerky, chopped and formed	410	33.2	11	9	25.6	1.8	oz=28.4|piece, large=20|oz=28.4
168850	Snacks, beef sticks, smoked	550	21.5	5.4		49.6		oz=28.4|stick=20
173155	Snacks, brown rice chips	384	8.2	81.5	0.6	2.8	4.2	cake=9|cakes=9
174798	Snacks, candy bits, yogurt covered with vitamin C	415	0	86.9	65	7.5	0.2	package=20
174779	Snacks, candy rolls, yogurt-covered, fruit flavored with high vitamin C	359	0.46	74.64	39.15	6.53	3.3	Roll=23
174799	Snacks, CLIF BAR, mixed flavors	346	14.71	65.44	31.62	5.88	7.4	bar=68
168857	Snacks, corn cakes	387	8.1	83.4	23.47	2.4	1.9	cake=9|cakes=9
170647	Snacks, corn cakes, very low sodium	387	8.1	83.4		2.4		cake=9|cakes=9
167538	Snacks, corn-based, extruded, chips, barbecue-flavor	523	7	56.2		32.7	5.2	oz=28.4|bag (7 oz)=198
170245	Snacks, corn-based, extruded, chips, barbecue-flavor, made with enriched masa flour	523	7	56.2		32.7		oz=28.4
167537	Snacks, corn-based, extruded, chips, plain	539	6.17	57.27	0.27	33.36	4	oz=28|oz=28.4|bag (7 oz)=198
168127	Snacks, corn-based, extruded, chips, unsalted	557	6.6	57.4	1.41	33.4	4.4	cup, crushed=88|bag, single serving=28|chips=1.8
167539	Snacks, corn-based, extruded, cones, plain	510	5.8	62.9		26.9	1.1	oz=28.4
167948	Snacks, corn-based, extruded, onion-flavor	499	7.7	65.1	4.83	22.6	3.9	oz=28.4|oz=28.5
167949	Snacks, corn-based, extruded, puffs or twists, cheese-flavor	567	5.46	54.54	3.57	36.54	0.8	oz crunchy (about 21 pieces)=28.4|oz puffs (about 13 pieces)=28.4
170244	Snacks, corn-based, extruded, puffs or twists, cheese-flavor, unenriched	558	5.76	54.1	2.76	35.76	2.2	oz=28.4|bag (8 oz)=227
169672	Snacks, cornnuts, barbecue-flavor	436	9	71.7		14.3	8.4	oz=28.4|oz=28.5
169673	Snacks, crisped rice bar, almond	458	7	64.6		20.4	3.6	bar (1 oz)=28
167951	Snacks, crisped rice bar, chocolate chip	404	5.1	73		13.5	2.2	bar (1 oz)=28
168811	Snacks, FARLEY CANDY, FARLEY Fruit Snacks, with vitamins A, C, and E	341	4.4	80.9		0		pouch=26
174789	Snacks, FRITOLAY, SUNCHIPS, Multigrain Snack, Harvest Cheddar flavor	491	8.08	64.7	7.05	22.22	8.1	oz=28.4
174784	Snacks, FRITOLAY, SUNCHIPS, Multigrain Snack, original flavor	491	7.95	67.26	7.2	21.11	8.8	oz=28.4
174788	Snacks, FRITOLAY, SUNCHIPS, multigrain, French onion flavor	496	8.68	65.49	8.82	22.15	7.8	oz=28.4
167540	Snacks, fruit leather, pieces	359	1	82.82	57.58	2.68	0	oz=28.4|package=27|packet (.75 oz)=21
169636	Snacks, fruit leather, pieces, with vitamin C	373	0.1	85.2		3.5	3.5	serving=21|packet=14.2
167541	Snacks, fruit leather, rolls	371	0.1	85.8	49.16	3	0	large=21|small=14
168808	Snacks, GENERAL MILLS, BETTY CROCKER Fruit Roll Ups, berry flavored, with vitamin C	373	0.1	85.2	38.7	3.5		rolls=14
173145	Snacks, granola bar, chewy, reduced sugar, all flavors	412	5.55	69.4	20.8	12.5	3.1	bar=24
168861	Snacks, granola bar, fruit-filled, nonfat	342	5.9	77.6	45.24	0.9	7.4	
174801	Snacks, granola bar, GENERAL MILLS NATURE VALLEY, SWEET&SALTY NUT, peanut	487	9.14	61.14	33.14	22.86	2.9	bar=35
173153	Snacks, granola bar, GENERAL MILLS, NATURE VALLEY, CHEWY TRAIL MIX	415	5.71	72.27	42.86	11.43	3.8	bar=35
174802	Snacks, granola bar, GENERAL MILLS, NATURE VALLEY, with yogurt coating	423	5.71	74.29	40	11.43	4.4	bar=35
174793	Snacks, granola bar, KASHI GOLEAN, chewy, mixed flavors	390	16.67	63.42	42.31	7.69	7.7	bar=78
173144	Snacks, granola bar, KASHI GOLEAN, crunchy, mixed flavors	393	17.88	59.58	27.3	9.23	5.9	bar=47
174794	Snacks, granola bar, KASHI TLC Bar, chewy, mixed flavors	429	18.57	53.26	17.14	15.71	11.4	bar=35
174797	Snacks, granola bar, KASHI TLC Bar, crunchy, mixed flavors	446	15	62.78	20	15	10	bar=20|bar=20
174800	Snacks, granola bar, QUAKER, chewy, 90 Calorie Bar	408	4.17	79.17	29.17	8.33	4.2	bar=24
173154	Snacks, granola bar, QUAKER, DIPPS, all flavors	480	7.52	64.96	37.61	20.42	3.2	bar=31
169863	Snacks, granola bar, with coconut, chocolate coated	531	5.2	55.2	34.27	32.2	6.2	oz=28.4
167543	Snacks, granola bars, hard, almond	495	7.7	62		25.5	4.8	oz=28.4|bar=24
167952	Snacks, granola bars, hard, chocolate chip	438	7.3	72.1		16.3	4.4	oz=28.4|bar=24
169681	Snacks, granola bars, hard, peanut butter	483	9.8	62.3		23.8	2.9	oz=28.4|bar=24
167542	Snacks, granola bars, hard, plain	471	10.1	64.4	28.57	19.8	5.3	bar=21|bar (1 oz)=28|bar=25
174795	Snacks, granola bars, QUAKER OATMEAL TO GO, all flavors	389	6.67	75.47	31.54	6.67	4.6	bar=60
173148	Snacks, granola bars, soft, almond, confectioners coating	455	8.6	60.13	34	20	4.3	bar=35
167545	Snacks, granola bars, soft, coated, milk chocolate coating, chocolate chip	466	5.8	63.8		24.9	3.4	bar (1.25 oz)=35|bar (1 oz)=28
167547	Snacks, granola bars, soft, coated, milk chocolate coating, peanut butter	508	10.2	53.4	23.74	31.1	2.8	oz=28.4|bar=37
169674	Snacks, granola bars, soft, uncoated, chocolate chip	418	5.65	70.2	28.92	16.57	3.8	bar (1.5 oz)=43|bar (1 oz)=28
169675	Snacks, granola bars, soft, uncoated, chocolate chip, graham and marshmallow	427	6.1	70.8		15.5	4	bar (1 oz)=28
169676	Snacks, granola bars, soft, uncoated, nut and raisin	454	8	63.6		20.4	5.6	bar (1 oz)=28
167955	Snacks, granola bars, soft, uncoated, peanut butter	426	10.5	64.4		15.8	4.3	bar (1 oz)=28
167548	Snacks, granola bars, soft, uncoated, peanut butter and chocolate chip	432	9.8	62.2		20	4.2	bar (1 oz)=28
167954	Snacks, granola bars, soft, uncoated, plain	443	7.4	67.3		17.2	4.6	bar (1 oz)=28
167544	Snacks, granola bars, soft, uncoated, raisin	448	7.6	66.4		17.8	4.2	bar (1.5 oz)=43|bar (1 oz)=28
173146	Snacks, granola bites, mixed flavors	451	7.17	66.27	30	17.5	5.7	package=20
169688	Snacks, KELLOGG, KELLOGG'S Low Fat Granola Bar, Crunchy Almond/Brown Sugar	390	8	78		7.4	6.2	bar=37
169687	Snacks, KELLOGG, KELLOGG'S RICE KRISPIES TREATS Squares	417	3.4	80.5	19.36	9	0	serving=22
168862	Snacks, KELLOGG, KELLOGG'S, NUTRI-GRAIN Cereal Bars, fruit	365	4.22	67.61	28.98	8.67	3	bar=37|bar=37|bar=38
167950	Snacks, KRAFT, CORNNUTS, plain	446	8.5	71.86	0.61	15.64	6.9	oz=28.4|oz=28.5|cup=85
167964	Snacks, M&M MARS, COMBOS Snacks Cheddar Cheese Pretzel	463	9.85	66.5	17.6	16.92	3.6	oz=28.4|pieces=3
169689	Snacks, M&M MARS, KUDOS Whole Grain Bar, chocolate chip	420	4.47	72.31	38.78	13.02	2.6	bar=28
173135	Snacks, M&M MARS, KUDOS Whole Grain Bar, M&M's milk chocolate	415	3.78	73.01	37.81	11.95	2.4	bar=24
173133	Snacks, M&M MARS, KUDOS Whole Grain Bars, peanut butter	463	5.88	64.69	44.29	20.78	2.6	bar=28
173151	Snacks, NUTRI-GRAIN FRUIT AND NUT BAR	403	9.38	66.72	32.45	10.93	7.5	bar=32
167958	Snacks, oriental mix, rice-based	506	17.31	51.62	3	25.58	13.2	oz=28.4|oz=28.5
173157	Snacks, peas, roasted, wasabi-flavored	432	14.11	62.2	14.11	14.11	3.8	serving=28
173147	Snacks, pita chips, salted	457	11.79	68.26	4.76	15.2	3.8	oz=28.4|bag=262
173142	Snacks, plantain chips, salted	531	2.28	63.84	0.92	29.59	3.5	oz=28.4
167959	Snacks, popcorn, air-popped	387	12.94	77.78	0.87	4.54	14.5	cup=8|oz=28.4
170246	Snacks, popcorn, air-popped (Unsalted)	382	12	77.9		4.2	15.1	cup=8|oz=28.4
167550	Snacks, popcorn, cakes	384	9.7	80.1	0.72	3.1	2.9	cake=10|cakes=10
167551	Snacks, popcorn, caramel-coated, with peanuts	400	6.4	80.7	45.36	7.8	3.8	oz (approx 2/3 cup)=28.4|oz=28.5
167552	Snacks, popcorn, caramel-coated, without peanuts	431	3.8	79.1	53.19	12.8	5.2	oz=28.4
167960	Snacks, popcorn, cheese-flavor	526	9.3	51.6	0.79	33.2	9.9	cup=11|oz=28.4
169861	Snacks, popcorn, home-prepared, oil-popped, unsalted	500	9	58.1	0.54	28.1	10	cup=8|oz=28.4
173131	Snacks, popcorn, microwave, 94% fat free	402	10.72	76.04	0.65	6.1	13.6	oz=28.4
174778	Snacks, popcorn, microwave, low fat	424	12.6	72	0.92	9.5	14.2	oz=28.4
174785	Snacks, popcorn, microwave, regular (butter) flavor, made with partially hydrogenated oil	557	7.5	55.16	0.55	34.02	10	cup=7.9|bag=87
167549	Snacks, popcorn, oil-popped, microwave, regular flavor, no trans fat	583	7.29	45.06	0.46	43.55	8.1	cup=11|oz=28.4
170247	Snacks, popcorn, oil-popped, white popcorn, salt added	500	9	57.2		28.1	10	cup=11|oz=28.4
168851	Snacks, pork skins, barbecue-flavor	538	57.9	1.6		31.8		oz=28.4|oz=28.4
167961	Snacks, pork skins, plain	544	61.3	0	0	31.3	0	oz=28.4|oz=28.4
167962	Snacks, potato chips, barbecue-flavor	487	6.51	55.92	5.47	31.06	3.8	oz=28.4|bag (7 oz)=198
169682	Snacks, potato chips, cheese-flavor	496	8.5	57.7		27.2	5.2	oz=28.4|bag (6 oz)=170
169686	Snacks, potato chips, fat free, salted	379	9.64	83.76	3.69	0.6	7.5	oz=28.4|bag (8 oz)=227
169684	Snacks, potato chips, fat-free, made with olestra	274	7.74	65	0	0.7	6.8	oz=28.4
174805	Snacks, potato chips, lightly salted	560	6.72	53.54	0.34	35.39	4.2	pieces=1.2|bag=227
174804	Snacks, potato chips, made from dried potatoes (preformed), multigrain	505	5.3	65.34	4.08	24.74	2.7	oz=28.4|pieces average=1.7
169678	Snacks, potato chips, made from dried potatoes, cheese-flavor	551	7	50.6		37	3.4	oz=28.4|can (6.25 oz)=191
168864	Snacks, potato chips, made from dried potatoes, fat-free, made with olestra	253	5.06	56	0.59	0.93	7.3	oz=28.4
167553	Snacks, potato chips, made from dried potatoes, reduced fat	502	4.56	64.76	0.63	26.14	3.2	oz=28.4|can (6 oz)=170
167554	Snacks, potato chips, made from dried potatoes, sour-cream and onion-flavor	547	6.6	51.3		37	1.2	oz=28.4|can (6.75 oz)=198
170248	Snacks, potato chips, plain, made with partially hydrogenated soybean oil, salted	536	7	52.9		34.6	4.8	oz=28.4|bag (8 oz)=227
170648	Snacks, potato chips, plain, made with partially hydrogenated soybean oil, unsalted	536	7	52.9		34.6	4.8	oz=28.4|bag (8 oz)=227
169677	Snacks, potato chips, plain, salted	532	6.39	53.83	0.33	33.98	3.1	oz=28|chips=1.3|oz=28.4|bag (8 oz)=227
170649	Snacks, potato chips, plain, unsalted	536	7	52.9	0.22	34.6	4.8	oz=28.4|bag (8 oz)=227
169683	Snacks, potato chips, reduced fat	471	7.1	66.9	0.22	20.8	5.9	oz=28.4|bag (6 oz)=170
167963	Snacks, potato chips, sour-cream-and-onion-flavor	531	8.1	51.5		33.9	5.2	oz=28.4|bag (7 oz)=198
169046	Snacks, potato chips, white, restructured, baked	469	5	71.4	5.01	18.2	4.8	cup=34|chips=1.2
168854	Snacks, potato sticks	522	6.7	53.3	0.22	34.4	3.4	oz=28.4|cup=36
174806	Snacks, Pretzels, gluten- free made with cornstarch and potato flour	389	3.52	78.62	4.22	6.67	3.3	serving=30
167556	Snacks, pretzels, hard, confectioner's coating, chocolate-flavor	457	7.5	70.9	38.8	16.7	2.4	oz=28.4|pretzel=11
170249	Snacks, pretzels, hard, plain, made with enriched flour, unsalted	381	9.1	79.2	2.21	3.5	2.8	oz=28.4|twists=6
170650	Snacks, pretzels, hard, plain, made with unenriched flour, salted	381	9.1	79.2		3.5	2.8	oz=28.4|twists=6
170651	Snacks, pretzels, hard, plain, made with unenriched flour, unsalted	381	9.1	79.2		3.5	2.8	oz=28.4|twists=6
167555	Snacks, pretzels, hard, plain, salted	384	10.04	80.39	2.21	2.93	3.4	oz=28.4|twists=6
167965	Snacks, pretzels, hard, whole-wheat including both salted and unsalted	362	11.1	81.3		2.6	7.7	oz=28.4|oz=28.5
167967	Snacks, rice cakes, brown rice, buckwheat	380	9	80.1		3.5	3.8	cake=9|cakes=9
170251	Snacks, rice cakes, brown rice, buckwheat, unsalted	380	9	80.1		3.5		cake=9|cakes=9
169679	Snacks, rice cakes, brown rice, corn	385	8.4	81.2		3.2	2.9	cake=9|cakes=9
169680	Snacks, rice cakes, brown rice, multigrain	387	8.5	80.1		3.5	3	cake=9|cakes=9
170252	Snacks, rice cakes, brown rice, multigrain, unsalted	387	8.5	80.1		3.5		cake=9|cakes=9
170250	Snacks, rice cakes, brown rice, plain, unsalted	387	8.2	81.5	0.88	2.8	4.2	cake=9|cakes=9
168855	Snacks, rice cakes, brown rice, rye	386	8.1	79.9		3.8	4	cake=9|cakes=9
167557	Snacks, rice cakes, brown rice, sesame seed	392	7.6	81.5		3.8	5.4	cake=9|cakes=9
170652	Snacks, rice cakes, brown rice, sesame seed, unsalted	392	7.6	81.5		3.8		cake=9|cakes=9
167966	Snacks, rice cracker brown rice, plain	387	8.2	81.5	0.89	2.8	4.2	cake=9|cakes=9
168856	Snacks, sesame sticks, wheat-based, salted	541	10.9	46.5	0.19	36.7	2.8	oz=28.4|oz=28.5
170653	Snacks, sesame sticks, wheat-based, unsalted	541	10.9	46.5		36.7		oz=28.4|oz=28.5
173160	Snacks, shrimp cracker	426	7.14	59.09	21.43	17.86	5.6	serving=28
173140	Snacks, soy chips or crisps, salted	385	26.5	53.15	1.8	7.35	3.5	oz=28.4
169635	Snacks, SUNKIST, SUNKIST Fruit Roll, strawberry, with vitamins A, C, and E	342	0.6	82.7		1	7.7	roll=21
174783	Snacks, sweet potato chips, unsalted	532	2.94	56.82	8.82	32.35	8.8	oz=28.4|Bag=28|package=34
168865	Snacks, taro chips	498	2.3	68.1	3.82	24.9	7.2	oz=28.4|chips=2.3
168137	Snacks, tortilla chips, light (baked with less oil)	465	8.7	73.4	0.53	15.2	5.7	cup, crushed=63|chips=1.6
168863	Snacks, tortilla chips, low fat, made with olestra, nacho cheese	318	8.44	65.22	2.82	3.53	6.4	oz=28.4
170254	Snacks, tortilla chips, low fat, unsalted	416	11	80.1	0.85	5.7	5.3	oz=28.4
167559	Snacks, tortilla chips, nacho cheese	519	7.36	60.81	2.59	27.42	5.1	oz=28.4
170256	Snacks, tortilla chips, nacho-flavor, made with enriched masa flour	511	7.8	62.3		25.6	5.3	oz=28.4
168858	Snacks, tortilla chips, nacho-flavor, reduced fat	445	8.7	71.6		15.2	4.8	oz=28.4|bag (6 oz)=170
167558	Snacks, tortilla chips, plain, white corn, salted	472	7.1	67.78	0.78	20.68	5.4	oz=28.4|bag=213
167560	Snacks, tortilla chips, ranch-flavor	501	7.19	62.74	3.03	24.63	4	oz=28.4|bag (7 oz)=198
167970	Snacks, tortilla chips, taco-flavor	480	7.9	63.1		24.2	5.3	oz=28.4|bag (8 oz)=227
168116	Snacks, tortilla chips, unsalted, white corn	503	7.79	65.32	1	23.36	5.3	cup=26|bag, single serving=28|chips=1.8
167561	Snacks, trail mix, regular	462	13.8	44.9		29.4		cup=150|oz=28.4|oz=28
170654	Snacks, trail mix, regular, unsalted	462	13.8	44.9		29.4		cup=150|oz=28.4|oz=28
167969	Snacks, trail mix, regular, with chocolate chips, salted nuts and seeds	484	14.2	44.9	23.88	31.9	5	cup=146|oz=28.4|oz=28
170655	Snacks, trail mix, regular, with chocolate chips, unsalted nuts and seeds	484	14.2	44.9		31.9		cup=146|oz=28.4|oz=28
167968	Snacks, trail mix, tropical	442	6.3	65.6		17.1		cup=140|oz=28.4|oz=28
174791	Snacks, vegetable chips, HAIN CELESTIAL GROUP, TERRA CHIPS	517	4.13	57.97	9.75	29.81	10.9	oz=28.4
174796	Snacks, vegetable chips, made from garden vegetables	473	5.32	60.43	4.04	23.3	4.7	oz=28.4
173152	Snacks, yucca (cassava) chips, salted	515	1.34	69.23	3.36	25.91	3.7	oz=28.4|chips=1.7|bag=105
173262	Sorghum flour, refined, unenriched	357	9.53	76.85		1.24	1.9	cup=161
168943	Sorghum flour, whole-grain	359	8.43	76.64	1.94	3.34	6.6	cup=121
169716	Sorghum grain	329	10.62	72.09	2.53	3.46	6.7	cup=192
174533	Soup, bean & ham, canned, reduced sodium, prepared with water or ready-to-serve	81	4.19	13.66	3.17	1.03	4	cup=245
171586	Soup, bean with bacon, condensed, single brand	117	6.5	18		2.1	4.6	serving 1/2 cup=128
171143	Soup, bean with frankfurters, canned, condensed	142	7.6	16.75		5.31	4.6	cup (8 fl oz)=263|can (11.25 oz)=319
172905	Soup, bean with frankfurters, canned, prepared with equal volume water	75	3.99	8.8		2.79		cup (8 fl oz)=250|can (11.25 oz), prepared=607
171144	Soup, bean with ham, canned, chunky, ready-to-serve	95	5.19	11.16		3.5	4.6	cup (8 fl oz)=243|can (19.25 oz)=546
171142	Soup, bean with pork, canned, condensed	129	5.88	16.97	3	4.42	5.9	cup=260|can 11.5 oz=326
172904	Soup, bean with pork, canned, prepared with equal volume water	63	2.88	8.31	1.47	2.16	2.9	serving 1 cup=266|fl oz=33.3
171611	Soup, beef and mushroom, low sodium, chunk style	69	4.3	9.58	0.84	2.3	0.2	cup=251
171190	Soup, beef and vegetables, canned, ready-to-serve	48	3.18	6.16	1.25	1.16	1.2	cup=250|can=528
174065	Soup, beef and vegetables, reduced sodium, canned, ready-to-serve	42	3.26	4.99	1.22	0.95	0.8	cup=245|can=525
174073	Soup, beef barley, ready to serve	52	2.81	7.94	1.22	0.96	0.9	cup=208|can=527
171548	Soup, beef broth bouillon and consomme, canned, condensed	11	2.52	0.32	0	0	0	cup=248|can (10.5 oz)=310
171538	Soup, beef broth or bouillon canned, ready-to-serve	7	1.14	0.04	0	0.22	0	cup=240|can 14.5 oz=435|container 32 oz=960
171560	Soup, beef broth or bouillon, powder, dry	213	15.97	17.4	16.71	8.89	0	cube=3.6|packet=6
172922	Soup, beef broth or bouillon, powder, prepared with water	3	0.21	0.25	0.2	0.08	0	serving 1 cup=240|fl oz=29.9
174557	Soup, beef broth, bouillon, consomme, prepared with equal volume water	12	2.22	0.73		0	0	cup (8 fl oz)=241|can (10.5 oz), prepared=586
171561	Soup, beef broth, cubed, dry	170	17.3	16.1	14.51	4	0	cube=3.6
172923	Soup, beef broth, cubed, prepared with water	3	0.21	0.25	0.2	0.08	0	serving 1 cup=240|fl oz=29.9
172889	Soup, beef broth, less/reduced sodium, ready to serve	6	1.14	0.2	0.2	0.07	0	cup=219|can (14.5 oz)=407|carton (32 oz)=923
171175	Soup, beef mushroom, canned, condensed	61	4.6	5.2		2.4	0.2	cup (4 fl oz)=252|can (10.75 oz)=305
171572	Soup, beef mushroom, canned, prepared with equal volume water	30	2.37	2.6		1.23	0.1	cup (8 fl oz)=244|can (10.75 oz), prepared=593
171539	Soup, beef noodle, canned, condensed	67	3.85	7.16	2.06	2.46	0.6	cup=250|can (10.75 oz)=305
172906	Soup, beef noodle, canned, prepared with equal volume water	34	1.93	3.58	1.03	1.23	0.3	cup (8 fl oz)=244|can (10.75 oz), prepared=593
171612	Soup, beef stroganoff, canned, chunky style, ready-to-serve	98	5.1	9	1.68	4.6	0.6	cup=240
171141	Soup, black bean, canned, condensed	91	4.83	15.42	2.49	1.32	6.8	cup (8 fl oz)=257|can (11 oz), undiluted=312
172903	Soup, black bean, canned, prepared with equal volume water	46	2.42	7.71	1.24	0.66	3.4	cup=247|can (11 oz), prepared=600
171613	Soup, bouillon cubes and granules, low sodium, dry	438	16.7	64.88	14.47	13.89	0.2	tsp=2.6|cube=3.6
171178	Soup, broccoli cheese, canned, condensed, commercial	87	2.1	7.7	2.12	5.3	1.8	serving 1/2 cup=121|can 10.7 oz (10.75 oz)=303
171541	Soup, cheese, canned, condensed	82	0.8	11.3	3.73	3.92	2.2	cup=248
172894	Soup, cheese, canned, prepared with equal volume milk	92	3.77	6.47		5.8	0.4	cup=251|can (11 oz), prepared=609
174550	Soup, cheese, canned, prepared with equal volume water	63	2.19	4.26		4.24	0.4	cup (8 fl oz)=247|can (11 oz), prepared=600
171546	Soup, chicken and vegetable, canned, ready-to-serve	33	1.97	4.68	1.01	0.73	0.9	cup=255
171563	Soup, chicken broth cubes, dry	198	14.6	23.5	0	4.7	0	cube=4.8
174566	Soup, chicken broth cubes, dry, prepared with water	5	0.39	0.62		0.12		cup (8 fl oz)=243|cube (6 fl oz prepared)=182
171562	Soup, chicken broth or bouillon, dry	267	16.66	18.01	17.36	13.88	0	cube=4|teaspoon=2
172924	Soup, chicken broth or bouillon, dry, prepared with water	4	0.28	0.3	0.29	0.23	0	cup 8 fl oz=241|fl oz=30.1
171542	Soup, chicken broth, canned, condensed	31	4.42	0.75	0.35	1.04	0	cup (4 fl oz)=252|can (10.75 oz)=305
174551	Soup, chicken broth, canned, prepared with equal volume water	16	2.02	0.38	0.29	0.57	0	cup (8 fl oz)=244|can (10.75 oz), prepared=593
172888	Soup, chicken broth, less/reduced sodium, ready to serve	7	1.36	0.38	0.22	0	0	cup=240
171609	Soup, chicken broth, low sodium, canned	16	2	1.2	0.13	0.6	0	cup=240
174536	Soup, chicken broth, ready-to-serve	6	0.64	0.44	0.43	0.21	0	cup=249
171585	Soup, chicken corn chowder, chunky, ready-to-serve, single brand	99	3.1	7.5		6.3	0.9	serving=240|package yields=539
171147	Soup, chicken gumbo, canned, condensed	45	2.1	6.67	1.93	1.14	1.6	cup (4 fl oz)=252|can (10.75 oz)=305
172908	Soup, chicken gumbo, canned, prepared with equal volume water	23	1.08	3.43	1.02	0.59	0.8	cup=244|can (10.75 oz), prepared=593
174522	Soup, chicken mushroom, canned, condensed	100	1.61	11.95	0.79	4.84	3.2	cup=248
171573	Soup, chicken mushroom, canned, prepared with equal volume water	54	1.8	3.8		3.75	0.1	cup (8 fl oz)=244|can (10.75 oz), prepared=593
171543	Soup, chicken noodle, canned, condensed	48	2.37	6.07	0	1.55	0.9	cup=248
172909	Soup, chicken noodle, canned, prepared with equal volume water	24	1.16	2.97	0	0.76	0.5	serving 1 cup=248
171571	Soup, chicken noodle, dry, mix	377	15.42	62.32	1.9	6.51	3.2	packet=74|packet (6 fl oz)=11.1
172925	Soup, chicken noodle, dry, mix, prepared with water	23	0.84	3.67	0.31	0.55	0.1	cup=245
171593	Soup, chicken noodle, low sodium, canned, prepared with equal volume water	25	1.27	2.95	0.27	0.95	0.2	serving 1 cup=248|fl oz=31
174064	Soup, chicken noodle, reduced sodium, canned, ready-to-serve	41	3.29	3.84	0.34	1.34	0.8	cup=245|can=516
171544	Soup, chicken rice, canned, chunky, ready-to-serve	53	5.11	5.41	0.6	1.33	0.4	cup=240|can 19 oz=539
172892	Soup, chicken vegetable with potato and cheese, chunky, ready-to-serve	65	1.16	5.2	0.64	4.46	0.3	cup=245
171149	Soup, chicken vegetable, canned, condensed	61	2.94	7.01	1.26	2.32	0.7	cup=242|can (10.7 oz)=303
171545	Soup, chicken with rice, canned, condensed	68	1.84	11.57	0.23	1.56	0.9	cup=252
172910	Soup, chicken with rice, canned, prepared with equal volume water	24	1.45	2.92	0.08	0.78	0.3	serving 1 cup=243
171145	Soup, chicken, canned, chunky, ready-to-serve	71	5.06	6.88	0.87	2.64	0.6	cup=245
171150	Soup, chili beef, canned, condensed	117	5.09	18.86	5.09	2.53	2.5	cup (8 fl oz)=263|can (11.25 oz)=319
172911	Soup, chili beef, canned, prepared with equal volume water	57	2.49	9.23	2.49	1.24	1.2	cup=261|fl oz=32.6
171162	Soup, chunky beef, canned, ready-to-serve	66	3.97	10.08	0.67	1.11	0.6	cup=245|can (19 oz)=539
171148	Soup, chunky chicken noodle, canned, ready-to-serve	41	3.09	4.46	0.38	1.16	0.8	can=530|cup=243
171559	Soup, chunky vegetable, canned, ready-to-serve	39	1.14	7.9	1.56	0.36	1.1	cup=230
174071	Soup, chunky vegetable, reduced sodium, canned, ready-to-serve	50	1.16	10.28	2.78	0.51	1.1	cup=240
171151	Soup, clam chowder, manhattan style, canned, chunky, ready-to-serve	56	3.02	7.84	1.67	1.41	1.2	cup (8 fl oz)=240|can (19 oz)=539
171152	Soup, clam chowder, manhattan, canned, condensed	61	1.74	9.74	2.7	1.76	1.2	cup (4 fl oz)=252|can (10.75 oz)=305
174554	Soup, clam chowder, manhattan, canned, prepared with equal volume water	30	0.85	4.77	1.32	0.86	0.6	serving 1 cup=249|fl oz=31.1
171547	Soup, clam chowder, new england, canned, condensed	72	3.17	10.32	0.38	2.06	0.7	cup=252|can (10.7 oz)=303
174539	Soup, clam chowder, new england, canned, prepared with equal volume low fat (2%) milk	61	3.24	7.46	2.81	2.02	0.3	serving 1 cup=252|fl oz=31.5
174555	Soup, clam chowder, new england, canned, prepared with equal volume water	35	1.55	5.05	0.19	1.01	0.3	serving 1 cup=248|fl oz=31
174062	Soup, clam chowder, new england, canned, ready-to-serve	79	2.61	8.28	0.23	3.94	1	cup=254|can=521
174063	Soup, clam chowder, new england, reduced sodium, canned, ready-to-serve	70	2.33	5.68	0	4.23	0.8	can=519|cup=256
171537	Soup, cream of asparagus, canned, condensed	69	1.82	8.52	0.72	3.26	0.4	cup (4 fl oz)=252|can (10.75 oz)=305
172891	Soup, cream of asparagus, canned, prepared with equal volume milk	65	2.55	6.61		3.3	0.3	cup (8 fl oz)=248|can (10.75 oz), prepared=602
174549	Soup, cream of asparagus, canned, prepared with equal volume water	35	0.94	4.38		1.68	0.2	cup (8 fl oz)=244|can (10.75 oz), prepared=593
171540	Soup, cream of celery, canned, condensed	72	1.32	7.03	1.35	4.46	0.6	cup=252|can (10.75 oz)=305
172893	Soup, cream of celery, canned, prepared with equal volume milk	66	2.29	5.86		3.91	0.3	cup (8 fl oz)=248|can (10.75 oz), prepared=602
172907	Soup, cream of celery, canned, prepared with equal volume water	37	0.68	3.62		2.29	0.3	cup=248|can (10.75 oz), prepared=593
171146	Soup, cream of chicken, canned, condensed	90	2.38	7.16	0.54	5.77	0	cup (4 fl oz)=252|can (10.75 oz)=305
171602	Soup, cream of chicken, canned, condensed, reduced sodium	58	1.8	9.5	0.39	1.3	0.4	cup=248
174537	Soup, cream of chicken, canned, prepared with equal volume milk	77	3.01	6.04		4.62	0.1	cup (8 fl oz)=248|fl oz=31|can (10.75 oz), prepared=602
174553	Soup, cream of chicken, canned, prepared with equal volume water	48	1.41	3.8		3.02	0.1	cup=244|fl oz=30.5|can (10.75 oz), prepared=593
174567	Soup, cream of chicken, dry, mix, prepared with water	41	0.68	5.11	1.59	2.04	0.1	cup 8 fl oz=261|fl oz=32.6
171155	Soup, cream of mushroom, canned, condensed	79	1.35	6.8	0.4	5.3	0.7	cup=252
172887	Soup, cream of mushroom, canned, condensed, reduced sodium	52	1.21	8.1	2.13	1.69	0.6	cup=251
174540	Soup, cream of mushroom, canned, prepared with equal volume low fat (2%) milk	65	2.36	5.76	2.82	3.58	0.3	serving 1 cup=252|fl oz=31.5
172915	Soup, cream of mushroom, canned, prepared with equal volume water	39	0.66	3.33	0.2	2.59	0.3	serving 1 cup=248|fl oz=31
171607	Soup, cream of mushroom, low sodium, ready-to-serve, canned	53	1	4.53	1.72	3.7	0.2	cup=244|can (10.75 oz)=305
171552	Soup, cream of onion, canned, condensed	88	2.2	10.4	3.64	4.2	0.4	cup=252|can (10.75 oz)=305
174541	Soup, cream of onion, canned, prepared with equal volume milk	75	2.74	7.4		3.78	0.3	cup (8 fl oz)=248|can (10.75 oz), prepared=602
174559	Soup, cream of onion, canned, prepared with equal volume water	44	1.13	5.2		2.16	0.4	cup (8 fl oz)=244|can (10.75 oz), prepared=593
171158	Soup, cream of potato, canned, condensed	74	1.51	12.79	1.44	1.88	1.3	cup=248
172897	Soup, cream of potato, canned, prepared with equal volume milk	60	2.33	6.92		2.6	0.2	cup (8 fl oz)=248|can (10.75 oz), prepared=602
172917	Soup, cream of potato, canned, prepared with equal volume water	30	0.72	4.7		0.97	0.2	cup (8 fl oz)=244|can (10.75 oz), prepared=593
171159	Soup, cream of shrimp, canned, condensed	72	2.22	6.53		4.14	0.2	cup=252|can=305
172898	Soup, cream of shrimp, canned, prepared with equal volume low fat (2%) milk	61	2.78	5.64	2.62	3.23	0.1	cup (8 fl oz)=253|fl oz=31.6
172918	Soup, cream of shrimp, canned, prepared with equal volume water	36	1.11	3.27	0.24	2.07	0.1	cup=244|can (10.75 oz), prepared=593
171166	Soup, cream of vegetable, dry, powder	446	8	52.1	17.51	24.1	3	packet=18
174807	Soup, egg drop, Chinese restaurant	27	1.16	4.29	0.09	0.61	0.4	cup=241
168027	Soup, fish, homemade (Alaska Native)	72	7.4	5.6		2.2		
172899	Soup, HEALTHY CHOICE Chicken and Rice Soup, canned	37	2.53	5.71	0.37	0.55	0.8	serving 1 cup=240
174545	Soup, HEALTHY CHOICE Chicken Noodle Soup, canned	41	3.69	5.2	0.57	0.63	0.8	serving 1 cup=243
172900	Soup, HEALTHY CHOICE Garden Vegetable Soup, canned	51	2.13	10.04	2.13	0.21	1.9	serving 1 cup=246
174808	Soup, hot and sour, Chinese restaurant	39	2.58	4.35	0.42	1.21	0.5	cup=233
171549	Soup, lentil with ham, canned, ready-to-serve	56	3.74	8.16		1.12		cup (8 fl oz)=248|can (20 oz)=567
171550	Soup, minestrone, canned, chunky, ready-to-serve	53	2.13	8.64	2.17	1.17	2.4	cup=240|can (19 oz)=539
171153	Soup, minestrone, canned, condensed	68	3.48	9.17	1.5	2.05	0.8	cup (4 fl oz)=246|can (10.5 oz)=298
172913	Soup, minestrone, canned, prepared with equal volume water	34	1.77	4.66		1.04	0.4	cup (8 fl oz)=241|can (10.5 oz), prepared=586
174530	Soup, minestrone, canned, reduced sodium, ready-to-serve	50	2	9	2.13	0.8	2.4	cup=245
171154	Soup, mushroom barley, canned, condensed	61	1.5	9.6		1.8		cup (4 fl oz)=252|can (10.75 oz)=305
172914	Soup, mushroom barley, canned, prepared with equal volume water	30	0.77	4.8		0.93	0.3	cup (8 fl oz)=244|can (10.75 oz), prepared=593
171156	Soup, mushroom with beef stock, canned, condensed	68	2.51	7.41	2.28	3.21	0.1	cup (4 fl oz)=252|can (10.75 oz)=305
174558	Soup, mushroom with beef stock, canned, prepared with equal volume water	35	1.29	3.81		1.65	0.3	cup (8 fl oz)=244|can (10.75 oz), prepared=593
171551	Soup, onion, canned, condensed	46	3.06	6.68	2.72	1.42	0.7	cup (4 fl oz)=246|can (10.5 oz)=298
171165	Soup, onion, dry, mix	293	7.48	65.07	4.65	0.34	6.6	serving 1 tbsp=7.5|packet=39
174568	Soup, onion, dry, mix, prepared with water	12	0.32	2.77	0.2	0.01	0.3	serving 1 cup=230|fl oz=28.7
171553	Soup, oyster stew, canned, condensed	48	1.72	3.32		3.13	0	cup (4 fl oz)=246|can (10.5 oz)=298
172895	Soup, oyster stew, canned, prepared with equal volume milk	55	2.51	3.99		3.24	0	cup (8 fl oz)=245|can (10.5 oz), prepared=595
174560	Soup, oyster stew, canned, prepared with equal volume water	24	0.87	1.69		1.59		cup (8 fl oz)=241|can (10.5 oz), prepared=586
171554	Soup, pea, green, canned, condensed	125	6.54	20.18	6.52	2.23	3.9	cup=256|can (11.2 oz)=319
172896	Soup, pea, green, canned, prepared with equal volume milk	94	4.97	12.69		2.77	1.1	cup (8 fl oz)=254|can (11.25 oz), prepared=616
174561	Soup, pea, green, canned, prepared with equal volume water	61	3.2	9.88	3.19	1.09	1.9	serving 1 cup=259|fl oz=32.4
171592	Soup, pea, low sodium, prepared with equal volume water	62	3.2	9.88	3.19	1.09	1.9	cup=259|fl oz=32.4
171555	Soup, pea, split with ham, canned, chunky, ready-to-serve	77	4.62	11.17	1.91	1.66	1.7	cup=240|can (19 oz)=539
171157	Soup, pea, split with ham, canned, condensed	141	7.68	20.81		3.28	1.7	cup (4 fl oz)=270|can (11.5 oz)=326
172916	Soup, pea, split with ham, canned, prepared with equal volume water	75	4.08	11.05		1.74	0.9	cup (8 fl oz)=253|can (11.5 oz), prepared=614
171177	Soup, ramen noodle, any flavor, dry	440	10.17	60.26	1.98	17.59	2.9	package without flavor packet=81|packet=5.8
171614	Soup, ramen noodle, beef flavor, dry	441	10.06	60.34	1.99	17.73	3	package without flavor packet=82|packet=5.6
171615	Soup, ramen noodle, chicken flavor, dry	439	10.22	60.23	1.96	17.52	2.9	package without flavor packet=81|packet=6
171822	Soup, ramen noodle, dry, any flavor, reduced fat, reduced sodium	350	10.89	70.95	0.85	2.5	2.7	oz dry (half noodle block)=28.4
174532	Soup, shark fin, restaurant-prepared	46	3.2	3.8		2	0	cup=216
172883	Soup, stock, beef, home-prepared	13	1.97	1.2	0.54	0.09	0	cup=240
172884	Soup, stock, chicken, home-prepared	36	2.52	3.53	1.58	1.2	0	cup=240
172885	Soup, stock, fish, home-prepared	16	2.26	0	0	0.81	0	cup=233
171179	Soup, SWANSON, beef broth, lower sodium	6	1.2	0.21	0.2	0.08		cup=213|can 14.5 oz=413|carton 32 oz=925
171180	Soup, SWANSON, vegetable broth	6	0.23	1.02	0.57	0.07	0	cup=220|carton 32 oz=928
171160	Soup, tomato beef with noodle, canned, condensed	112	3.55	16.87		3.42	1.2	cup (8 fl oz)=251|can (10.75 oz)=305
172919	Soup, tomato beef with noodle, canned, prepared with equal volume water	56	1.78	8.44	0.73	1.71	0.6	cup=244|can (10.75 oz), prepared=593
172881	Soup, tomato bisque, canned, condensed	96	1.76	18.47		1.95	0.8	cup (4 fl oz)=258|can (11 oz), undiluted=312
172902	Soup, tomato bisque, canned, prepared with equal volume milk	79	2.51	11.73		2.63	0.2	cup (8 fl oz)=251|can (11 oz), prepared=609
171574	Soup, tomato bisque, canned, prepared with equal volume water	50	0.92	9.6		1.02	0.2	cup (8 fl oz)=247|can (11 oz), prepared=600
171557	Soup, tomato rice, canned, condensed	93	1.64	17.08	5.9	2.12	1.3	cup (4 fl oz)=258|can (11 oz), undiluted=312
172920	Soup, tomato rice, canned, prepared with equal volume water	47	0.82	8.54	2.95	1.06	0.7	cup=247|can (11 oz), prepared=600
172882	Soup, tomato, canned, condensed	66	1.46	15.22	8.23	0.44	1.1	cup=148|can=294
171587	Soup, tomato, canned, condensed, reduced sodium	65	1.61	13.41	8.11	0.56	1.2	serving 1/2 cup=121|can 10.7 oz=303
174546	Soup, tomato, canned, prepared with equal volume low fat (2%) milk	55	2.42	9.82	6.59	1.24	0.5	serving 1 cup=252|fl oz=31.5
171176	Soup, tomato, canned, prepared with equal volume water, commercial	32	0.71	7.45	4.03	0.21	0.5	serving 1 cup=248|fl oz=31
174569	Soup, tomato, dry, mix, prepared with water	38	0.93	7.17	3.9	0.61	0.4	cup 8 fl oz=265
171591	Soup, tomato, low sodium, with water	30	0.79	6.57	3.97	0.28	0.6	serving 1 cup=248|fl oz=31
174562	Soup, turkey noodle, canned, prepared with equal volume water	28	1.6	3.54		0.82	0.3	cup=244|fl oz=30.5|can (10.75 oz), prepared=593
174563	Soup, turkey vegetable, canned, prepared with equal volume water	30	1.28	3.58		1.26	0.2	cup (8 fl oz)=241|fl oz=30.1|can (10.5 oz), prepared=586
171558	Soup, turkey, chunky, canned, ready-to-serve	57	4.33	5.96		1.87		cup (8 fl oz)=236|can (18.75 oz)=532
171163	Soup, vegetable beef, canned, condensed	63	4.45	8.11	0.89	1.51	1.6	cup=252|can (10.75 oz)=305
174565	Soup, vegetable beef, canned, prepared with equal volume water	31	2.23	4.06	0.45	0.76	0.8	cup (8 fl oz)=244|can (10.75 oz), prepared=593
171189	Soup, vegetable beef, microwavable, ready-to-serve, single brand	44	6.2	3.3		0.7	1.5	serving=292|package yields=292
171583	Soup, vegetable broth, ready to serve	5	0.24	0.93	0.55	0.07	0	cup=221|can=390|carton (32 oz)=926
171596	Soup, vegetable chicken, canned, prepared with water, low sodium	69	5.1	8.76	1.42	2	0.4	cup=241
171594	Soup, vegetable soup, condensed, low sodium, prepared with equal volume water	33	1.1	6.06	2.15	0.45	1.1	cup=253
171164	Soup, vegetable with beef broth, canned, condensed	66	2.42	10.7	1.64	1.56	1.3	cup=246|can (10.5 oz)=298
172921	Soup, vegetable with beef broth, canned, prepared with equal volume water	33	1.21	5.35	0.82	0.78	0.7	cup (8 fl oz)=241|can (10.5 oz), prepared=586
174538	Soup, vegetable, canned, low sodium, condensed	65	2.2	12.11	4.31	0.9	2.1	cup=252
171161	Soup, vegetarian vegetable, canned, condensed	59	1.72	9.78	3.13	1.58	0.5	cup=252|can (10.5 oz)=298
174564	Soup, vegetarian vegetable, canned, prepared with equal volume water	28	0.86	4.89	1.57	0.79	0.3	cup=241|can (10.5 oz), prepared=586
171821	Soup, wonton, Chinese restaurant	32	2.08	5.25	0.34	0.26	0.2	cup=223
173444	Sour cream, fat free	74	3.1	15.6	0.39	0	0	tablespoon=12|cup=230
170869	Sour cream, imitation, cultured	208	2.4	6.63	6.63	19.52	0	oz=28.4|cup=230
173443	Sour cream, light	136	3.5	7.1	0.22	10.6	0	tablespoon=12|cup=230
173442	Sour cream, reduced fat	181	7	7	0.3	14.1	0	tablespoon=12|cup=230
171259	Sour dressing, non-butterfat, cultured, filled cream-type	178	3.25	4.68	4.68	16.57	0	tbsp=12|cup=235
168028	Sourdock, young leaves (Alaska Native)	42	2.3	6.5		0.7		
167761	Soursop, raw	66	1	16.84	13.54	0.3	3.3	cup, pulp=225|fruit (7" x 5-1/4" dia)=625
174275	Soy flour, defatted	327	51.46	33.92	16.42	1.22	17.5	cup=105|tbsp=6.6
174273	Soy flour, full-fat, raw	434	37.81	31.92	7.5	20.65	9.6	cup, stirred=84|tbsp=5.2
174274	Soy flour, full-fat, roasted	439	38.09	30.38	7.61	21.86	9.7	cup, stirred=85
172444	Soy flour, low-fat	372	49.81	30.63	9.33	8.9	16	cup, stirred=88|tbsp=5.5
172445	Soy meal, defatted, raw	337	49.2	35.89		2.39		cup=122
174301	Soy protein concentrate, produced by acid wash	328	63.63	25.41	20	0.46	5.5	oz=28.4
172447	Soy protein concentrate, produced by alcohol extraction	328	63.63	25.41	20	0.46	5.5	oz=28.4
174276	Soy protein isolate	335	88.32	0	0	3.39	0	oz=28.4
174302	Soy protein isolate, potassium type	321	88.32	2.59	0	0.53	0	oz=28.4
174279	Soy sauce made from hydrolyzed vegetable protein	60	7	7.84	1.3	0.51	0.5	tbsp=18|tsp=6|cup=232
174278	Soy sauce made from soy (tamari)	60	10.51	5.57	1.7	0.1	0.8	tbsp=18|tsp=6
174277	Soy sauce made from soy and wheat (shoyu)	53	8.14	4.93	0.4	0.57	0.8	tbsp=16|tsp=5.3|cup=255|individual packet=8.9
172473	Soy sauce made from soy and wheat (shoyu), low sodium	57	9.05	5.59	0.5	0.3	0.7	tbsp=14.2|tsp=4.5|cup=255
172474	Soy sauce, reduced sodium, made from hydrolyzed vegetable protein	90	8.19	14.44	5.63	0.31	0.3	tbsp=15|tsp=4.9|cup=232
169083	Soybean, curd cheese	151	12.5	6.9	1.6	8.1	0	cup=225
170530	Soybeans, green, cooked, boiled, drained, with salt	141	12.35	11.05		6.4	4.2	cup=180
169283	Soybeans, green, cooked, boiled, drained, without salt	141	12.35	11.05		6.4	4.2	cup=180
169282	Soybeans, green, raw	147	12.95	11.05		6.8	4.2	cup=256
174271	Soybeans, mature cooked, boiled, without salt	172	18.21	8.36	3	8.97	6	cup=172|tbsp=10.7
174299	Soybeans, mature seeds, cooked, boiled, with salt	172	18.21	8.36	2.36	8.97	6	cup=172
172441	Soybeans, mature seeds, dry roasted	449	43.32	28.98		21.62	8.1	cup=93
174270	Soybeans, mature seeds, raw	446	36.49	30.16	7.33	19.94	9.3	cup=186
174300	Soybeans, mature seeds, roasted, no salt added	469	38.55	30.22		25.4	17.7	cup=172
172440	Soybeans, mature seeds, roasted, salted	469	38.55	30.22	4.2	25.4	17.7	cup=172
168460	Soybeans, mature seeds, sprouted, cooked, steamed	81	8.47	6.53	0.52	4.45	0.8	cup=94
169369	Soybeans, mature seeds, sprouted, cooked, steamed, with salt	81	8.47	6.53	0.43	4.45	0.8	cup=94
168461	Soybeans, mature seeds, sprouted, cooked, stir-fried	125	13.1	9.4		7.1	0.8	
169370	Soybeans, mature seeds, sprouted, cooked, stir-fried, with salt	125	13.1	9.4		7.1	0.8	
169284	Soybeans, mature seeds, sprouted, raw	122	13.09	9.57		6.7	1.1	cup=70|sprouts=1
173765	Soymilk (All flavors), enhanced	45	2.94	3.45	2.53	1.99	0.4	cup=243
173769	Soymilk (All flavors), lowfat, with added calcium, vitamins A and D	43	1.65	7.2	3.5	0.62	0.8	cup=243
175216	Soymilk (all flavors), nonfat, with added calcium, vitamins A and D	28	2.47	4.14	3.65	0.04	0.2	cup=243
175215	Soymilk (all flavors), unsweetened, with added calcium, vitamins A and D	33	2.86	1.74	0.41	1.61	0.5	cup=243
173767	Soymilk, chocolate and other flavors, light, with added calcium, vitamins A and D	47	2.1	8.24	7.13	0.64	0.7	cup=243
175217	Soymilk, chocolate, nonfat, with added calcium, vitamins A and D	44	2.47	8.51	3.65	0.04	0.2	cup=243
174293	Soymilk, chocolate, unfortified	63	2.26	9.95	7.86	1.53	0.4	cup=243|fl oz=30.6
174295	Soymilk, chocolate, with added calcium, vitamins A and D	63	2.26	9.95	7.86	1.53	0.4	cup=243|fl oz=30.6
173768	Soymilk, original and vanilla, light, unsweetened, with added calcium, vitamins A and D	34	2.62	3.85	0.41	0.85	0.6	cup=243
173766	Soymilk, original and vanilla, light, with added calcium, vitamins A and D	30	2.38	3.51	2.61	0.77	0.3	cup=243
172446	Soymilk, original and vanilla, unfortified	54	3.27	6.28	3.99	1.75	0.6	cup=243|fl oz=30.6
172456	Soymilk, original and vanilla, with added calcium, vitamins A and D	43	2.6	4.92	3.65	1.47	0.2	cup=243|fl oz=30.6
172089	Spaghetti with meat sauce, frozen entree	90	5.05	15.24	2.6	1.01	1.8	serving=283|oz=28.4
168934	Spaghetti, protein-fortified, cooked, enriched (n x 6.25)	164	8.86	30.88		0.21	2	cup=140
168937	Spaghetti, protein-fortified, dry, enriched (n x 6.25)	374	21.78	65.65		2.23	2.4	oz=28.5
168912	Spaghetti, spinach, cooked	130	4.58	26.15		0.63		cup=140
168911	Spaghetti, spinach, dry	372	13.35	74.81	2.72	1.57	10.6	oz=28.5
172099	Spaghetti, with meatballs in tomato sauce, canned	100	4.37	11.45	2.91	4.11	2.7	cup=246|can=411
169777	Spanish rice mix, dry mix, prepared (with canola/vegetable oil blend or diced tomatoes and margarine)	125	3.27	22.74	1.79	2.38	1.5	cup=198
168959	Spanish rice mix, dry mix, unprepared	363	10.62	76.45	3.83	1.62	3.1	cup=140|cup=169.7|tbsp=8.8
172239	Spearmint, dried	285	19.93	52.04		6.03	29.8	tsp=0.5|tbsp=1.6
173475	Spearmint, fresh	44	3.29	8.41		0.73	6.8	leaves=0.1|tbsp=5.7
169746	Spelt, cooked	127	5.5	26.44		0.85	3.9	cup=194
169745	Spelt, uncooked	338	14.57	70.19	6.82	2.43	10.7	cup=174
171315	Spices, allspice, ground	263	6.09	72.12		8.69	21.6	tsp=1.9|tbsp=6
171316	Spices, anise seed	337	17.6	50.02		15.9	14.6	tsp, whole=2.1|tbsp, whole=6.7
171317	Spices, basil, dried	233	22.98	47.75	1.71	4.07	37.7	tsp, leaves=0.7|tbsp, leaves=2.1|tsp, ground=1.4|tbsp, ground=4.5
170917	Spices, bay leaf	313	7.61	74.97		8.36	26.3	tsp, crumbled=0.6|tbsp, crumbled=1.8
170918	Spices, caraway seed	333	19.77	49.9	0.64	14.59	38	tsp=2.1|tbsp=6.7
170919	Spices, cardamom	311	10.76	68.47		6.7	28	tsp, ground=2|tbsp, ground=5.8
170920	Spices, celery seed	392	18.07	41.35	0.67	25.27	11.8	tsp=2|tbsp=6.5
171318	Spices, chervil, dried	237	23.2	49.1		3.9	11.3	tsp=0.6|tbsp=1.9
171319	Spices, chili powder	282	13.46	49.7	7.19	14.28	34.8	tsp=2.7|tbsp=8
171320	Spices, cinnamon, ground	247	3.99	80.59	2.17	1.24	53.1	tsp=2.6|tbsp=7.8
171321	Spices, cloves, ground	274	5.97	65.53	2.38	13	33.9	tsp=2.1|tbsp=6.5
170921	Spices, coriander leaf, dried	279	21.93	52.1	7.27	4.78	10.4	tsp=0.6|tbsp=1.8
170922	Spices, coriander seed	298	12.37	54.99		17.77	41.9	tsp=1.8|tbsp=5
170923	Spices, cumin seed	375	17.81	44.24	2.25	22.27	10.5	tsp, whole=2.1|tbsp, whole=6
170924	Spices, curry powder	325	14.29	55.83	2.76	14.01	53.2	tsp=2|tbsp=6.3
170925	Spices, dill seed	305	15.98	55.17		14.54	21.1	tsp=2.1|tbsp=6.6
171322	Spices, dill weed, dried	253	19.96	55.82		4.36	13.6	tsp=1|tbsp=3.1
171323	Spices, fennel seed	345	15.8	52.29		14.87	39.8	tsp, whole=2|tbsp, whole=5.8
171324	Spices, fenugreek seed	323	23	58.35		6.41	24.6	tsp=3.7|tbsp=11.1
171325	Spices, garlic powder	331	16.55	72.73	2.43	0.73	9	tsp=3.1|tbsp=9.7
170926	Spices, ginger, ground	335	8.98	71.62	3.39	4.24	14.1	tsp=1.8|tbsp=5.2
170927	Spices, mace, ground	475	6.71	50.5		32.38	20.2	tsp=1.7|tbsp=5.3
170928	Spices, marjoram, dried	271	12.66	60.56	4.09	7.04	40.3	tsp=0.6|tbsp=1.7
170929	Spices, mustard seed, ground	508	26.08	28.09	6.79	36.24	12.2	tsp=2|tbsp=6.3
171326	Spices, nutmeg, ground	525	5.84	49.29	2.99	36.31	20.8	tsp=2.2|tbsp=7
171327	Spices, onion powder	341	10.41	79.12	6.63	1.04	15.2	tsp=2.4|tbsp=6.9
171328	Spices, oregano, dried	265	9	68.92	4.09	4.28	42.5	tsp, leaves=1|tsp, ground=1.8
171329	Spices, paprika	282	14.14	53.99	10.34	12.89	34.9	tsp=2.3|tbsp=6.8
170930	Spices, parsley, dried	292	26.63	50.64	7.27	5.48	26.7	tsp=0.5|tbsp=1.6
170931	Spices, pepper, black	251	10.39	63.95	0.64	3.26	25.3	tsp, ground=2.3|tbsp, ground=6.9|tsp, whole=2.9|dash=0.1
170932	Spices, pepper, red or cayenne	318	12.01	56.63	10.34	17.27	27.2	tsp=1.8|tbsp=5.3
170933	Spices, pepper, white	296	10.4	68.61		2.12	26.2	tsp, ground=2.4|tbsp, ground=7.1
171330	Spices, poppy seed	525	17.99	28.13	2.99	41.56	19.5	tsp=2.8|tbsp=8.8
171331	Spices, poultry seasoning	307	9.59	65.59	1.8	7.53	11.3	tsp=1.5|tbsp=4.4
171332	Spices, pumpkin pie spice	342	5.76	69.28	7.76	12.6	14.8	tsp=1.7|tbsp=5.6
171333	Spices, rosemary, dried	331	4.88	64.06		15.22	42.6	tsp=1.2|tbsp=3.3
170934	Spices, saffron	310	11.43	65.37		5.85	3.9	tsp=0.7|tbsp=2.1
170935	Spices, sage, ground	315	10.63	60.73	1.71	12.75	40.3	tsp=0.7|tbsp=2
170936	Spices, savory, ground	272	6.73	68.73		5.91	45.7	tsp=1.4|tbsp=4.4
170937	Spices, tarragon, dried	295	22.77	50.22		7.24	7.4	tsp, leaves=0.6|tbsp, leaves=1.8|tsp, ground=1.6|tbsp, ground=4.8
170938	Spices, thyme, dried	276	9.11	63.94	1.71	7.43	37	tsp, leaves=1|tbsp, leaves=2.7|tsp, ground=1.4|tbsp, ground=4.3
172231	Spices, turmeric, ground	312	9.68	67.14	3.21	3.25	22.7	tsp=3|tbsp=9.4
170494	Spinach souffle	172	7.89	5.9	1.85	12.95	0.7	cup=136|recipe yield=813
170123	Spinach, canned, no salt added, solids and liquids	19	2.11	2.92	0.33	0.37	2.2	cup=234
169286	Spinach, canned, regular pack, drained solids	23	2.81	3.4	0.4	0.5	2.4	cup=214
169285	Spinach, canned, regular pack, solids and liquids	19	2.11	2.92	0.33	0.37	1.6	cup=234
170531	Spinach, cooked, boiled, drained, with salt	23	2.97	3.75	0.43	0.26	2.4	cup=180
168463	Spinach, cooked, boiled, drained, without salt	23	2.97	3.75	0.43	0.26	2.4	cup=180
170124	Spinach, frozen, chopped or leaf, cooked, boiled, drained, with salt	34	4.01	4.8	0.51	0.87	3.7	cup=190|package (10 oz) yields=220
169288	Spinach, frozen, chopped or leaf, cooked, boiled, drained, without salt	34	4.01	4.8	0.51	0.87	3.7	cup=190|package (10 oz) yields=220
169287	Spinach, frozen, chopped or leaf, unprepared (Includes foods for USDA's Food Distribution Program)	29	3.63	4.21	0.65	0.57	2.9	cup=156|package (10 oz)=284
168462	Spinach, raw	23	2.86	3.63	0.42	0.39	2.2	cup=30|bunch=340|leaf=10|package (10 oz)=284
174534	Split pea soup, canned, reduced sodium, prepared with water or ready-to serve	71	3.85	11.83	5.06	0.92	1.9	cup=253
174535	Split pea with ham soup, canned, reduced sodium, prepared with water or ready-to-serve	68	4	11.4	1.57	0.7	1.9	cup=245
171080	Squab, (pigeon), light meat without skin, raw	134	21.76	0		4.52	0	breast, bone removed=101|unit (yield from 1 lb ready-to-cook squab)=151
174475	Squab, (pigeon), meat and skin, raw	294	18.47	0		23.8	0	oz=28.3|unit (yield from 1 lb ready-to-cook squab)=297|squab=199
171079	Squab, (pigeon), meat only, raw	142	17.5	0		7.5	0	unit (yield from 1 lb ready-to-cook squab)=251|squab=168
167632	Squash, Indian, cooked, boiled (Navajo)	16	0.31	3.22	2.02	0.15	1.5	oz=28.4
168040	Squash, Indian, raw (Navajo)	26	0.52	5.64	3.54	0.2		
170125	Squash, summer, all varieties, cooked, boiled, drained, with salt	20	0.91	4.31	2.59	0.31	1.4	cup slices=180
170488	Squash, summer, all varieties, cooked, boiled, drained, without salt	20	0.91	4.31	2.59	0.31	1.4	cup, sliced=180
170487	Squash, summer, all varieties, raw	16	1.21	3.35	2.2	0.18	1.1	cup, sliced=113|large=323|medium=196|slice=9.9|small=118
168466	Squash, summer, crookneck and straightneck, canned, drained, solid, without salt	13	0.61	2.96	1.19	0.07	1.4	cup, diced=210|cup, mashed=240|cup slices=216|slice=8|can (303 x 406)=241
170126	Squash, summer, crookneck and straightneck, cooked, boiled, drained, with salt	19	1.04	3.79	2.48	0.39	1.1	cup slices=180
168465	Squash, summer, crookneck and straightneck, cooked, boiled, drained, without salt	19	1.04	3.79	2.48	0.39	1.1	cup, sliced=180|cup slices=180
170532	Squash, summer, crookneck and straightneck, frozen, cooked, boiled, drained, with salt	25	1.28	5.54	2.33	0.2	1.4	cup slices=192
168468	Squash, summer, crookneck and straightneck, frozen, cooked, boiled, drained, without salt	25	1.28	5.54	2.33	0.2	1.4	cup slices=192
168467	Squash, summer, crookneck and straightneck, frozen, unprepared	20	0.83	4.8		0.14	1.2	cup slices=130
168464	Squash, summer, crookneck and straightneck, raw	19	1.01	3.88	2.88	0.27	1	cup sliced=127
170533	Squash, summer, scallop, cooked, boiled, drained, with salt	16	1.03	3.3	1.5	0.17	1.9	cup slices=180|cup, mashed=240
169290	Squash, summer, scallop, cooked, boiled, drained, without salt	16	1.03	3.3	1.5	0.17	1.9	cup, mashed=240|cup, sliced=180
169289	Squash, summer, scallop, raw	18	1.2	3.84	2.39	0.2	1.2	cup slices=130
170534	Squash, summer, zucchini, includes skin, cooked, boiled, drained, with salt	15	1.14	2.69	1.71	0.36	1	cup slices=180|cup, mashed=240
169292	Squash, summer, zucchini, includes skin, cooked, boiled, drained, without salt	15	1.14	2.69	1.71	0.36	1	cup, sliced=180|cup, mashed=240
170535	Squash, summer, zucchini, includes skin, frozen, cooked, boiled, drained, with salt	14	1.15	2.97	1.69	0.13	1.3	cup=223
168470	Squash, summer, zucchini, includes skin, frozen, cooked, boiled, drained, without salt	17	1.15	3.56	1.69	0.13	1.3	cup=223
168469	Squash, summer, zucchini, includes skin, frozen, unprepared	17	1.16	3.58	1.71	0.13	1.3	package (10 oz)=287.9|package (10 oz)=284|package (3 lb)=1361
169291	Squash, summer, zucchini, includes skin, raw	17	1.21	3.11	2.5	0.32	1	cup, chopped=124|cup, sliced=113|large=323|medium=196|slice=9.9|small=118
168471	Squash, summer, zucchini, italian style, canned	29	1.03	6.85		0.11		cup=227
170128	Squash, winter, acorn, cooked, baked, with salt	56	1.12	14.58		0.14	4.4	cup, cubes=205
169293	Squash, winter, acorn, cooked, baked, without salt	56	1.12	14.58		0.14	4.4	cup, cubes=205
170129	Squash, winter, acorn, cooked, boiled, mashed, with salt	34	0.67	8.79		0.08	2.6	cup, mashed=245
169294	Squash, winter, acorn, cooked, boiled, mashed, without salt	34	0.67	8.79		0.08	2.6	cup, mashed=245
168472	Squash, winter, acorn, raw	40	0.8	10.42		0.1	1.5	cup, cubes=140|squash (4 inch dia)=431
170127	Squash, winter, all varieties, cooked, baked, with salt	37	0.89	8.85	3.3	0.35	2.8	cup, cubes=205
170490	Squash, winter, all varieties, cooked, baked, without salt	37	0.89	8.85	3.3	0.35	2.8	cup, cubes=205
170489	Squash, winter, all varieties, raw	34	0.95	8.59	2.2	0.13	1.5	cup, cubes=116
170130	Squash, winter, butternut, cooked, baked, with salt	40	0.9	10.49	1.97	0.09	3.2	cup, cubes=205
169296	Squash, winter, butternut, cooked, baked, without salt	40	0.9	10.49	1.97	0.09	3.2	cup, cubes=205
170536	Squash, winter, butternut, frozen, cooked, boiled, with salt	39	1.23	10.04		0.07		cup, mashed=240
168474	Squash, winter, butternut, frozen, cooked, boiled, without salt	39	1.23	10.05		0.07		cup, mashed=240
168473	Squash, winter, butternut, frozen, unprepared	57	1.76	14.41	2.83	0.1	1.3	package (12 oz)=342.4|package (12 oz)=340|package (4 lb)=1814
169295	Squash, winter, butternut, raw	45	1	11.69	2.2	0.1	2	cup, cubes=140
170537	Squash, winter, hubbard, baked, with salt	50	2.48	10.81	4.9	0.62	4.9	cup, cubes=205
168476	Squash, winter, hubbard, baked, without salt	50	2.48	10.81	4.9	0.62	4.9	cup, cubes=205
170538	Squash, winter, hubbard, cooked, boiled, mashed, with salt	30	1.48	6.46	2.93	0.37	2.9	cup, mashed=236
169297	Squash, winter, hubbard, cooked, boiled, mashed, without salt	30	1.48	6.46	2.93	0.37	2.9	cup, mashed=236
168475	Squash, winter, hubbard, raw	40	2	8.7	3.95	0.5	3.9	cup, cubes=116
170539	Squash, winter, spaghetti, cooked, boiled, drained, or baked, with salt	27	0.66	6.46	2.53	0.26	1.4	cup=155
169299	Squash, winter, spaghetti, cooked, boiled, drained, or baked, without salt	27	0.66	6.46	2.53	0.26	1.4	cup=155
169298	Squash, winter, spaghetti, raw	31	0.64	6.91	2.76	0.57	1.5	cup, cubes=101
168565	Squash, zucchini, baby, raw	21	2.71	3.11		0.4	1.1	large=16|medium=11
167619	Squirrel, ground, meat (Alaska Native)	111	19.3	0		3.8		
168060	Steelhead trout, boiled, canned (Alaska Native)	159	21.11	0	0	8.26	0	
168059	Steelhead trout, dried, flesh (Shoshone Bannock)	382	77.27	0	0	8.06	0	
168042	Stew, dumpling with mutton (Navajo)	101	8.71	8.03	0.21	3.78		serving=308
168043	Stew, hominy with mutton (Navajo)	83	6.71	9.38	0.11	2.06	2	serving=411
168991	Stew, moose (Alaska Native)	55	6.6	6		0.5	0.5	
168044	Stew, mutton, corn, squash (Navajo)	103	8.62	7.27	0.61	4.34	1.7	serving=303
169006	Stew, pinto bean and hominy, badufsuki (Hopi)	32	1.42	5.38	0	0.54	1.5	oz=28.4
167637	Stew, steamed corn (Navajo)	112	8.82	10.8	0.51	3.75	2.3	
168984	Stew/soup, caribou (Alaska Native)	41	3.8	4.8		0.7	0.1	
169819	Stinging Nettles, blanched (Northern Plains Indians)	42	2.71	7.49	0.25	0.11	6.9	cup=89
168172	Strawberries, canned, heavy syrup pack, solids and liquids	92	0.56	23.53	21.83	0.26	1.7	cup=254
168174	Strawberries, frozen, sweetened, sliced	96	0.53	25.92	24.01	0.13	1.9	cup, thawed=255|package (10 oz)=284
168173	Strawberries, frozen, unsweetened (Includes foods for USDA's Food Distribution Program)	35	0.43	9.13	4.56	0.11	2.1	cup, thawed=221|cup, unthawed=149|berry=10.6|package (20 oz)=567
167762	Strawberries, raw	32	0.67	7.68	4.89	0.3	2	cup, halves=152|cup, pureed=232|cup, sliced=166|cup, whole=144|extra large (1-5/8" dia)=27|large (1-3/8" dia)=18|medium (1-1/4" dia)=12|pint as purchased, yields=357|small (1" dia)=7|NLEA serving=147
174869	Strawberry-flavor beverage mix, powder	389	0.1	99.1	95.45	0.2	0	serving (2-3 heaping tsp)=22
175032	Strudel, apple	274	3.3	41.1	25.75	11.2	2.2	oz=28.4|piece=71
170312	SUBWAY, B.L.T. sub on white bread with bacon, lettuce and tomato	205	10.06	26.66	3.61	6.41	1.6	inch sub=24.7|inch sub=24.7
170712	SUBWAY, black forest ham sub on white bread with lettuce and tomato	151	9.12	22.91	3.54	2.53	1.3	inch sub=30.7|inch sub=30.7
170315	SUBWAY, cold cut sub on white bread with lettuce and tomato	214	10.52	20.43	3.18	10.04	1.2	inch sub=32.7|inch sub=32.6
170708	SUBWAY, meatball marinara sub on white bread (no toppings)	219	9.77	26.01	4.98	8.45	2.1	inch sub=34.8|inch sub=34.8
170314	SUBWAY, oven roasted chicken sub on white bread with lettuce and tomato	157	10.84	21.35	2.99	3.15	1.2	inch sub=33|inch sub=33
170713	SUBWAY, roast beef sub on white bread with lettuce and tomato	155	12.17	20.34	3	2.73	0.7	inch sub=31.7|inch sub=31.8
170310	SUBWAY, steak & cheese sub on white bread with American cheese, lettuce and tomato	183	12.29	21.49	3.41	5.34	1.2	inch sub=33.5|inch sub=33.4
170307	SUBWAY, SUBWAY CLUB sub on white bread with lettuce and tomato	146	10.66	20.36	3.19	2.42	1.4	inch sub=34.5|inch sub=34.4
170705	SUBWAY, sweet onion chicken teriyaki sub on white bread with lettuce, tomato and sweet onion sauce	155	10.91	22.54	6.06	2.37	1.2	inch sub=38|inch sub=38.1
170316	SUBWAY, tuna sub on white bread with lettuce and tomato	221	12.33	15.95	1.93	12.04	0.7	inch sub=39.5|inch sub=39.5
170711	SUBWAY, turkey breast sub on white bread with lettuce and tomato	147	9.12	22.42	3.09	2.31	1.3	inch sub=30.7|inch sub=30.6
168478	Succotash, (corn and limas), canned, with cream style corn	77	2.64	17.61		0.54	3	cup=266
168479	Succotash, (corn and limas), canned, with whole kernel corn, solids and liquids	63	2.6	13.98		0.49	2.6	cup=255
170540	Succotash, (corn and limas), cooked, boiled, drained, with salt	111	5.07	24.37		0.8		cup=192
168477	Succotash, (corn and limas), cooked, boiled, drained, without salt	115	5.07	24.38		0.8	4.5	cup=192
170131	Succotash, (corn and limas), frozen, cooked, boiled, drained, with salt	93	4.31	19.95	2.21	0.89	4.1	cup=170
168481	Succotash, (corn and limas), frozen, cooked, boiled, drained, without salt	93	4.31	19.95	2.21	0.89	4.1	cup=170
168480	Succotash, (corn and limas), frozen, unprepared	93	4.31	19.94		0.89	4	cup=156|package (10 oz)=284
169300	Succotash, (corn and limas), raw	99	5.03	19.59		1.02	3.8	
170674	Sugar, turbinado	399	0	99.8	99.19	0		tsp=4.6|cup=202
168175	Sugar-apples, (sweetsop), raw	94	2.06	23.64		0.29	4.4	cup, pulp=250|fruit (2-7/8" dia)=155
168833	Sugars, brown	380	0.12	98.09	97.02	0	0	tsp unpacked=3|cup packed=220|cup unpacked=145|tsp packed=4.6|tsp brownulated=3.2
169655	Sugars, granulated	387	0	99.98	99.8	0	0	serving packet=2.8|tsp=4.2|cup=200|serving 1 cube=2.3
169658	Sugars, maple	354	0.1	90.9	84.87	0.2	0	tsp=3|oz=28.4|piece (1-3/4" x 1-1/4" x 1/2")=28
169656	Sugars, powdered	389	0	99.77	97.81	0	0	cup unsifted=120|cup sifted=100|tbsp unsifted=8|tsp=2.5
170133	Sweet potato leaves, cooked, steamed, with salt	35	2.18	7.38	5.48	0.34	1.9	cup=64
169304	Sweet potato leaves, cooked, steamed, without salt	35	2.18	7.38	5.48	0.34	1.9	cup=64
169303	Sweet potato leaves, raw	42	2.49	8.82		0.51	5.3	cup, chopped=35|leaf (12-1/4" long)=16
168016	Sweet Potato puffs, frozen, unprepared	161	1.36	30.72	7.65	3.58	1.9	oz=28.3
169305	Sweet potato, canned, mashed	101	1.98	23.19	5.45	0.2	1.7	cup=255|can (404 x 307)=496
170084	Sweet potato, canned, syrup pack, drained solids	108	1.28	25.36	5.74	0.32	3	cup=196
170083	Sweet potato, canned, syrup pack, solids and liquids	89	0.98	20.93	15.4	0.2	2.5	cup=228|can (404 x 307)=638
168485	Sweet potato, canned, vacuum pack	91	1.65	21.12	5	0.2	1.8	cup, mashed=255|cup pieces=200
170134	Sweet potato, cooked, baked in skin, flesh, with salt	90	2.01	20.71	6.48	0.15	3.3	medium (2" dia, 5" long, raw)=114|cup, mashed=200
168483	Sweet potato, cooked, baked in skin, flesh, without salt	90	2.01	20.71	6.48	0.15	3.3	cup=200|large=180|medium (2" dia, 5" long, raw)=114|small=60
168484	Sweet potato, cooked, boiled, without skin	76	1.37	17.72	5.74	0.14	2.5	cup, mashed=328|medium=151
170541	Sweet potato, cooked, boiled, without skin, with salt	76	1.37	17.72	5.74	0.14	2.5	cup, mashed=328|medium=151
170088	Sweet potato, cooked, candied, home-prepared	164	0.89	32.12	27.25	3.54	2.1	piece (2-1/2" x 2" dia)=105
170542	Sweet potato, frozen, cooked, baked, with salt	100	1.71	23.4		0.12	1.8	cup, cubes=176
169307	Sweet potato, frozen, cooked, baked, without salt	100	1.71	23.4	9.17	0.12	1.8	cup, cubes=176
169306	Sweet potato, frozen, unprepared (Includes foods for USDA's Food Distribution Program)	96	1.71	22.22		0.18	1.7	cup, cubes=176
168482	Sweet potato, raw, unprepared (Includes foods for USDA's Food Distribution Program)	86	1.57	20.12	4.18	0.05	3	cup, cubes=133|sweetpotato, 5" long=130
168015	Sweet Potatoes, french fried, crosscut, frozen, unprepared	209	1.7	25.52	6.46	11.1	3.4	oz=28.3
167606	Sweet Potatoes, french fried, frozen as packaged, salt added in processing	182	2.16	35.58	12.9	8.92	5.7	fries=4.2
175033	Sweet rolls, cheese	360	7.1	43.7		18.3	1.2	oz=28.4|roll=66
175034	Sweet rolls, cinnamon, commercially prepared with raisins	372	6.2	50.9	31.73	16.4	2.4	oz=28.4|large=83|roll (2-3/4" square)=60
172798	Sweet rolls, cinnamon, refrigerated dough with frosting	333	5	51.6		12.2		oz=28.4|roll=30
172799	Sweet rolls, cinnamon, refrigerated dough with frosting, baked	362	5.4	56.1		13.2		oz=28.4|roll=30
170679	Sweetener, herbal extract powder from Stevia leaf	0	0	100	0	0	0	package=1
170277	Sweetener, syrup, agave	310	0.09	76.37	68.03	0.45	0.2	tsp=6.9|cup=220
170672	Sweeteners, for baking, brown, contains sugar and sucralose	388	0	97.11	45.66	0		tbsp=12.9|cup=189
170673	Sweeteners, for baking, contains sugar and sucralose	398	0	99.53	47.05	0		tbsp=14.5|cup=202
170675	Sweeteners, sugar substitute, granulated, brown	347	2.06	84.77	4.03	0	0.6	tsp=0.5|cup=23
169657	Sweeteners, tabletop, aspartame, EQUAL, packets	365	2.17	89.08	80.7	0	0	tsp=3.5|serving 1 packet=1
169896	Sweeteners, tabletop, fructose, dry, powder	368	0	100	92.7	0	0	cup=196|tsp=4.2|individual packet=3
168142	Sweeteners, tabletop, fructose, liquid	279	0	76.1	76	0	0.1	serving=0.1
169072	Sweeteners, tabletop, saccharin (sodium saccharin)	360	0.94	89.11	85.19	0	0	serving 1 packet=1|serving 1 packet SUGAR TWIN=0.8
170257	Sweeteners, tabletop, sucralose, SPLENDA packets	336	0	91.17	80.33	0	0	serving 1 packet=1
174601	Swisswurst, pork and beef, with swiss cheese, smoked	307	12.69	1.6	0	27.37	0	serving 2.7 oz=77
167743	Syrup, Cane	269	0	73.14	73.2	0	0	serving=21
167957	Syrup, fruit flavored	261	0	65.1	65	0.02	0	serving=20
170276	Syrup, maple, Canadian	270	0	67.38	59.92	0	0	milliliter=1.3
170681	Syrup, NESTLE, chocolate	269	0	67.21	60	0	0	tablespoon=20
168835	Syrups, chocolate, fudge-type	350	4.6	62.9	34.82	8.9	2.8	cup=304|tbsp=19
168834	Syrups, chocolate, HERSHEY'S Genuine Chocolate Flavored Lite Syrup	153	1.4	34.56	28.57	0.97	0	tbsp=17.5
170677	Syrups, chocolate, HERSHEY'S Sugar free, Genuine Chocolate Flavored, Lite Syrup	43	2.87	14.2	0.27	2.03	2.9	tbsp=17.5
168836	Syrups, corn, dark	286	0	77.59	77.59	0	0	cup=328|tbsp=20
169659	Syrups, corn, high-fructose	281	0	76	75.65	0	0	cup=310|tbsp=19
168837	Syrups, corn, light	283	0	76.79	76.77	0.2	0	cup=341|tbsp=22
168088	Syrups, grenadine	268	0	66.91	46.55	0	0	tbsp=20|tsp=6.7
169660	Syrups, malt	318	6.2	71.3	71.3	0	0	cup=332|tbsp=21
169661	Syrups, maple	260	0.04	67.04	60.46	0.06	0	tbsp=20|serving 1/4 cup=83|cup=315
169662	Syrups, sorghum	290	0	74.9	74.9	0	0	cup=330|tbsp=21
169878	Syrups, sugar free	51	0.8	11.99	0.01	0	0.7	cup=240|tbsp=15
168839	Syrups, table blends, corn, refiner, and sugar	319	0	83.9		0	0	cup=316|tbsp=20
169578	Syrups, table blends, pancake	234	0	61.47	21.47	0	0	cup=314|tbsp=20
169577	Syrups, table blends, pancake, reduced-calorie	165	0	44.55	32.8	0	0	serving 1/4 cup=73|tbsp=15|oz=28.4|cup=240
168838	Syrups, table blends, pancake, with 2% maple	265	0	69.6	42	0.1	0	tbsp=20|serving 1/4 cup=83|cup=315
170646	Syrups, table blends, pancake, with 2% maple, with added potassium	265	0	69.6		0.1	0	cup=315|tbsp=20
167584	Syrups, table blends, pancake, with butter	291	0	72.43	72.25	0.09	0	serving 1/4 cup=73
169019	T.G.I. FRIDAY'S, chicken fingers	325	18.68	16.84	0.23	20.31	0.8	serving=225
169013	T.G.I. FRIDAY'S, chicken fingers, from kids' menu	330	18.11	17.72	0.34	20.78	0.9	piece=41|serving=141
169014	T.G.I. FRIDAY'S, classic sirloin steak (10 oz)	196	31.02	0.47	0.46	7.83		serving=176
169833	T.G.I. FRIDAY'S, french fries	296	3.74	36.9	0	14.82	4.1	serving=184
169832	T.G.I. FRIDAY'S, FRIDAY'S Shrimp, breaded	302	11.87	20.87		19.02		serving=175
169834	T.G.I. FRIDAY'S, fried mozzarella	333	15.82	25.33	1.45	18.76	2.2	piece=35|serving=212
169835	T.G.I. FRIDAY'S, macaroni & cheese, from kid's menu	121	5.03	17.4	1.65	3.45	1	cup=144|serving=236
170734	TACO BELL, Bean Burrito	209	7.35	31.23	1.73	6.05	4.2	each burrito=185
170735	TACO BELL, BURRITO SUPREME with beef	183	7.03	23.37	2.1	6.8	3.7	burrito=241
170334	TACO BELL, BURRITO SUPREME with chicken	179	9.84	20.51		6.42	2.4	item=248
170335	TACO BELL, BURRITO SUPREME with steak	183	9.13	20.32		7.27	2.4	item=248
170336	TACO BELL, Nachos	350	4.32	34.91	2.17	21.5	3.2	serving=80
170337	TACO BELL, Nachos Supreme	223	6.21	21.39	1.63	12.48	3.7	serving=222
170332	TACO BELL, Original Taco with beef, cheese and lettuce	229	8.86	19.85	0.9	12.7	3.9	each taco=69
170333	TACO BELL, Soft Taco with beef, cheese and lettuce	206	9.25	20.23	1.57	9.75	2.9	each taco=102
170732	TACO BELL, Soft Taco with chicken, cheese and lettuce	189	13.3	19.69	1.3	6.35	1.2	each taco=98
170733	TACO BELL, Soft Taco with steak	225	11.81	17.22		12.1	1.6	item=127
170736	TACO BELL, Taco Salad	170	6.69	15.1		9.17	3	item=533
172800	Taco shells, baked	476	6.41	63.49	1.5	21.79	6.7	shell=12.9|taco=12.7|medium (approx 5" dia)=13.3|large (6-1/2" dia)=21|miniature (3" dia)=5|oz=28.4
175067	Taco shells, baked, without added salt	468	7.2	62.4		22.6	7.5	oz=28.4|medium (approx 5" dia)=13|miniature (3" dia)=5
167636	Tamales (Navajo)	153	6.28	18.12	0.99	6.12	3.1	piece=186
169007	Tamales, masa and pork filling (Hopi)	168	13.19	18.28	1.57	4.7	3.3	oz=28.2
167786	Tamarind nectar, canned	57	0.09	14.73	12.7	0.12	0.5	cup=251
167763	Tamarinds, raw	239	2.8	62.5	38.8	0.6	5.1	cup, pulp=120|fruit (3" x 1")=2
169925	Tangerine juice, raw	43	0.5	10.1	9.9	0.2	0.2	cup=247|fl oz=30.9
169106	Tangerines, (mandarin oranges), canned, juice pack	37	0.62	9.57	8.87	0.03	0.7	cup=249
168184	Tangerines, (mandarin oranges), canned, juice pack, drained	38	0.75	9.41	8.25	0.04	1.2	cup=189
169924	Tangerines, (mandarin oranges), canned, light syrup pack	61	0.45	16.19	15.49	0.1	0.7	cup=252
169105	Tangerines, (mandarin oranges), raw	53	0.81	13.34	10.58	0.31	1.8	cup, sections=195|small (2-1/4" dia)=76|medium (2-1/2" dia)=88|large (2-3/4" dia)=120|NLEA serving=109
169717	Tapioca, pearl, dry	358	0.19	88.69	3.35	0.02	0.9	cup=152
169772	Taquitos, frozen, beef and cheese, oven-heated	287	9.4	33.46	1.66	12.79	2.8	piece=42
169771	Taquitos, frozen, chicken and cheese, oven-heated	284	9.21	33.63	1.3	12.54	2.9	piece=42
168488	Taro leaves, cooked, steamed, without salt	24	2.72	4.02		0.41	2	cup=145
168487	Taro leaves, raw	42	4.98	6.7	3.01	0.74	3.7	cup=28|leaf (11" x 6-1/2")=10
169309	Taro shoots, cooked, without salt	14	0.73	3.2		0.08		cup slices=140
168489	Taro shoots, raw	11	0.92	2.32		0.09		cup slices=86|shoot=83
170543	Taro, cooked, with salt	142	0.52	34.6	0.49	0.11	5.1	cup slices=132
168486	Taro, cooked, without salt	142	0.52	34.6	0.49	0.11	5.1	cup, sliced=132
170544	Taro, leaves, cooked, steamed, with salt	24	2.72	3.89		0.41	2	cup=145
169308	Taro, raw	112	1.5	26.46	0.4	0.2	4.1	cup, sliced=104
170135	Taro, shoots, cooked, with salt	14	0.73	3.19		0.08		cup slices=140
170136	Taro, tahitian, cooked, with salt	44	4.16	6.85		0.68		cup slices=137
170455	Taro, tahitian, cooked, without salt	44	4.16	6.85		0.68		cup slices=137
169310	Taro, tahitian, raw	44	2.79	6.91		0.97		cup slices=125
175069	Tart, breakfast, low fat	372	3.99	76.8	4.87	5.99	1.5	tart=52
169828	Tea, herbal, brewed, Hohoysi (Hopi)	2	0.12	0		0.2		
167620	Tea, tundra, herb and laborador combination (Alaska Native)	1	0	0.2		0		
168918	Teff, cooked	101	3.87	19.86		0.65	2.8	cup=252
169747	Teff, uncooked	367	13.3	73.13	1.84	2.38	8	cup=193
174272	Tempeh	192	20.29	7.64		10.8		cup=166
172467	Tempeh, cooked	195	19.91	7.62		11.38		
169811	Tennis Bread, plain (Apache)	258	9	53.26	3.01	1.05	2.6	
172940	Thuringer, cervelat, summer sausage, beef, pork	362	17.45	3.33	0.85	30.43	0	oz 1 serving=28
173470	Thyme, fresh	101	5.56	24.45		1.68	14	tsp=0.8|tsp=0.8
172801	Toaster pastries, brown-sugar-cinnamon	370	4.06	72.64	27.24	7.98	2.3	oz=28.4|pastry=51
175035	Toaster pastries, fruit (includes apple, blueberry, cherry, strawberry)	388	4.2	70.32	26.13	9.95	1	oz=28.4|pastry=54
167927	Toaster Pastries, fruit, frosted (include apples, blueberry, cherry, strawberry)	385	4.01	71.83	31	9.02	1.8	piece=53|oz=28.4
167928	Toaster pastries, fruit, toasted (include apple, blueberry, cherry, strawberry)	409	4.7	72.7	28.99	11.03	1	pastry=51
172294	Toddler drink, MEAD JOHNSON, PurAmino Toddler Powder, with ARA and DHA, not reconstituted	512	13.9	55.68	7.6	26		scoop=7.2
170993	Toddler formula, MEAD JOHNSON, ENFAGROW PREMIUM (formerly ENFAMIL, LIPIL, NEXT STEP), ready-to-feed	64	1.78	7.18	7.18	3.63	0	fl oz=29.2
170992	Toddler formula, MEAD JOHNSON, ENFAGROW, Toddler Transitions, with ARA and DHA, powder	505	12.9	52.8	33	26.9	0	scoop=9
173526	Toddler formula, MEAD JOHNSON, Nutramigen Toddler with LGG Powder, with ARA and DHA, not reconstituted	485	12	61.97	25	21		scoop=9.3
167722	Tofu yogurt	94	3.5	15.96	1.24	1.8	0.2	cup=262
172450	Tofu, dried-frozen (koyadofu)	477	52.47	10.03		30.34	7.2	piece=17
174303	Tofu, dried-frozen (koyadofu), prepared with calcium sulfate	470	52.43	8.3		30.34	1.2	piece=17
174290	Tofu, extra firm, prepared with nigari	83	9.98	1.18	0.71	5.26	1	block=455
172448	Tofu, firm, prepared with calcium sulfate and magnesium chloride (nigari)	78	9.04	2.85	0.6	4.17	0.9	cup=252|block=324|block=455
172451	Tofu, fried	270	18.82	8.86	2.72	20.18	3.9	oz=28.4|piece=13
174304	Tofu, fried, prepared with calcium sulfate	270	18.82	8.86		20.18	3.9	piece=13
174291	Tofu, hard, prepared with nigari	145	12.68	4.39		9.99	0.6	block=488
172475	Tofu, raw, firm, prepared with calcium sulfate	144	17.27	2.78		8.72	2.3	cup=252|block=324
172476	Tofu, raw, regular, prepared with calcium sulfate	76	8.08	1.87	0.62	4.78	0.3	cup=248|block=464
174280	Tofu, salted and fermented (fuyu)	116	8.92	4.38		8		block=11
174305	Tofu, salted and fermented (fuyu), prepared with calcium sulfate	116	8.15	5.15		8		block=11
172449	Tofu, soft, prepared with calcium sulfate and magnesium chloride (nigari)	61	7.17	1.18	0.7	3.69	0.2	piece (2-1/2" x 2-3/4" x 1")=120|cup (1/2" cubes)=248|cubic inch=18|block=464|block=450
168566	Tomatillos, raw	32	0.96	5.84	3.93	1.02	1.9	medium=34|cup, chopped or diced=132
167708	Tomato and vegetable juice, low sodium	22	0.6	4.59	3.28	0.1	0.8	cup=242|fl oz=30.2
170458	Tomato juice, canned, with salt added	17	0.85	3.53	2.58	0.29	0.4	cup=243|fl oz=30.3
170545	Tomato juice, canned, without salt added	17	0.85	3.53	2.58	0.29	0.4	cup=243|fl oz=30.4|fl oz=30.3
170461	Tomato powder	302	12.91	74.68	43.9	0.44	16.5	
170459	Tomato products, canned, paste, without salt added (Includes foods for USDA's Food Distribution Program)	82	4.32	18.91	12.18	0.47	4.1	cup=264|cup=262|tbsp=16|can (6 oz)=170
170546	Tomato products, canned, puree, with salt added	38	1.65	8.98	4.83	0.21	1.9	cup=250|can (29 oz) (401 x 411)=822
170460	Tomato products, canned, puree, without salt added	38	1.65	8.98	4.83	0.21	1.9	cup=250|can (29 oz) (401 x 411)=822
170054	Tomato products, canned, sauce	24	1.2	5.31	3.56	0.3	1.5	cup=245
170085	Tomato products, canned, sauce, spanish style	33	1.44	7.24		0.27	1.4	cup=244|can, 15 oz (303 x 406)=425
170057	Tomato products, canned, sauce, with herbs and cheese	59	2.13	10.24		1.93	2.2	cup=244|can, 15 oz (303 x 406)=425
170055	Tomato products, canned, sauce, with mushrooms	35	1.45	8.43	5.77	0.13	1.5	cup=245
170056	Tomato products, canned, sauce, with onions	42	1.56	9.94		0.19	1.8	cup=245
170462	Tomato products, canned, sauce, with onions, green peppers, and celery	41	0.94	8.77	7.36	0.74	1.4	cup=250|can, 15 oz (303 x 406)=411
170463	Tomato products, canned, sauce, with tomato tidbits	32	1.32	7.09		0.39	1.4	cup=244|can, 15 oz (303 x 406)=425
169074	Tomato sauce, canned, no salt added	24	1.2	5.31	3.56	0.3	1.5	cup=245
170501	Tomatoes, crushed, canned	32	1.64	7.29	4.4	0.28	1.9	cup=242
170456	Tomatoes, green, raw	23	1.2	5.1	4	0.2	1.1	cup=180|large=182|medium=123|slice or wedge=20|small=91
170502	Tomatoes, orange, raw	16	1.16	3.18		0.19	0.9	cup, chopped=158|tomato=111
170051	Tomatoes, red, ripe, canned, packed in tomato juice	16	0.79	3.47	2.55	0.25	1.9	cup=240|tbsp=15|can=190|large=164|medium=111|small=82
170138	Tomatoes, red, ripe, canned, packed in tomato juice, no salt added	16	0.79	3.47	2.55	0.25	1.9	cup=240|tbsp=15|can=190|large=164|medium=111|small=82|cup=240
170052	Tomatoes, red, ripe, canned, stewed	26	0.91	6.19	3.52	0.19	1	cup=255
170053	Tomatoes, red, ripe, canned, with green chilies	15	0.69	3.62		0.08		cup=241
170050	Tomatoes, red, ripe, cooked	18	0.95	4.01	2.49	0.11	0.7	cup=240|medium=123
170089	Tomatoes, red, ripe, cooked, stewed	79	1.96	13.05		2.68	1.7	cup=101|recipe yield=604
170137	Tomatoes, red, ripe, cooked, with salt	18	0.95	4.01	2.49	0.11	0.7	cup=240|cup=240|NLEA serving=121
170457	Tomatoes, red, ripe, raw, year round average	18	0.88	3.89	2.63	0.2	1.2	cup cherry tomatoes=149|cup, chopped or sliced=180|Italian tomato=62|cherry=17|large whole (3" dia)=182|medium whole (2-3/5" dia)=123|slice, medium (1/4" thick)=20|plum tomato=62|small whole (2-2/5" dia)=91|slice, thick/large (1/2" thick)=27|wedge (1/4 of medium tomato)=31|slice, thin/small=15|NLEA serving=148
168567	Tomatoes, sun-dried	258	14.11	55.76	37.59	2.97	12.3	cup=54|piece=2
169384	Tomatoes, sun-dried, packed in oil, drained	213	5.06	23.33		14.08	5.8	cup=110|piece=3
170096	Tomatoes, yellow, raw	15	0.98	2.98		0.26	0.7	cup, chopped=139|tomato=212
167956	Topping, SMUCKER'S MAGIC SHELL	609	2.94	50.07	47.06	44.1	2.9	tablespoon=17
168841	Toppings, butterscotch or caramel	216	1.21	57.01	57	0	0	tbsp=20.5
169664	Toppings, marshmallow cream	322	0.8	79	46.8	0.3	0.1	oz=28.4|jar=198
169666	Toppings, nuts in syrup	448	4.5	58.08	36.72	22	2.3	cup=328|tbsp=20.5
169665	Toppings, pineapple	253	0.1	66.4	21.01	0.1	0.4	cup=340|tbsp=21
168758	Toppings, strawberry	254	0.2	66.3	27.38	0.1	0.7	tbsp=21|serving=40|cup=340
172094	Tortellini, pasta with cheese filling, fresh-refrigerated, as purchased	307	13.5	47	0.95	7.23	1.9	cup=108
168859	Tortilla chips, low fat, baked without fat	448	11	80.2	0.67	5.7	5.3	oz=28.4
173143	Tortilla chips, yellow, plain, salted	497	6.62	67.38	1.21	22.33	4.7	oz=28.4
169829	Tortilla, blue corn, Sakwavikaviki (Hopi)	276	7.83	58.12	2.97	1.4	3.4	piece=57
168041	Tortilla, includes plain and from mutton sandwich (Navajo)	237	7.28	49.94	2.75	0.95	2.4	serving=197
175036	Tortillas, ready-to-bake or -fry, corn	218	5.7	44.64	0.88	2.85	6.3	oz=28.4|enchilada=19|tortilla=24
173241	Tortillas, ready-to-bake or -fry, corn, without added salt	222	5.7	46.6		2.5	5.2	oz=28.4|tortilla, medium (approx 6" dia)=26
175037	Tortillas, ready-to-bake or -fry, flour, refrigerated	306	8.2	49.38	3.71	7.99	3.5	tortilla=48|oz=28.4|tortilla medium (approx 6" dia)=30|package=407|tortilla (approx 10" dia)=72|tortilla (approx 12" dia)=117|tortilla (approx 7-8" dia)=49
167535	Tortillas, ready-to-bake or -fry, flour, shelf stable	297	8.01	49.27	2.66	7.58	2.4	tortilla=49|package=484
173242	Tortillas, ready-to-bake or -fry, flour, without added calcium	325	8.7	55.6		7.1	3.3	oz=28.4|tortilla, medium (approx 6" dia)=32|tortilla (approx 10" dia)=72|tortilla (approx 12" dia)=117|tortilla (approx 7-8" dia)=49
174081	Tortillas, ready-to-bake or -fry, whole wheat	310	9.76	45.89	2.44	9.76	9.8	tortilla 1 serving=41
167525	Tostada shells, corn	474	6.15	64.43		23.38	5.8	piece=12.3|pieces (mean serving weight, aggregated over brands)=12.3
168553	Tree fern, cooked, with salt	40	0.29	10.78		0.07	3.7	frond (6-1/2" long)=31|cup, chopped or diced=142
170464	Tree fern, cooked, without salt	40	0.29	10.98		0.07	3.7	cup, chopped=142|frond (6-1/2" long)=31
169718	Triticale	336	13.05	72.13		2.09		cup=192
168888	Triticale flour, whole-grain	338	13.18	73.14		1.81	14.6	cup=130
171500	Turkey and gravy, frozen	67	5.88	4.61		2.63	0	oz=28.3|package (net weight, 5 oz)=142
174572	Turkey breast, low salt, prepackaged or deli, luncheon meat	109	21.81	3.51	3.51	0.83	0.5	slice=28|slice NFS=28|cup wafer slices or shaved=81|cubic inch=14|oz=28.5
171501	Turkey breast, pre-basted, meat and skin, cooked, roasted	126	22.16	0		3.46	0	oz=28.3|breast, bone removed=1728
172941	Turkey breast, sliced, prepackaged	106	14.81	2.2	0.91	3.77	0	slice=16
174512	Turkey from whole, light meat, meat and skin, with added solution, cooked, roasted	157	26.52	0	0	5.64	0	oz=28.3|lb=453
174511	Turkey from whole, light meat, meat and skin, with added solution, raw	147	20.02	0.14	0.06	7.42	0	oz=28.2|lb=453
172865	Turkey from whole, light meat, meat only, with added solution, cooked, roasted	127	26.97	0	0	2.08	0	oz=28.3
172864	Turkey from whole, light meat, meat only, with added solution, raw	101	21.54	0	0.05	1.66	0	oz=28.2
172092	Turkey Pot Pie, frozen entree	176	6.5	17.7		8.8	1.1	package yields=397|serving=397
171503	Turkey roast, boneless, frozen, seasoned, light and dark meat, raw	120	17.6	6.4		2.2	0	oz=28.3|box (net weight, 2.5 lb)=1134
171103	Turkey sticks, breaded, battered, fried	279	14.2	17		16.9		stick (2.25 oz)=64
171502	Turkey thigh, pre-basted, meat and skin, cooked, roasted	157	18.8	0		8.54	0	oz=28.3|thigh, bone removed=314
171092	Turkey, all classes, back, meat and skin, cooked, roasted	244	26.59	0.16	0	14.38	0	cup, chopped or diced=140|back, bone removed=524|unit (yield from 1 lb ready-to-cook turkey)=34
171492	Turkey, all classes, breast, meat and skin, cooked, roasted	189	28.71	0		7.41	0	oz=28.3|unit (yield from 1 lb ready-to-cook turkey)=224
171093	Turkey, all classes, breast, meat and skin, raw	157	21.89	0		7.02	0	unit (yield from 1 lb ready-to-cook turkey)=146|breast, bone removed=2264
171483	Turkey, all classes, gizzard, cooked, simmered	155	26.45	0	0	4.64	0	oz=28.3|gizzard cooked=45
171485	Turkey, all classes, heart, cooked, simmered	174	24.88	0	0	7.52	0	oz=28.3|heart=20
171484	Turkey, all classes, heart, raw	140	16.7	0.4	0	7.44	0	oz=28.2|piece=24
171494	Turkey, all classes, leg, meat and skin, cooked, roasted	208	27.87	0	0	9.82	0	oz=28.3|unit (yield from 1 lb ready-to-cook turkey)=71|leg, bone removed=546
171493	Turkey, all classes, leg, meat and skin, raw	144	19.54	0		6.72	0	unit (yield from 1 lb ready-to-cook turkey)=105|leg, bone removed=816
171491	Turkey, all classes, light meat, cooked, roasted	147	30.13	0	0	2.08	0	oz=28.3
171487	Turkey, all classes, liver, cooked, simmered	189	27	0	0	8.18	0	oz=28.3|liver cooked=53
171486	Turkey, all classes, liver, raw	128	18.26	0	0	5.5	0	oz=28.2|raw liver=78
171094	Turkey, all classes, wing, meat and skin, cooked, roasted	229	27.38	0	0	12.43	0	oz=28.3|unit (yield from 1 lb ready-to-cook turkey)=24|wing, bone removed=186
171495	Turkey, all classes, wing, meat and skin, raw	197	20.22	0		12.32	0	unit (yield from 1 lb ready-to-cook turkey)=33|wing, bone removed=256
171138	Turkey, back, from whole bird, meat and skin, with added solution, raw	206	16.86	0.15	0.1	15.41	0	oz=28.2|back=1245
171139	Turkey, back, from whole bird, meat and skin, with added solution, roasted	205	25.8	0	0	11.36	0	oz=28.3|back=949
174520	Turkey, back, from whole bird, meat only, with added solution, raw	115	19.27	0.15	0.1	4.12	0	oz=28.2|back=1245
174521	Turkey, back, from whole bird, meat only, with added solution, roasted	127	26.97	0	0	2.08	0	oz=28.3|back=949
172876	Turkey, breast, from whole bird, meat only, with added solution, raw	102	21.54	0.14	0.05	1.66	0	oz=28.2|breast=2110|lb=453
174519	Turkey, breast, from whole bird, meat only, with added solution, roasted	127	26.97	0	0	2.08	0	oz=28.3|breast=1654
174612	Turkey, breast, smoked, lemon pepper flavor, 97% fat-free	95	20.9	1.31	0	0.69	0	slice=28
171101	Turkey, canned, meat only, with broth	169	23.68	1.47	0	6.86	0	oz=28.3|cup, drained=135|can (5 oz)=142|can (5 oz) yields=125
174510	Turkey, dark meat from whole, meat and skin, with added solution, cooked, roasted	199	25.55	0	0	10.81	0	oz=28.3
174509	Turkey, dark meat from whole, meat and skin, with added solution, raw	169	17.84	0.15	0.1	10.83	0	oz=28.2|lb=453
174507	Turkey, dark meat from whole, meat only, with added solution, raw	115	19.27	0.1	0.1	4.12	0	oz=28.2
171488	Turkey, dark meat, meat and skin, raw	166	19.81	0.15	0.1	8.97	0	oz=28.2|lb=453
174508	Turkey, dark meat, meat only, with added solution, cooked, roasted	158	26.1	0	0	6	0	oz=28.3
171102	Turkey, diced, light and dark meat, seasoned	138	18.7	1		6	0	oz=28.4|lb=454
171136	Turkey, drumstick, from whole bird, meat only, raw	109	23.66	0.14	0.05	1.48	0	oz=28.2|drumstick=337
171530	Turkey, drumstick, from whole bird, meat only, roasted	139	30.13	0	0	2.08	0	oz=28.3|drumstick=206
171525	Turkey, drumstick, from whole bird, meat only, with added solution, raw	115	19.27	0.15	0.1	4.12	0	oz=28.2|drumstick=359
171128	Turkey, drumstick, from whole bird, meat only, with added solution, roasted	158	26.1	0	0	6	0	oz=28.3|drumstick=217
167710	Turkey, drumstick, smoked, cooked, with skin, bone removed	200	27.9	0	0	9.8	0	oz with bone, cooked (yield after bone removed)=28.3|cubic inch, boneless=17
171095	Turkey, fryer-roasters, meat and skin, cooked, roasted	172	28.26	0	0	5.72	0	oz=28.3|turkey, bone removed=1616|unit (yield from 1 lb ready-to-cook turkey)=229
171085	Turkey, gizzard, all classes, raw	111	18.8	0	0	3.37	0	oz=28.2|raw gizzard=63
174494	Turkey, ground, 85% lean, 15% fat, pan-broiled crumbles	258	25.11	0	0	17.45	0	oz=28.3
174495	Turkey, ground, 85% lean, 15% fat, patties, broiled	249	25.88	0	0	16.2	0	oz=28.3
174493	Turkey, ground, 85% lean, 15% fat, raw	180	16.9	0	0	12.54	0	oz=28.2|patty (cooked from 4 oz raw)=85|lb=453
172851	Turkey, ground, 93% lean, 7% fat, pan-broiled crumbles	213	27.1	0	0	11.6	0	oz=28.3
174492	Turkey, ground, 93% lean, 7% fat, patties, broiled	207	25.86	0	0	11.45	0	oz=28.3
172850	Turkey, ground, 93% lean, 7% fat, raw	150	18.73	0	0	8.34	0	oz=28.2|lb=453|serving (cooked from 4 oz)=85
171506	Turkey, Ground, cooked	203	27.37	0	0	10.4	0	oz=28.3|patty (4 oz, raw) (yield after cooking)=82|unit, yield from 1 lb raw=330
172848	Turkey, ground, fat free, pan-broiled crumbles	151	31.69	0	0	2.71	0	oz=28.3
172849	Turkey, ground, fat free, patties, broiled	138	28.99	0	0	2.48	0	oz=28.3|patty=85
172847	Turkey, ground, fat free, raw	112	23.57	0	0	1.95	0	oz=28.2|patty (cooked from 4 oz raw)=85|lb=453
171505	Turkey, Ground, raw	148	19.66	0	0	7.66	0	oz=28.2|lb=453.6|patty, 4 oz=114
167713	Turkey, light or dark meat, smoked, cooked, skin and bone removed	162	29.3	0	0	5	0	oz=28.3|medium slice (approx 3" x 2" x 1/4")=28|thick slice (approx 3" x 2" x 3/8")=42
168120	Turkey, light or dark meat, smoked, cooked, with skin, bone removed	208	28.1	0	0	9.7	0	oz, boneless=28.3|medium slice (approx 3" x 2" x 1/4")=28|thick slice (approx 3" x 2" x 3/8")=42
171504	Turkey, mechanically deboned, from turkey frames, raw	201	13.29	0		15.96	0	lb=454
171529	Turkey, retail parts, breast, meat and skin, cooked, roasted	164	29.01	0.05	0	5.33	0	oz=28.3|breast=863
171528	Turkey, retail parts, breast, meat and skin, raw	155	21.88	0	0	7.45	0	oz=28.3|breast=1150
171130	Turkey, retail parts, breast, meat and skin, with added solution, raw	144	20.79	0.03	0.01	6.75	0	oz=28.2|breast=1171
174516	Turkey, retail parts, breast, meat only, cooked, roasted	136	29.51	0	0	1.97	0	breast=863|oz=28.3
174515	Turkey, retail parts, breast, meat only, raw	114	23.34	0	0	2.33	0	oz=28.2|breast=1150
174514	Turkey, retail parts, breast, meat only, with added solution, cooked, roasted	130	27.94	0	0	2.08	0	oz=28.3|breast=852
174513	Turkey, retail parts, breast, meat only, with added solution, raw	111	21.99	0	0	2.53	0	oz=28.2|breast=1171
171135	Turkey, retail parts, drumstick, meat and skin, cooked, roasted	197	28.21	0	0	9.37	0	oz=28.3|drumstick=275
171134	Turkey, retail parts, drumstick, meat and skin, raw	141	19.96	0	0	6.84	0	oz=28.2|drumstick=356
172878	Turkey, retail parts, drumstick, meat only, cooked, roasted	173	28.61	0	0	6.52	0	oz=28.3|drumstick=275
172875	Turkey, retail parts, drumstick, meat only, raw	118	20.52	0	0	3.97	0	oz=28.2|drumstick=356
171137	Turkey, retail parts, thigh, meat and skin, cooked, roasted	183	23.95	0.41	0	9.5	0	oz=28.3|thigh=348
171533	Turkey, retail parts, thigh, meat and skin, raw	161	19.54	0	0	9.16	0	oz=28.2|thigh=454
172877	Turkey, retail parts, thigh, meat only, cooked, roasted	159	25.14	0.46	0	6.25	0	oz=28.3|thigh=348
174518	Turkey, retail parts, thigh, meat only, raw	116	20.6	0	0	3.69	0	oz=28.2|thigh=454
171133	Turkey, retail parts, wing, meat and skin, cooked, roasted	235	28.74	0.13	0	13.29	0	oz=28.3|wing=375
171132	Turkey, retail parts, wing, meat and skin, raw	202	19.53	0.05	0.03	13.79	0	oz=28.3|wing=518
172872	Turkey, retail parts, wing, meat only, cooked, roasted	170	30.17	0	0	5.51	0	oz=28.3|wing=375
174517	Turkey, retail parts, wing, meat only, raw	112	22.48	0	0	2.49	0	oz=28.2|wing=518
172866	Turkey, skin from whole (light and dark), with added solution, raw	381	12.29	0.21	0.1	36.8	0	oz=28.2
172867	Turkey, skin from whole, (light and dark), with added solution, roasted	451	22.15	0	0	40.31	0	oz=28.4
172874	Turkey, skin, from retail parts, from dark meat, cooked, roasted	414	24.58	0	0	35.03	0	oz=28.3
172873	Turkey, skin, from retail parts, from dark meat, raw	380	14.35	0	0	35.83	0	oz=28.2
173338	Turkey, stuffing, mashed potatoes w/gravy, assorted vegetables, frozen, microwaved	128	6.97	16.32	4.82	3.89	1.3	serving=385|package=422|oz=28.4
171531	Turkey, thigh, from whole bird, meat only, raw	108	21.28	0.15	0.1	2.5	0	oz=28.2|thigh=367
171532	Turkey, thigh, from whole bird, meat only, roasted	165	27.71	0	0	6.04	0	oz=28.3|thigh=319
171129	Turkey, thigh, from whole bird, meat only, with added solution, raw	115	19.27	0.15	0.1	4.12	0	oz=28.2|thigh=424
171131	Turkey, thigh, from whole bird, meat only, with added solution, roasted	158	26.1	0	0	6	0	oz=28.3|thigh=327
174613	Turkey, white, rotisserie, deli cut	112	13.5	7.7	4	3	0.4	oz (1 serving)=28.4
171097	Turkey, whole, back, meat only, cooked, roasted	173	27.71	0	0	6.04	0	oz=28.3|back=911
171096	Turkey, whole, back, meat only, raw	113	21.28	0.15	0.1	2.5	0	oz=28.2|back=1124
171496	Turkey, whole, breast, meat only, cooked, roasted	147	30.13	0	0	2.08	0	oz=28.3|breast=1413
171098	Turkey, whole, breast, meat only, raw	114	23.66	0.14	0.05	1.48	0	oz=28.2|breast=1769
171091	Turkey, whole, dark meat, cooked, roasted	173	27.71	0	0	6.04	0	oz=28.3
171489	Turkey, whole, dark meat, meat and skin, cooked, roasted	206	27.27	0.07	0	9.95	0	oz=28.3
171090	Turkey, whole, dark meat, meat only, raw	108	21.28	0.15	0.1	2.5	0	oz=28.2|serving=85
171084	Turkey, whole, giblets, cooked, simmered	173	26.44	0	0	6.61	0	oz=28.3|giblets=95
171083	Turkey, whole, giblets, raw	124	18.18	0.07	0	5.09	0	oz=28.2|giblets=157
171089	Turkey, whole, light meat, meat and skin, cooked, roasted	177	29.55	0.05	0	5.57	0	oz=28.3
171088	Turkey, whole, light meat, meat and skin, raw	161	21.96	0.15	0.06	7.43	0	oz=28.2|lb=453
171490	Turkey, whole, light meat, raw	114	23.66	0.14	0.05	1.48	0	serving=85
171479	Turkey, whole, meat and skin, cooked, roasted	189	28.55	0.06	0	7.39	0	oz=28.3|bird=3812
171081	Turkey, whole, meat and skin, raw	144	21.64	0.14	0.07	5.64	0	oz=28.2|bird=5002
172870	Turkey, whole, meat and skin, with added solution, raw	159	19.03	0.15	0.08	9.1	0	oz=28.2|bird=5717
172871	Turkey, whole, meat and skin, with added solution, roasted	176	26.09	0	0	8.01	0	oz=28.3|bird=4147|lb=453
171481	Turkey, whole, meat only, cooked, roasted	159	29.06	0	0	3.84	0	oz=28.3|bird=3812
171480	Turkey, whole, meat only, raw	115	22.64	0.14	0.07	1.93	0	oz=28.2|bird=5002
172868	Turkey, whole, meat only, with added solution, raw	106	20.87	0.14	0.06	2.39	0	oz=28.2|bird=5717
172869	Turkey, whole, meat only, with added solution, roasted	140	26.61	0	0	3.7	0	oz=28.3|bird=4147
171087	Turkey, whole, neck, meat only, cooked, simmered	162	22.48	0	0	7.36	0	oz=28.3
171086	Turkey, whole, neck, meat only, raw	125	16.51	0	0	6.04	0	oz=28.4|lb=453
171482	Turkey, whole, skin (light and dark), raw	407	12.96	0.16	0.1	38.93	0	oz=28.2|lb=453
171082	Turkey, whole, skin (light and dark), roasted	459	23.94	0.57	0	39.31	0	oz=28.3
171498	Turkey, whole, wing, meat only, cooked, roasted	147	30.13	0	0	2.08	0	oz=28.3|wing=213
171497	Turkey, whole, wing, meat only, raw	115	23.66	0.14	0.05	1.48	0	oz=28.2|wing=346
171526	Turkey, wing, from whole bird, meat only, with added solution, raw	102	21.54	0.14	0.05	1.66	0	oz=28.3|wing=358
171527	Turkey, wing, from whole bird, meat only, with added solution, roasted	127	26.97	0	0	2.08	0	oz=28.3|wing=219
167709	Turkey, wing, smoked, cooked, with skin, bone removed	221	27.4	0	0	12.41	0	oz with bone, cooked (yield after bone removed)=28.3|cubic inch, boneless=17
171499	Turkey, young hen, skin only, cooked, roasted	482	19.03	0		44.45	0	unit (yield from 1 lb ready-to-cook turkey)=31|turkey, skin only=392
170141	Turnip greens and turnips, frozen, cooked, boiled, drained, with salt	34	2.99	4.74	0.95	0.38	3.1	cup=163|cup=172
170062	Turnip greens and turnips, frozen, cooked, boiled, drained, without salt	35	2.99	4.85	1.07	0.38	3.1	cup=163
170470	Turnip greens and turnips, frozen, unprepared	21	2.46	3.39		0.19	2.4	package (10 oz)=287.9|package (10 oz)=284|package (3 lb)=1361
168119	Turnip greens, canned, no salt added	19	1.36	2.81	0.42	0.3	1.3	cup=144
170467	Turnip greens, canned, solids and liquids	14	1.36	2.42		0.3	1.7	cup=234|can, 15 oz (303 x 406)=425
170139	Turnip greens, cooked, boiled, drained, with salt	20	1.14	4.36	0.53	0.23	3.5	cup, chopped=144
170466	Turnip greens, cooked, boiled, drained, without salt	20	1.14	4.36	0.53	0.23	3.5	cup, chopped=144
170140	Turnip greens, frozen, cooked, boiled, drained, with salt	29	3.35	4.98	0.75	0.42	3.4	cup=164|package (10 oz) yields=220
170469	Turnip greens, frozen, cooked, boiled, drained, without salt	29	3.35	4.98	0.75	0.42	3.4	cup=164|package (10 oz) yields=220
170468	Turnip greens, frozen, unprepared	22	2.47	3.67		0.31	2.5	cup, chopped or diced=164|package (10 oz)=284
170061	Turnip greens, raw	32	1.5	7.13	0.81	0.3	3.2	cup, chopped=55
170547	Turnips, cooked, boiled, drained, with salt	22	0.71	5.06	2.99	0.08	2	cup, cubes=156|cup, mashed=230
170058	Turnips, cooked, boiled, drained, without salt	22	0.71	5.06	2.99	0.08	2	cup, cubes=156|cup, mashed=230
170548	Turnips, frozen, cooked, boiled, drained, with salt	21	1.53	3.73	1.73	0.24	2	cup=156
170060	Turnips, frozen, cooked, boiled, drained, without salt	23	1.53	4.35	2.35	0.24	2	cup=156
170059	Turnips, frozen, unprepared	16	1.04	2.94		0.16	1.8	package, mashed (10 oz)=284.8|package, mashed (10 oz)=284
170465	Turnips, raw	28	0.9	6.43	3.8	0.1	1.8	cup, cubes=130|large=183|medium=122|slice=15|small=61|cup, cubes=130
169775	Turnover, cheese-filled, tomato-based sauce, frozen, unprepared	235	10.24	27.29	7.87	9.45	1.6	serving 4.5 oz=127
169780	Turnover, chicken- or turkey-, and vegetable-filled, reduced fat, frozen	168	7.87	21.74	3.94	5.51	3.1	piece turnover 1 serving=127
168963	Turnover, filled with egg, meat and cheese, frozen	228	7.87	20.67	7.87	12.6	0.8	piece turnover 1 serving=127
168962	Turnover, meat- and cheese-filled, tomato-based sauce, reduced fat, frozen	215	9.45	31.89	3.94	5.51	0.8	piece turnover 1 serving=127
167745	Turtle, green, raw	89	19.8	0	0	0.5	0	oz=28.3
168010	Udi's, Gluten Free, Classic French Dinner Rolls	310	7.99	55.1	9.53	6.4	3.6	roll=36
167598	Udi's, Gluten Free, Soft & Delicious White Sandwich Bread	298	5.4	51.15	11.3	8.02	5.5	slice=28
167599	Udi's, Gluten Free, Soft & Hearty Whole Grain Bread	309	7.25	49.09	9.81	9.34	4.9	slice=25
167600	Udi's, Gluten Free, Whole Grain Dinner Rolls	329	11.8	44.29	4.2	11.6	11.2	roll=44
167601	Van's, Gluten Free, Totally Original Pancakes	215	3.31	40.32	4.06	4.55	1.5	pancake=48|box=352
168011	Van's, Gluten Free, Totally Original Waffles	248	2.99	40.54	1.73	8.22		waffle=47|box=255
168012	Van's, The Perfect 10, Crispy Six Whole Grain + Four Seed Baked Crackers, Gluten Free	471	7.63	67.57		18.93		crackers=2.8
173471	Vanilla extract	288	0.06	12.65	12.65	0.06	0	tsp=4.2|tbsp=13|cup=208
172235	Vanilla extract, imitation, alcohol	237	0.05	2.41		0	0	tsp=4.2|tbsp=13
172236	Vanilla extract, imitation, no alcohol	56	0.03	14.4	14.4	0	0	tsp=4.2|tbsp=13
173850	Veal, Australian, rib, rib roast, separable lean and fat, raw	201	19.6	1.15	0	13.1	0	oz=28.2|roast with bone=325
172478	Veal, Australian, rib, rib roast, separable lean only, raw	134	21.7	1.4	0	4.63	0	oz=28.2|roast with bone=325
173849	Veal, Australian, separable fat, raw	509	9.91	0	0	52.17	0	oz=28.2
174433	Veal, Australian, shank, fore, bone-in, separable lean and fat, raw	145	19.58	0	0	7.42	0	oz=28.2|roast with bone=235
174432	Veal, Australian, shank, fore, bone-in, separable lean only, raw	123	20.18	0	0	4.65	0	oz=28.2|roast with bone=235
172607	Veal, Australian, shank, hind, bone-in, separable lean and fat, raw	144	19.78	0	0	7.2	0	oz=28.3|roast with bone=330
172606	Veal, Australian, shank, hind, bone-in, separable lean only, raw	122	20.37	0	0	4.47	0	oz=28.2|roast with bone=330
174394	Veal, breast, plate half, boneless, separable lean and fat, cooked, braised	282	25.93	0		18.95		oz=28.3|piece, cooked, excluding refuse (yield from 1 lb raw meat with refuse)=291
174395	Veal, breast, point half, boneless, separable lean and fat, cooked, braised	248	28.23	0		14.16		oz=28.3|piece, cooked, excluding refuse (yield from 1 lb raw meat with refuse)=274
172567	Veal, breast, separable fat, cooked	521	9.4	0		53.35	0	oz=28.4
174393	Veal, breast, whole, boneless, separable lean and fat, cooked, braised	266	26.97	0		16.77		oz=28.3|piece, cooked, excluding refuse (yield from 1 lb raw meat with refuse)=283
174392	Veal, breast, whole, boneless, separable lean and fat, raw	208	17.47	0		14.75		oz=28.4|lb=453.6
174396	Veal, breast, whole, boneless, separable lean only, cooked, braised	218	30.32	0		9.8		oz=28.3|piece, cooked, excluding refuse (yield from 1 lb raw meat with refuse)=237
175267	Veal, composite of trimmed retail cuts, separable fat, cooked	642	9.42	0		66.74	0	oz=28.3|unit, cooked (yield from 1 lb raw meat)=290
175266	Veal, composite of trimmed retail cuts, separable fat, raw	638	6.02	0		67.83	0	oz=28.4|lb=453.6
173816	Veal, composite of trimmed retail cuts, separable lean and fat, cooked	231	30.1	0	0	11.39	0	oz=28.3|piece, cooked, excluding refuse (yield from 1 lb raw meat with refuse)=209
173815	Veal, composite of trimmed retail cuts, separable lean and fat, raw	144	19.35	0		6.77	0	oz=28.4|lb=453.6
175265	Veal, composite of trimmed retail cuts, separable lean only, cooked	196	31.9	0	0	6.58	0	oz=28.3|piece, cooked, excluding refuse (yield from 1 lb raw meat with refuse)=192
173817	Veal, composite of trimmed retail cuts, separable lean only, raw	112	20.2	0		2.87	0	oz=28.4|lb=453.6
175289	Veal, cubed for stew (leg and shoulder), separable lean only, cooked, braised	188	34.94	0		4.31	0	oz=28.3|unit, cooked (yield from 1 lb raw meat)=263
173843	Veal, cubed for stew (leg and shoulder), separable lean only, raw	109	20.27	0		2.5	0	oz=28.4|lb=453.6
174883	Veal, external fat only, cooked	540	15.28	0	0	53.23	0	oz=28.3
174882	Veal, external fat only, raw	503	8.85	0.89	0	51.6	0	oz=28.2
172649	Veal, foreshank, osso buco, separable lean and fat, cooked, braised	182	27.94	0.11	0	7.77	0	oz=28.3|shank cross cut=187
172646	Veal, foreshank, osso buco, separable lean only, cooked, braised	157	29.12	0	0	4.51	0	oz=28.3|shank cross cut=187
175291	Veal, ground, cooked, broiled	172	24.38	0	0	7.56	0	oz=28.3|unit, cooked (yield from 1 lb raw meat)=299
174879	Veal, ground, cooked, pan-fried	215	25.83	1.51	0	11.78	0	oz=28.3
175290	Veal, ground, raw	197	18.58	0	0	13.06	0	oz=28.3|oz=28.4|oz=28.2
173818	Veal, leg (top round), separable lean and fat, cooked, braised	211	36.16	0	0	6.33	0	oz=28.3|unit, cooked (yield from 1 lb raw meat)=272
173819	Veal, leg (top round), separable lean and fat, cooked, pan-fried, breaded	238	27.29	9.91	0.57	9.18	0.3	oz=28.3|unit, cooked (yield from 1 lb raw meat)=295
173820	Veal, leg (top round), separable lean and fat, cooked, pan-fried, not breaded	211	31.75	0	0	8.35	0	oz=28.3|unit, cooked (yield from 1 lb raw meat)=304
173821	Veal, leg (top round), separable lean and fat, cooked, roasted	160	27.7	0	0	4.65	0	oz=28.3|unit, cooked (yield from 1 lb raw meat)=358
175268	Veal, leg (top round), separable lean and fat, raw	117	20.98	0	0	3.08	0	oz=28.2|lb=453.6
175270	Veal, leg (top round), separable lean only, cooked, braised	203	36.71	0		5.09	0	oz=28.3|piece, cooked, excluding refuse (yield from 1 lb raw meat with refuse)=267
175271	Veal, leg (top round), separable lean only, cooked, pan-fried, breaded	216	28.41	9.84	0.57	6.27	0.2	oz=28.3|unit, cooked (yield from 1 lb raw meat)=295
175272	Veal, leg (top round), separable lean only, cooked, pan-fried, not breaded	183	33.17	0	0	4.62	0	oz=28.3|piece, cooked, excluding refuse (yield from 1 lb raw meat with refuse)=289
173822	Veal, leg (top round), separable lean only, cooked, roasted	150	28.07	0		3.39	0	oz=28.3|piece, cooked, excluding refuse (yield from 1 lb raw meat with refuse)=351
175269	Veal, leg (top round), separable lean only, raw	107	21.28	0		1.76	0	oz=28.2|lb=453.6
174880	Veal, leg, top round, cap off, cutlet, boneless, cooked, grilled	151	31.89	0	0	2.63	0	oz=28.3|cutlet=44
172643	Veal, leg, top round, cap off, cutlet, boneless, raw	107	22.07	0	0	2.07	0	oz=28.2|cutlet=55|serving=113
172650	Veal, loin, chop, separable lean and fat, cooked, grilled	198	28.04	0.16	0	9.48	0	oz=28.3|chop=153
172644	Veal, loin, chop, separable lean only, cooked, grilled	159	29.75	0.07	0	4.44	0	oz=28.3|chop=153
173824	Veal, loin, separable lean and fat, cooked, braised	284	30.19	0	0	17.21	0	oz=28.3|chop, excluding refuse (yield from 1 raw chop, with refuse, weighing 195 g)=80
173825	Veal, loin, separable lean and fat, cooked, roasted	217	24.8	0	0	12.32	0	oz=28.3|piece, cooked, excluding refuse (yield from 1 lb raw meat with refuse)=229
173823	Veal, loin, separable lean and fat, raw	177	20.07	0.07	0	10.07	0	oz=28.2|roast=1495
175273	Veal, loin, separable lean only, cooked, braised	226	33.57	0	0	9.15	0	oz=28.3|chop, excluding refuse (yield from 1 raw chop, with refuse, weighing 195 g)=69
175274	Veal, loin, separable lean only, cooked, roasted	175	26.32	0	0	6.94	0	oz=28.3|piece, cooked, excluding refuse (yield from 1 lb raw meat with refuse)=208
173826	Veal, loin, separable lean only, raw	114	21.85	0	0	2.9	0	oz=28.2|roast=1495|oz=28.4
175276	Veal, rib, separable lean and fat, cooked, braised	251	32.43	0	0	12.53	0	oz=28.3|piece, cooked, excluding refuse (yield from 1 lb raw meat with refuse)=177
173827	Veal, rib, separable lean and fat, cooked, roasted	228	23.96	0		13.96	0	oz=28.3|piece, cooked, excluding refuse (yield from 1 lb raw meat with refuse)=240
175275	Veal, rib, separable lean and fat, raw	162	18.86	0		9.01	0	oz=28.4|lb=453.6
173829	Veal, rib, separable lean only, cooked, braised	218	34.44	0	0	7.81	0	oz=28.3|piece, cooked, excluding refuse (yield from 1 lb raw meat with refuse)=163
173830	Veal, rib, separable lean only, cooked, roasted	177	25.76	0		7.44	0	oz=28.3|piece, cooked, excluding refuse (yield from 1 lb raw meat with refuse)=215
173828	Veal, rib, separable lean only, raw	120	19.97	0		3.89	0	oz=28.4|lb=453.6
172647	Veal, seam fat only, cooked	505	11.16	2.11	0	50.17	0	oz=28.3
174884	Veal, seam fat only, raw	444	12.53	0	0	43.75	0	oz=28.2
172569	Veal, shank (fore and hind), separable lean and fat, cooked, braised	191	31.54	0		6.2		oz=28.3|piece, cooked, excluding refuse (yield from 1 lb raw meat with refuse)=194
172568	Veal, shank (fore and hind), separable lean and fat, raw	113	19.15	0		3.48		oz=28.4|lb=453.6
172571	Veal, shank (fore and hind), separable lean only, cooked, braised	177	32.22	0		4.33	0	oz=28.3|piece, cooked, excluding refuse (yield from 1 lb raw meat with refuse)=223
172570	Veal, shank (fore and hind), separable lean only, raw	108	19.28	0		2.83		oz=28.4|lb=453.6
172648	Veal, shank, separable lean and fat, raw	107	19.28	0	0	3.3	0	oz=28.2|serving=113|shank whole=1270
172645	Veal, shank, separable lean only, raw	94	19.77	0	0	1.64	0	oz=28.2|serving=113|shank whole=1270
173834	Veal, shoulder, arm, separable lean and fat, cooked, braised	236	33.63	0		10.24	0	oz=28.3|steak, excluding refuse (yield from 1 raw steak, with refuse, weighing 385 g)=173
175281	Veal, shoulder, arm, separable lean and fat, cooked, roasted	183	25.46	0		8.25	0	oz=28.3|piece, cooked, excluding refuse (yield from 1 lb raw meat with refuse)=283
173833	Veal, shoulder, arm, separable lean and fat, raw	132	19.34	0	0	5.44	0	oz=28.4|steak, excluding refuse (yield from 1 raw steak, with refuse, weighing 385 g)=304
175283	Veal, shoulder, arm, separable lean only, cooked, braised	201	35.73	0		5.33	0	oz=28.3|steak, excluding refuse (yield from 1 raw steak, with refuse, weighing 385 g)=160
175284	Veal, shoulder, arm, separable lean only, cooked, roasted	164	26.13	0		5.81	0	oz=28.3|piece, cooked, excluding refuse (yield from 1 lb raw meat with refuse)=272
175282	Veal, shoulder, arm, separable lean only, raw	105	20.04	0		2.16	0	oz=28.4|steak, excluding refuse (yield from 1 raw steak, with refuse, weighing 385 g)=289
172651	Veal, shoulder, blade chop, separable lean and fat, cooked, grilled	199	25.72	0.15	0	10.57	0	oz=28.3|chop=352
173835	Veal, shoulder, blade chop, separable lean and fat, raw	148	18.72	0.03	0	7.61	0	oz=28.2|chop=450
174881	Veal, shoulder, blade chop, separable lean only, cooked, grilled	159	27.33	0	0	5.53	0	oz=28.3|chop=352
173838	Veal, shoulder, blade chop, separable lean only, raw	110	19.6	0	0	2.88	0	oz=28.2|chop=450|oz=28.4
173836	Veal, shoulder, blade, separable lean and fat, cooked, braised	225	31.26	0	0	10.09	0	oz=28.3|piece, cooked, excluding refuse (yield from 1 lb raw meat with refuse)=186
173837	Veal, shoulder, blade, separable lean and fat, cooked, roasted	186	25.15	0		8.67	0	oz=28.3|piece, cooked, excluding refuse (yield from 1 lb raw meat with refuse)=244
173839	Veal, shoulder, blade, separable lean only, cooked, braised	198	32.66	0	0	6.48	0	oz=28.3|piece, cooked, excluding refuse (yield from 1 lb raw meat with refuse)=174
175285	Veal, shoulder, blade, separable lean only, cooked, roasted	171	25.64	0		6.88	0	oz=28.3|piece, cooked, excluding refuse (yield from 1 lb raw meat with refuse)=236
175278	Veal, shoulder, whole (arm and blade), separable lean and fat, cooked, braised	228	32.06	0	0	10.14	0	oz=28.3|piece, cooked, excluding refuse (yield from 1 lb raw meat with refuse)=191
175279	Veal, shoulder, whole (arm and blade), separable lean and fat, cooked, roasted	184	25.32	0		8.42	0	oz=28.3|piece, cooked, excluding refuse (yield from 1 lb raw meat with refuse)=258
175277	Veal, shoulder, whole (arm and blade), separable lean and fat, raw	130	19.27	0	0	5.28	0	oz=28.4|lb=453.6
173831	Veal, shoulder, whole (arm and blade), separable lean only, cooked, braised	199	33.68	0		6.1	0	oz=28.3|piece, cooked, excluding refuse (yield from 1 lb raw meat with refuse)=182
173832	Veal, shoulder, whole (arm and blade), separable lean only, cooked, roasted	170	25.81	0		6.62	0	oz=28.3|piece, cooked, excluding refuse (yield from 1 lb raw meat with refuse)=251
175280	Veal, shoulder, whole (arm and blade), separable lean only, raw	112	19.79	0		3	0	oz=28.4|lb=453.6
175287	Veal, sirloin, separable lean and fat, cooked, braised	252	31.26	0		13.14	0	oz=28.3|piece, cooked, excluding refuse (yield from 1 lb raw meat with refuse)=205
175288	Veal, sirloin, separable lean and fat, cooked, roasted	202	25.14	0	0	10.45	0	oz=28.3|piece, cooked, excluding refuse (yield from 1 lb raw meat with refuse)=269
175286	Veal, sirloin, separable lean and fat, raw	152	19.07	0	0	7.81	0	oz=28.4|lb=453.6
173841	Veal, sirloin, separable lean only, cooked, braised	204	33.96	0		6.51	0	oz=28.3|piece, cooked, excluding refuse (yield from 1 lb raw meat with refuse)=183
173842	Veal, sirloin, separable lean only, cooked, roasted	168	26.32	0		6.22	0	oz=28.3|piece, cooked, excluding refuse (yield from 1 lb raw meat with refuse)=251
173840	Veal, sirloin, separable lean only, raw	110	20.2	0		2.59	0	oz=28.4|lb=453.6
174352	Veal, variety meats and by-products, brain, cooked, braised	136	11.48	0		9.63	0	oz=28.3|unit, cooked (yield from 1 lb raw meat)=339
174353	Veal, variety meats and by-products, brain, cooked, pan-fried	213	14.48	0		16.75	0	oz=28.3|unit, cooked (yield from 1 lb raw meat)=330
174351	Veal, variety meats and by-products, brain, raw	118	10.32	0		8.21	0	oz=28.4|oz=28.2
172530	Veal, variety meats and by-products, heart, cooked, braised	186	29.12	0.13		6.75	0	oz=28.3|unit, cooked (yield from 1 lb raw meat)=198
172529	Veal, variety meats and by-products, heart, raw	110	17.18	0.08		3.98	0	oz=28.4|oz=28.2
174357	Veal, variety meats and by-products, kidneys, cooked, braised	163	26.32	0		5.66	0	oz=28.3|unit, cooked (yield from 1 lb raw meat)=184
174356	Veal, variety meats and by-products, kidneys, raw	99	15.76	0.85		3.12	0	oz=28.4|oz=28.2
172535	Veal, variety meats and by-products, liver, cooked, braised	192	28.42	3.77	0	6.26	0	oz=28.3|slice=80
174358	Veal, variety meats and by-products, liver, cooked, pan-fried	193	27.37	4.47	0	6.51	0	oz=28.3|slice=67
172534	Veal, variety meats and by-products, liver, raw	140	19.93	2.91	0	4.85	0	oz=28.2|lb=453
172536	Veal, variety meats and by-products, lungs, cooked, braised	104	18.74	0		2.64	0	oz=28.3|unit, cooked (yield from 1 lb raw meat)=300
174361	Veal, variety meats and by-products, lungs, raw	90	16.3	0		2.3	0	oz=28.4|oz=28.2
174363	Veal, variety meats and by-products, pancreas, cooked, braised	256	29.1	0		14.6	0	oz=28.3|unit, cooked (yield from 1 lb raw meat)=240
174362	Veal, variety meats and by-products, pancreas, raw	182	15	0		13.1	0	oz=28.4|oz=28.2
172541	Veal, variety meats and by-products, spleen, cooked, braised	129	24.08	0		2.89	0	oz=28.3|unit, cooked (yield from 1 lb raw meat)=345
172540	Veal, variety meats and by-products, spleen, raw	98	18.3	0		2.2	0	oz=28.4|oz=28.2
172543	Veal, variety meats and by-products, thymus, cooked, braised	125	22.67	0	0	3.11	0	oz=28.3
172542	Veal, variety meats and by-products, thymus, raw	101	17.21	0	0	3.07	0	oz=28.4|oz=28.2
174369	Veal, variety meats and by-products, tongue, cooked, braised	202	25.85	0		10.1	0	oz=28.3|unit, cooked (yield from 1 lb raw meat)=255
174368	Veal, variety meats and by-products, tongue, raw	131	17.18	1.91		5.48	0	oz=28.4|oz=28.2
170063	Vegetable juice cocktail, canned	22	0.93	3.87	2.84	0.31	0.5	cup=253|fl oz=30.3
170473	Vegetable juice cocktail, low sodium, canned	19	0.91	3.83	2.78	0.32	0.5	cup=254|fl oz=30.3
169767	Vegetable juice, BOLTHOUSE FARMS, DAILY GREENS	31	0.49	8.13	5.37	0.04	1.9	cup=269
171422	Vegetable oil, palm kernel	862	0	0	0	100	0	tablespoon=13.6|cup=218|tbsp (1/8 cup)=13.5
167691	Vegetable oil-butter spread, reduced calorie	465	0	0	0	53	0	tbsp=13|cup=207
169085	Vegetables, mixed (corn, lima beans, peas, green beans, carrots) canned, no salt added	37	1.4	7.31	2.41	0.2	3.1	cup=182
170065	Vegetables, mixed, canned, drained solids	49	2.59	9.26	2.41	0.25	3	cup=163
170064	Vegetables, mixed, canned, solids and liquids	36	1.42	7.13		0.25	3.8	cup=245
170142	Vegetables, mixed, frozen, cooked, boiled, drained, with salt	60	2.86	13.09	3.12	0.15	4.4	cup=182|package (10 oz) yields=275
170472	Vegetables, mixed, frozen, cooked, boiled, drained, without salt	65	2.86	13.09	3.12	0.15	4.4	cup=182|package (10 oz) yields=275
170471	Vegetables, mixed, frozen, unprepared	72	3.33	13.47		0.52	4	package (10 oz)=287.9|package (10 oz)=284|pack (2-1/2 lb)=1134
169068	Vegetarian fillets	290	23	9	0.8	18	6.1	fillet=85
169888	Vegetarian meatloaf or patties	197	21	8	1.2	9	4.6	slice=56
174287	Veggie burgers or soyburgers, unprepared	177	15.7	14.27	1.07	6.3	4.9	pattie=70
169884	Vermicelli, made from soy	331	0.1	82.32	17.44	0.1	3.9	cup=140
172241	Vinegar, balsamic	88	0.49	17.03	14.95	0		tbsp=16|cup=255|tsp=5.3
173469	Vinegar, cider	21	0	0.93	0.4	0	0	tbsp=14.9|cup=239|tsp=5
172237	Vinegar, distilled	18	0	0.04	0.04	0	0	tbsp=14.9|cup=238|tsp=5
172240	Vinegar, red wine	19	0.04	0.27	0	0	0	tbsp=14.9|cup=239|tsp=5
170474	Vinespinach, (basella), raw	19	1.8	3.4		0.3		
168147	Vital wheat gluten	370	75.16	13.79	0	1.85	0.6	
175235	Vitasoy USA Azumaya, Extra Firm Tofu	88	10.07	1.53	0.5	4.6	0.9	package=395
175236	Vitasoy USA Azumaya, Firm Tofu	80	9.08	1.52	0.4	4.2	0.6	package=395
173786	Vitasoy USA Azumaya, Silken Tofu	43	4.82	0.58	0.2	2.4	0.2	package=455
173784	Vitasoy USA Nasoya, Lite Silken Tofu	43	8.21	0		1.1		package=455
175234	Vitasoy USA Organic Nasoya Sprouted, Tofu Plus Super Firm	115	13.24	2.16	1.1	5.9	1.2	oz=28.3
173783	Vitasoy USA Organic Nasoya, Soft Tofu	70	8.76	0.74	0.3	3.5	0.6	package=395
173785	Vitasoy USA Organic Nasoya, Tofu Plus Extra Firm	92	10.18	1.82	0.4	4.9	1	oz=28.3
175233	Vitasoy USA Organic Nasoya, Tofu Plus Firm	74	9.19	1.71	0.3	3.4	0.8	oz=28.3
172468	Vitasoy USA, Nasoya Lite Firm Tofu	54	8.3	1.3	0.2	1.7	0.6	package=395
173762	Vitasoy USA, Organic Nasoya Extra Firm Tofu	98	10.1	2.6	0.4	5.2	1.3	package=395
173763	Vitasoy USA, Organic Nasoya Firm Tofu	84	8.9	2.3	0.3	4.4	0.8	package=395
173764	Vitasoy USA, Organic Nasoya Silken Tofu	47	4.8	1.4	0.2	2.5	0.3	package=455
174297	Vitasoy USA, Organic Nasoya Super Firm Cubed Tofu	118	12.4	2.8	0.6	6.3	2	package=395
175214	Vitasoy USA, Vitasoy Light Vanilla Soymilk	30	1.6	4.1	2.9	0.82	0.1	cup=243|serving=243
175213	Vitasoy USA, Vitasoy Organic Classic Original Soymilk	47	3.2	4.5	2	1.8	0.4	cup=243|serving=243
175212	Vitasoy USA, Vitasoy Organic Creamy Original Soymilk	44	2.9	4.5	2	1.6	0.4	cup=243|serving=243
167518	Waffle, buttermilk, frozen, ready-to-heat, microwaved	289	6.92	44.16	4.5	9.4	2.4	waffle=35
167517	Waffle, buttermilk, frozen, ready-to-heat, toasted	309	7.42	48.39	4.41	9.49	2.6	oz=28|waffle round (4" dia)=33
167519	Waffle, plain, frozen, ready-to-heat, microwave	298	6.71	45.41	5.04	9.91	2.4	waffle, round (4"dia)=32
167516	Waffles, buttermilk, frozen, ready-to-heat	273	6.58	41.05	4.3	9.22	2.2	waffle, square=39|waffle, round=38
167524	Waffles, chocolate chip, frozen, ready-to-heat	297	5.8	45.68	13.1	10.1	1.5	waffles=35
174105	Waffles, gluten-free, frozen, ready-to-heat	263	2.72	43.05	1.73	8.84	1.4	waffle=45|box=242
175048	Waffles, plain, frozen, ready -to-heat, toasted	312	7.19	49.29	5.02	9.61	2.4	oz=28.4|waffle, round (4" dia)=33|waffle, square (4" square)=33
175038	Waffles, plain, frozen, ready-to-heat	285	6.47	42.98	4.91	9.7	2.2	oz=28.4|waffle, square (4" square) (include frozen)=35
175039	Waffles, plain, prepared from recipe	291	7.9	32.9		14.1		oz=28.4|waffle, round (7" dia)=75
174085	Waffles, whole wheat, lowfat, frozen, ready-to-heat	257	7.14	49.16	4.29	3.57	4.3	serving 2 waffles=70
168031	Walrus, liver, raw (Alaska Native)	125	21	3.5		3		
168030	Walrus, meat and subcutaneous fat raw (Alaska Native)	282	16.3	0		24.1		
167621	Walrus, meat, dried (Alaska Native)	251	57	0		2.6		
168029	Walrus, meat, raw (Alaska Native)	199	19.2	0		13.6		
171831	Wasabi	292	2.23	46.13	13.2	10.9	6.1	tablespoon=20|teaspoon=6.5
168583	Wasabi, root, raw	109	4.8	23.54		0.63	7.8	cup, sliced=130|root=169
170132	Water convolvulus, cooked, boiled, drained, with salt	20	2.08	3.7		0.24	1.9	cup, chopped=98
169302	Water convolvulus, cooked, boiled, drained, without salt	20	2.08	3.7		0.24	1.9	cup, chopped=98
169301	Water convolvulus,raw	19	2.6	3.13		0.2	2.1	cup, chopped=56|shoot=13
174158	Water, bottled, generic	0	0	0	0	0	0	fl oz=29.6|cup=237|ml=1
173657	Water, bottled, non-carbonated, NAYA	0	0	0		0		fl oz=29.6
171926	Water, non-carbonated, bottles, natural fruit flavors, sweetened with low calorie sweetener	1	0	0.13	0	0	0	fl oz=29.6|serving (8 fl oz)=237|ml=1.1
171940	Water, with corn syrup and/or sugar and low calorie sweetener, fruit flavored	18	0	4.5	4.5	0	0	pouch=200
170066	Waterchestnuts, chinese, (matai), raw	97	1.4	23.94	4.8	0.1	3	cup slices=124|waterchestnuts=9
170067	Waterchestnuts, chinese, canned, solids and liquids	50	0.88	12.3	2.46	0.06	2.5	cup slices=140|waterchestnuts=7
170068	Watercress, raw	11	2.3	1.29	0.2	0.1	0.5	cup, chopped=34|sprig=2.5|sprigs=2.5
167765	Watermelon, raw	30	0.61	7.55	6.2	0.15	0.4	cup, balls=154|cup, diced=152|melon (15" long x 7-1/2" dia)=4518|wedge (approx 1/16 of melon)=286|watermelon balls=12.2|NLEA serving=280
170549	Waxgourd, (chinese preserving melon), cooked, boiled, drained, with salt	11	0.4	2.45	1.18	0.2	1	cup, cubes=175
170475	Waxgourd, (chinese preserving melon), cooked, boiled, drained, without salt	14	0.4	3.04	1.18	0.2	1	cup, cubes=175
170069	Waxgourd, (chinese preserving melon), raw	13	0.4	3		0.2	2.9	cup, cubes=132|waxgourd=5700
170770	WEND'YS, Crispy Chicken Sandwich	278	11.72	26.36	3.13	13.93		sandwich=126
170725	WENDY'S, Chicken Nuggets	326	16.46	14.31	0.08	22.55		pieces=13.6|pieces=14.2
170325	WENDY'S, CLASSIC DOUBLE, with cheese	241	16.52	11.71		14.2	1.1	item=310
170722	WENDY'S, CLASSIC SINGLE Hamburger, no cheese	213	12.63	16.82		10.6	1.3	item=218
170322	WENDY'S, CLASSIC SINGLE Hamburger, with cheese	221	14.87	14.2		11.6	1.4	item=236
170772	WENDY'S, DAVE'S Hot 'N Juicy 1/4 LB, single	268	13.69	17.73	4.5	15.8	1.1	sandwich=215
170784	WENDY'S, Double Stack, with cheese	285	18.53	15.35	3.87	16.6		sandwich=146
170726	WENDY'S, french fries	301	3.73	39.73	0.4	14.1	4	kid's meal Serving=71|small Serving=113|medium Serving=142|large Serving=184
170326	WENDY'S, Frosty Dairy Dessert	132	3.49	23.62		2.6	3.3	junior 6 oz. cup=113|small 12 oz. cup=227|medium 16 oz. cup=298
170723	WENDY'S, Homestyle Chicken Fillet Sandwich	214	13.78	21.55		8.1	1.3	item=230
170324	WENDY'S, Jr. Hamburger, with cheese	256	13.06	24.97		11.5	1.4	item=129
170323	WENDY'S, Jr. Hamburger, without cheese	243	12.62	28.45		8.75	1.7	item=117
170724	WENDY'S, Ultimate Chicken Grill Sandwich	179	14.73	18.88		5	1.1	item=225
169796	Whale, beluga, eyes (Alaska Native)	291	19.6	0	0	23.3	0	
168979	Whale, beluga, flipper, raw (Alaska Native)	271	19	0	0	21.7	0	
168980	Whale, beluga, liver, raw (Alaska Native)	117	18.4	2		3.9		
169795	Whale, beluga, meat, dried (Alaska Native)	327	69.86	0	0	5.34	0	strip=45
169797	Whale, beluga, meat, raw (Alaska Native)	111	26.5	0	0	0.5	0	
167624	Whale, bowhead, skin and subcutaneous fat (muktuk) (Alaska Native)	465	12.6	0		46.1		
167623	Whale, bowhead, subcutaneous fat (blubber) (Alaska Native)	870	0.4	0		96.5		
169722	Wheat bran, crude	216	15.55	64.51	0.41	4.25	42.8	cup=58
172018	Wheat flour, white (industrial), 10% protein, bleached, enriched	366	9.71	76.22	0.49	1.48	2.4	
172019	Wheat flour, white (industrial), 10% protein, bleached, unenriched	366	9.71	76.22	0.49	1.48	2.4	
168938	Wheat flour, white (industrial), 10% protein, unbleached, enriched	366	9.71	76.22	0.49	1.48	2.4	
168939	Wheat flour, white (industrial), 11.5% protein, bleached, enriched	363	11.5	73.81	1.12	1.45	2.4	
168940	Wheat flour, white (industrial), 11.5% protein, bleached, unenriched	363	11.5	73.81	1.12	1.45	2.4	
168941	Wheat flour, white (industrial), 11.5% protein, unbleached, enriched	363	11.5	73.81	1.12	1.45	2.4	
168942	Wheat flour, white (industrial), 13% protein, bleached, enriched	362	13.07	72.2	1.1	1.38	2.4	
172020	Wheat flour, white (industrial), 13% protein, bleached, unenriched	362	13.07	72.2	1.1	1.38	2.4	
172021	Wheat flour, white (industrial), 15% protein, bleached, enriched	362	15.33	69.88	0.92	1.41	2.4	
172022	Wheat flour, white (industrial), 15% protein, bleached, unenriched	362	15.33	69.88	0.92	1.41	2.4	
172016	Wheat flour, white (industrial), 9% protein, bleached, enriched	367	8.89	77.32	0.54	1.43		
172017	Wheat flour, white (industrial), 9% protein, bleached, unenriched	367	8.89	77.32	0.54	1.43	2.4	
168894	Wheat flour, white, all-purpose, enriched, bleached	364	10.33	76.31	0.27	0.98	2.7	cup=125
169754	Wheat flour, white, all-purpose, enriched, calcium-fortified	364	10.33	76.31		0.98	2.7	cup=125
168936	Wheat flour, white, all-purpose, enriched, unbleached	364	10.33	76.31	0.27	0.98	2.7	cup=125
168895	Wheat flour, white, all-purpose, self-rising, enriched	354	9.89	74.22	0.22	0.97	2.7	cup=125
169761	Wheat flour, white, all-purpose, unenriched	364	10.33	76.31	0.27	0.98	2.7	cup=125
168896	Wheat flour, white, bread, enriched	361	11.98	72.53	0.31	1.66	2.4	cup=137
169723	Wheat flour, white, cake, enriched	362	8.2	78.03	0.31	0.86	1.7	cup unsifted, dipped=137
169724	Wheat flour, white, tortilla mix, enriched	405	9.66	67.14		10.63		cup=111
168893	Wheat flour, whole-grain (Includes foods for USDA's Food Distribution Program)	340	13.21	71.97	0.41	2.5	10.7	cup=120
168944	Wheat flour, whole-grain, soft wheat	332	9.61	74.48	1.02	1.95	13.1	
168913	Wheat flours, bread, unenriched	361	11.98	72.53	0.31	1.66	2.4	cup unsifted, dipped=137
168892	Wheat germ, crude	360	23.15	51.8		9.72	13.2	cup=115
169721	Wheat, durum	339	13.68	71.13		2.47		cup=192
168889	Wheat, hard red spring	329	15.4	68.03	0.41	1.92	12.2	cup=192
168890	Wheat, hard red winter	327	12.61	71.18	0.41	1.54	12.2	cup=192
169719	Wheat, hard white	342	11.31	75.9	0.41	1.71	12.2	cup=192
169744	Wheat, KAMUT khorasan, cooked	132	5.71	27.6	3.07	0.83	4.3	cup=172
169743	Wheat, KAMUT khorasan, uncooked	337	14.54	70.58	7.84	2.13	11.1	cup=186
168891	Wheat, soft red winter	331	10.35	74.24	0.41	1.56	12.5	cup=168
169720	Wheat, soft white	340	10.69	75.36	0.41	1.99	12.7	cup=168
169725	Wheat, sprouted	198	7.49	42.53		1.27	1.1	cup=108
171281	Whey, acid, dried	339	11.73	73.45	73.45	0.54	0	cup=57|tbsp=2.9
170885	Whey, acid, fluid	24	0.76	5.12	5.12	0.09	0	cup=246|quart=984
171283	Whey, sweet, dried	353	12.93	74.46	74.46	1.07	0	cup=145|tbsp=7.5
171282	Whey, sweet, fluid	27	0.85	5.14	5.14	0.36	0	cup=246|quart=984
169899	Whipped cream substitute, dietetic, made from powdered mix	100	0.9	10.6	10.6	6	0	cup=80
167687	Whipped topping, frozen, low fat	224	3	23.6	23.6	13.1	0	cup=75
173661	Whiskey sour mix, bottled, with added potassium and sodium	84	0.1	21.4		0.1	0	fl oz=32.3
168897	Wild rice, cooked	101	3.99	21.34	0.73	0.34	1.8	cup=164
169726	Wild rice, raw	357	14.73	74.9	2.5	1.08	6.2	cup=160
168035	Willow, leaves in oil (Alaska Native)	592	2.6	8.1		61		
168036	Willow, young leaves, chopped (Alaska Native)	122	6.1	20.7		1.6		
170478	Winged bean leaves, raw	74	5.85	14.1		1.1		
170070	Winged bean tuber, raw	148	11.6	28.1		0.9		
170550	Winged bean, immature seeds, cooked, boiled, drained, with salt	37	5.31	3.21		0.66		cup=62|cup=62
170477	Winged beans, immature seeds, cooked, boiled, drained, without salt	38	5.31	3.21		0.66		cup=62
170476	Winged beans, immature seeds, raw	49	6.95	4.31		0.87		cup slices=44|pod=16
172477	Winged beans, mature seeds, cooked, boiled, with salt	147	10.62	14.94		5.84		cup=172
172453	Winged beans, mature seeds, cooked, boiled, without salt	147	10.62	14.94		5.84		cup=172
174283	Winged beans, mature seeds, raw	409	29.65	41.71		16.32	25.9	cup=182
169826	Wocas, dried seeds, Oregon, yellow pond lily (Klamath)	361	7.9	80.02	0.43	1.07	19.2	oz=28.4
169005	Wocas, tuber, cooked, Oregon, yellow pond lily (Klamath)	34	0.69	7.06	0	0.35	2.3	oz=28.4
172802	Wonton wrappers (includes egg roll wrappers)	291	9.8	57.9		1.5	1.8	oz=28.4|wrapper, eggroll (7" square)=32|wrapper, wonton (3-1/2" square)=8
172960	Yachtwurst, with pistachio nuts, cooked	268	14.8	1.4	0	22.6	0	serving 2 oz=56
170551	Yam, cooked, boiled, drained, or baked, with salt	114	1.49	26.99	0.49	0.14	3.9	cup, cubes=136|cup, cubes=136
170072	Yam, cooked, boiled, drained, or baked, without salt	116	1.49	27.48	0.49	0.14	3.9	cup, cubes=136|cup, cubes=136
170071	Yam, raw	118	1.53	27.88	0.5	0.17	4.1	cup, cubes=150
169358	Yambean (jicama), cooked, boiled, drained, with salt	36	0.72	8.23		0.09		
170074	Yambean (jicama), cooked, boiled, drained, without salt	38	0.72	8.82		0.09		
170073	Yambean (jicama), raw	38	0.72	8.82	1.8	0.09	4.9	cup slices=120|cup=130|large=1200|medium=659|slice=6|small=365
169359	Yardlong bean, cooked, boiled, drained, with salt	47	2.53	9.17		0.1		cup slices=104|pod=14
169223	Yardlong bean, cooked, boiled, drained, without salt	47	2.53	9.18		0.1		cup slices=104|pod=14
169222	Yardlong bean, raw	47	2.8	8.35		0.4		cup slices=91|pod=12
174306	Yardlong beans, mature seeds, cooked, boiled, with salt	118	8.29	21.09		0.45	3.8	cup=171
174282	Yardlong beans, mature seeds, cooked, boiled, without salt	118	8.29	21.09		0.45	3.8	cup=171
174281	Yardlong beans, mature seeds, raw	347	24.33	61.91		1.31	11	cup=167
169401	Yautia (tannier), raw	98	1.46	23.63		0.4	1.5	cup, sliced=135|root=305
167717	Yeast extract spread	185	23.88	20.42	1.6	0.9	6.5	tsp=6
168956	Yellow rice with seasoning, dry packet mix, unprepared	343	7.02	74.68	1.75	1.75	1.8	serving (2 oz)=57
170355	Yogurt parfait, lowfat, with fruit and granola	84	3.36	15.86	11.68	1.01	1.1	item=149
172208	Yogurt, chocolate, nonfat milk	112	3.53	23.53	14.97	0	1.2	container (6 oz)=170
172221	Yogurt, chocolate, nonfat milk, fortified with vitamin D	112	3.53	23.53	14.97	0	1.2	container (6 oz)=170
173464	Yogurt, frozen, flavors not chocolate, nonfat milk, with low-calorie sweetener	104	4.4	19.7	12.61	0.8	2	cup=136
170908	Yogurt, frozen, flavors other than chocolate, lowfat	139	8	21	21	2.5	0	
169898	Yogurt, fruit variety, nonfat	95	4.4	19	19	0.2	0	container (6 oz)=170|container (4.4 oz)=125|cup (8 fl oz)=245|container (8 oz)=227
173458	Yogurt, fruit variety, nonfat, fortified with vitamin D	95	4.4	19	19	0.2	0	container (6 oz)=170|container (4.4 oz)=125|cup (8 fl oz)=245|container (8 oz)=227
171285	Yogurt, fruit, low fat, 10 grams protein per 8 ounce	102	4.37	19.05	19.05	1.08	0	container (6 oz)=170|cup (8 fl oz)=245|container (8 oz)=227|container, Dannon Sprinkl'ins (4.1 oz)=116|container (4 oz)=226
173457	Yogurt, fruit, low fat, 10 grams protein per 8 ounce, fortified with vitamin D	102	4.37	19.05	19.05	1.08	0	container (6 oz)=170|cup (8 fl oz)=245|container (8 oz)=227|container, Dannon Sprinkl'ins (4.1 oz)=116|container (4 oz)=226
171286	Yogurt, fruit, low fat, 11g protein/8 oz	105	4.86	18.6		1.41	0	container (6 oz)=170|container (4 oz)=226|container (8 oz)=227
173456	Yogurt, fruit, low fat, 9 grams protein per 8 ounce, fortified with vitamin D	99	3.98	18.64	18.64	1.15	0	container (6 oz)=170|container (4.4 oz)=125|container (5 oz)=142|cup (8 fl oz)=245|container (8 oz)=227|container (4 oz)=226
170889	Yogurt, fruit, low fat,9 g protein/8 oz	99	3.98	18.64	18.64	1.15	0	container (6 oz)=170|container (4.4 oz)=125|container (5 oz)=142|cup (8 fl oz)=245|container (8 oz)=227|container (4 oz)=226
173451	Yogurt, fruit, lowfat, with low calorie sweetener	105	4.86	18.6	2.9	1.41	0	container (6 oz)=170|cup (8 fl oz)=245|container (8 oz)=227
172218	Yogurt, fruit, lowfat, with low calorie sweetener, fortified with vitamin D	105	4.86	18.6	2.9	1.41	0	container (6 oz)=170|cup (8 fl oz)=245|container (8 oz)=227
170864	Yogurt, Greek, 2% fat, apricot, CHOBANI	93	7.22	12.15		1.71	0.6	
173434	Yogurt, Greek, 2% fat, key lime blend, CHOBANI	92	7.75	11.91		1.47	0.5	
172199	Yogurt, Greek, 2% fat, mango, CHOBANI	93	7.64	11.84		1.69	0.5	
170909	Yogurt, Greek, 2% fat, pineapple, CHOBANI	94	7.05	12.27		1.82	0.7	
170912	Yogurt, Greek, 2% fat, strawberry banana, CHOBANI	88	8	10.24		1.71	0.7	
170891	Yogurt, Greek, 2% fat,mixed berry blend, CHOBANI	93	8.26	10.94		1.83	0.6	
171260	Yogurt, Greek, 2%fat, coconut blend, CHOBANI	92	8.11	11.04		1.71	0.5	
170914	Yogurt, Greek, Blueberry, CHOBANI	82	7.23	12.78	10.3	0.24	0.5	
170905	Yogurt, Greek, fruit, whole milk	106	7.33	12.29	12	3	0	
170916	Yogurt, Greek, nonfat, Fruit on Bottom, Blackberry, CHOBANI	95	7.54	15.43	14.93	0.37	0.4	
170913	Yogurt, Greek, nonfat, Fruit on Bottom, Pomegranate, CHOBANI	80	7.45	12.13		0.18	0.8	
170915	Yogurt, Greek, nonfat, Fruit on Bottom, Strawberry, CHOBANI	79	7.28	11.86	10.41	0.23	0.4	
171310	Yogurt, Greek, nonfat, lemon blend, CHOBANI	78	8.62	10.66		0.15	0.5	
171311	Yogurt, Greek, nonfat, peach, CHOBANI	80	7.76	11.9		0.11	0.7	
171312	Yogurt, Greek, nonfat, plain, CHOBANI	54	9.53	3.43		0.24	0.2	
171313	Yogurt, Greek, nonfat, raspberry, CHOBANI	81	7.65	11.98		0.22	0.5	
171299	Yogurt, Greek, nonfat, strawberry, DANNON OIKOS	84	8.03	12.53	11.63	0.22	0.4	oz=28.3
171296	Yogurt, Greek, nonfat, vanilla, CHOBANI	71	9.07	8.09	7.61	0.22	0.3	oz=28.3
171298	Yogurt, Greek, nonfat, vanilla, DANNON OIKOS	85	8.12	12.72	11.4	0.14	0.5	oz=28.3
170903	Yogurt, Greek, plain, lowfat	73	9.95	3.94	3.56	1.92	0	container (7 oz)=200
170894	Yogurt, Greek, plain, nonfat (Includes foods for USDA's Food Distribution Program)	59	10.19	3.6	3.24	0.39	0	container=170
171304	Yogurt, Greek, plain, whole milk	97	9	3.98	4	5	0	
171297	Yogurt, Greek, strawberry, DANNON OIKOS	106	8.25	11.67	11	2.92	1	oz=28.3
171300	Yogurt, Greek, strawberry, lowfat	105	8.17	12.29	11.23	2.57	1	container (5.3 oz)=150|cup (8 fl oz)=245|container (6 oz)=170|container (8 oz)=227|container, Dannon Sprinkl'ins (4.1 oz)=116
170901	Yogurt, Greek, strawberry, nonfat	82	8.05	12.07	11.27	0.15	0.6	container (5.3 oz)=150
170907	Yogurt, Greek, vanilla, lowfat	95	8.64	9.54	9.54	2.5	0	
170902	Yogurt, Greek, vanilla, nonfat	78	8.64	10.37	9.54	0.18	0.5	container (5.3 oz)=150
171309	Yogurt, Greek, whole, plain, CHOBANI	82	8.24	3.24		4.01	0.8	
170886	Yogurt, plain, low fat	63	5.25	7.04	7.04	1.55	0	container (6 oz)=170|container (8 oz)=227|container (4 oz)=226|cup (8 fl oz)=245
170887	Yogurt, plain, skim milk	56	5.73	7.68	7.68	0.18	0	container (6 oz)=170|container (8 oz)=227|cup (8 fl oz)=245
171284	Yogurt, plain, whole milk	61	3.47	4.66	4.66	3.25	0	container (6 oz)=170|container (8 oz)=227|container (4 oz)=226|cup (8 fl oz)=245
173463	Yogurt, vanilla flavor, lowfat milk, sweetened with low calorie sweetener	86	4.93	13.8	5.43	1.25	0	container=170
173445	Yogurt, vanilla or lemon flavor, nonfat milk, sweetened with low-calorie sweetener	43	3.86	7.5	7.5	0.18	0	container (6 oz)=170
172220	Yogurt, vanilla or lemon flavor, nonfat milk, sweetened with low-calorie sweetener, fortified with vitamin D	43	3.86	7.5	7.5	0.18	0	container (6 oz)=170
172219	Yogurt, vanilla, low fat, fortified with vitamin D	85	4.93	13.8	13.8	1.25	0	container (6 oz)=170|container (8 oz)=227|container (4 oz)=226|cup (8 fl oz)=245
170888	Yogurt, vanilla, low fat.	85	4.93	13.8	13.8	1.25	0	container (6 oz)=170|container (8 oz)=227|cup (8 fl oz)=245
170906	Yogurt, vanilla, non-fat	78	2.94	17.04	5.88	0	0	cup (8 fl oz)=245|container (8 oz)=227|container (4 oz)=226
173730	Yokan, prepared from adzuki beans and sugar	260	3.29	60.72		0.12		slice=14
171372	Zwieback	426	10.1	74.2	12.5	9.7	2.5	oz=28.4|piece=7|rusk=10|toast, Gerber Zwieback=7
